{"type":"FeatureCollection","features":[{"type":"Feature","geometry":{"type":"MultiLineString","coordinates":[[[106.78436279296875,47.82975208084835],[106.7376708984375,47.77256035513372],[106.688232421875,47.768868404242056],[106.6937255859375,47.698671535297166],[106.8145751953125,47.656137982226795]],[[101.07421875,41.865470122309375],[101.23626708984375,41.89205502378826],[101.40106201171875,41.98603585974726],[101.49993896484375,41.9942015603157],[101.53289794921875,42.02481360781778],[102.0794677734375,41.99624282178581],[102.2662353515625,41.95131994679696],[102.4200439453125,41.992160233376296],[102.56011962890625,41.97991089691237],[102.69195556640625,41.92475971933973],[102.7716064453125,41.85115059465235],[103.07647705078125,41.746725841769376],[103.36761474609375,41.51886045990477],[103.85101318359375,41.32113839523956],[104.12567138671875,41.27367811566259],[104.26025390625,41.19725651800891],[104.27947998046875,41.16831694107577],[104.271240234375,41.07935114946898],[104.326171875,40.97367726477833],[104.490966796875,40.84913799774759]],[[108.49273681640625,41.54764462357738],[108.446044921875,41.60517452129932],[108.45977783203125,41.64007838467893],[108.369140625,41.76516610331407],[108.13568115234375,41.93906275484858],[107.8143310546875,42.090070068683985],[107.7099609375,42.16951070521657],[107.67974853515625,42.24478535602799],[107.60833740234375,42.32200108060303]],[[111.983642578125,43.62017061618988],[112.1099853515625,43.48879760004999],[112.16217041015625,43.35114690203122],[112.3297119140625,43.24720337735977],[112.40386962890625,43.14709012452764],[112.6043701171875,42.81958071579592],[112.6318359375,42.70262285884388],[112.67578125,42.666280705649285]],[[112.5714111328125,41.24270715552137],[112.3077392578125,41.15797827873607],[112.2528076171875,41.037930622465296]],[[112.67578125,40.9259649395143],[112.60986328125,40.963307953073524],[112.598876953125,41.01721057822843],[112.56317138671875,41.03378713521863],[112.27203369140625,41.04414536431318],[112.10174560546875,40.9550113304862],[111.97540283203125,40.95086262813277],[111.9232177734375,40.91973905106221],[111.90399169921875,40.84706035607121]],[[111.8353271484375,40.89067715064627],[111.77490234375,40.84706035607121]],[[111.60736083984375,40.85329308567515],[111.5936279296875,40.84706035607121],[111.7034912109375,40.88860081193033],[111.873779296875,40.89898185395097],[112.08526611328125,40.88029480552825],[112.22259521484375,40.96123389519332],[112.33795166015625,40.98611828780412],[112.4560546875,40.9550113304862],[112.5384521484375,40.884447939035624],[112.67578125,40.86160247981027]],[[108.44329833984375,40.84706035607121],[108.24005126953125,40.91351257612757],[108.03131103515625,40.93634011692373],[107.65777587890625,40.90520969727359],[107.391357421875,40.84706035607121]],[[107.36114501953125,40.84706035607121],[107.14691162109375,40.93011520598304],[106.80633544921875,40.85121557428246]]]},"properties":{"kind":"highway","kind_detail":"motorway","source":"Protomaps / OpenStreetMap","source_zoom":5},"id":35184420995910},{"type":"Feature","geometry":{"type":"LineString","coordinates":[[111.92047119140625,40.896905775860006],[111.89849853515625,40.896905775860006]]},"properties":{"kind":"highway","kind_detail":"motorway_link","source":"Protomaps / OpenStreetMap","source_zoom":5},"id":35184498374920},{"type":"Feature","geometry":{"type":"MultiLineString","coordinates":[[[101.07421875,38.831149809348744],[101.14837646484375,38.78620445725866],[101.26373291015625,38.646908247760706],[101.35986328125,38.58682009612767],[101.39556884765625,38.490144432857534],[101.60980224609375,38.3954915329719],[101.744384765625,38.29855909225435],[102.02728271484375,38.225235239076824],[102.29644775390625,38.10430528370986],[102.42828369140625,38.03943889182176],[102.6287841796875,37.89219554724437],[102.73040771484375,37.731624870172965],[102.86224365234375,37.61423141542417],[102.88421630859375,37.54022177661216],[102.89520263671875,37.49447320172351],[102.8375244140625,37.42906945530332],[102.8704833984375,37.36579146999664],[102.84027099609375,37.339591851359174],[102.83203125,37.18657859524883],[103.12042236328125,37.024483950759645],[103.1451416015625,36.92793899776677],[103.20281982421875,36.85764758564406],[103.21380615234375,36.780692264862594],[103.3758544921875,36.600094165941144],[103.4033203125,36.436751611390264],[103.47198486328125,36.423492513472326],[103.49945068359375,36.37264499608118],[103.5845947265625,36.34389038251925]],[[103.51043701171875,39.00851330385612],[103.33465576171875,38.87606680031536],[103.2769775390625,38.74979935887856],[103.106689453125,38.55246141354152],[102.9364013671875,38.44283349859148],[102.91717529296875,38.354580326598324],[102.86224365234375,38.328729752789286],[102.76885986328125,38.16479533621134],[102.7386474609375,38.01347623104195],[102.755126953125,37.93336679250439],[102.68096923828125,37.835818618104156]],[[104.26849365234375,41.112468789180895],[104.326171875,40.97367726477833],[104.6337890625,40.726445705514465],[104.99359130859375,40.64313558331281],[105.06500244140625,40.5472002344105],[105.12542724609375,40.50753459933617],[105.25177001953125,40.486648520560834],[105.29571533203125,40.45530721213149],[105.5181884765625,40.4323142901375],[105.69671630859375,40.37375136672051],[106.15814208984375,40.39885600103787],[106.29547119140625,40.49291502689579],[106.5069580078125,40.730608477796636],[106.63055419921875,40.75557964275589],[106.80633544921875,40.85121557428246],[107.07275390625,40.9259649395143],[107.16064453125,40.92804010533237],[107.38037109375,40.842904877296746]],[[105.699462890625,39.38526381099774],[105.74615478515625,39.35766163717122],[105.90545654296875,39.355537941093814],[105.97686767578125,39.25777815028337],[106.0675048828125,39.259904815017535],[106.10321044921875,39.23225314171489]],[[106.28173828125,38.89530825492017],[106.3421630859375,38.869651824083576],[106.49871826171875,38.87820499706149]],[[106.1004638671875,39.22799807055236],[106.26800537109375,39.27266344858913],[106.31744384765625,39.31942523123951],[106.53167724609375,39.39163199379183],[106.59210205078125,39.45104033807323],[106.6278076171875,39.45528185347342],[106.71844482421875,39.39799959542145]],[[105.71044921875,38.86537485161165],[105.83404541015625,38.95940879245421],[105.9246826171875,39.12153746241924],[105.9686279296875,39.25777815028337],[105.963134765625,39.223742741391305]],[[106.0125732421875,38.356734124667156],[105.94390869140625,38.373962202630935],[105.93017578125,38.352426464461445],[105.897216796875,38.36104152859602],[105.88623046875,38.33519326105275],[105.83404541015625,38.33950194627457],[105.6939697265625,38.45789034424928],[105.6610107421875,38.546017331545244],[105.6610107421875,38.717661788100855],[105.6939697265625,38.80332983969899],[105.743408203125,38.833289356866885],[105.743408203125,38.86323626888358],[105.7159423828125,38.86751337001198]],[[106.3201904296875,38.57179019417367],[106.10595703125,38.58682009612767]],[[106.33941650390625,38.63403645291922],[106.39984130859375,38.54172095604039],[106.31195068359375,38.34596449365381],[106.23504638671875,38.311490912444526],[106.14166259765625,38.08917493772981],[106.16912841796875,37.974514992024595],[106.11419677734375,37.80110369060961],[106.08123779296875,37.51844023887861],[105.97686767578125,37.453057471390196],[105.8917236328125,37.35924242260127],[105.88623046875,37.32430451813815],[105.765380859375,37.2784238564537],[105.7159423828125,37.17563718436526]],[[106.2872314453125,38.399796630000935],[106.04827880859375,38.44498466889473]],[[106.26251220703125,38.328729752789286],[106.33392333984375,38.44498466889473],[106.3201904296875,38.57179019417367],[106.34490966796875,38.672644901540764],[106.44927978515625,38.79476766282312],[106.52618408203125,38.987167701352604],[106.7156982421875,39.193948213963665],[106.7156982421875,39.39375459224348],[106.82830810546875,39.419220736559566],[106.88873291015625,39.468004849193164],[106.885986328125,39.578173362125256],[106.85302734375,39.61415207700267],[106.87774658203125,39.68605343225988],[106.8255615234375,39.74943369178246],[106.80908203125,39.996059851694355],[106.88873291015625,40.12219064672337],[107.07275390625,40.29628651711715],[107.00958251953125,40.386304853509046],[107.09197998046875,40.5910138834559],[107.2210693359375,40.730608477796636],[107.41058349609375,40.86160247981027],[107.9351806640625,40.932190241465634],[108.24005126953125,40.91351257612757],[108.38287353515625,40.87821814104652],[108.5504150390625,40.78470081841746],[108.63555908203125,40.77430186363722],[108.709716796875,40.69105162801023],[108.85528564453125,40.636883126464085],[109.193115234375,40.655638740061164],[109.3963623046875,40.630630083991804],[109.8138427734375,40.71603763556806],[109.95941162109375,40.69105162801023],[110.04730224609375,40.597270634420255],[110.2532958984375,40.55346108330909],[110.56640625,40.60978237983301],[110.731201171875,40.59935608796519],[111.104736328125,40.730608477796636],[111.45355224609375,40.75766014997032],[111.68426513671875,40.884447939035624],[111.96441650390625,40.90105786688403],[112.08526611328125,40.88029480552825],[112.291259765625,40.984044946928094],[112.42584228515625,40.9674558732967],[112.5384521484375,40.884447939035624],[112.67578125,40.86160247981027]],[[106.5673828125,38.19933856598385],[106.5179443359375,38.17775096662561],[106.50421142578125,38.1345565770541],[106.46026611328125,38.10214399750345],[106.36688232421875,38.06322991452768],[106.3531494140625,38.024295124443995],[106.27349853515625,37.9593578107923]],[[106.27899169921875,37.96368875328558],[106.2652587890625,38.078365629967124],[106.3201904296875,38.14967752360809],[106.31744384765625,38.24465169609363],[106.36138916015625,38.31364599165795],[106.41632080078125,38.348118547988065]],[[105.90545654296875,37.92686760148135],[106.14990234375,37.92036783594351],[106.27899169921875,37.96152331396614],[106.3201904296875,37.87268533717655],[106.54266357421875,37.60552821745789],[106.556396484375,37.43997405227057],[106.53167724609375,37.250007517851444],[106.490478515625,37.16250539941102],[106.424560546875,37.11214575475152],[106.380615234375,36.98719701173415],[106.41357421875,36.87962060502676],[106.34490966796875,36.747687731900555],[106.35589599609375,36.68383870263706],[106.32293701171875,36.49418152677427],[106.402587890625,36.423492513472326],[106.41082763671875,36.363798554158635],[106.49322509765625,36.26199220445663],[106.48773193359375,36.213255233061844],[106.6058349609375,36.12678323326426],[106.644287109375,35.8801489648836],[106.710205078125,35.7866268846701],[106.7376708984375,35.66399091134812],[106.864013671875,35.56798045801209],[106.90521240234375,35.50316417759602],[106.88873291015625,35.46738105960408],[106.7706298828125,35.38681081644444],[106.7816162109375,35.27253175660236],[106.74041748046875,35.19625600786368],[106.6827392578125,35.160336728130346],[106.7486572265625,35.12440157992043],[106.78436279296875,35.02549815883259],[106.76788330078125,34.991753693504876],[106.8310546875,34.94448806230625],[106.82830810546875,34.91521472314689],[106.885986328125,34.89719516961729],[106.91070556640625,34.83860431863499],[106.99310302734375,34.79350603426752],[107.08648681640625,34.66032236481891],[107.21282958984375,34.62190760563037],[107.28424072265625,34.53597500508991],[107.3199462890625,34.43862840686651],[107.2979736328125,34.32302363048832],[107.1112060546875,34.29806835099082],[107.05352783203125,34.24813554589751],[106.9793701171875,34.24586516842102]],[[105.611572265625,37.39416407012379],[105.413818359375,37.46613860234406],[105.31219482421875,37.47921744485059],[104.9139404296875,37.431250501793585],[104.74365234375,37.45087706042972],[104.66400146484375,37.42252593456307],[104.425048828125,37.45087706042972],[104.28497314453125,37.42034463389753],[104.26300048828125,37.361425501905174],[104.10369873046875,37.23470197166817],[103.9306640625,37.215018845563236],[103.699951171875,37.32212035945177],[103.66424560546875,37.35050947036204],[103.64776611328125,37.42252593456307],[103.49395751953125,37.46177847961749],[103.20831298828125,37.627284302680124],[102.996826171875,37.644684587165884],[102.8704833984375,37.60987994374712]],[[106.556396484375,37.53586597792038],[106.23779296875,37.50318937824072],[106.09222412109375,37.45959832290545],[105.76812744140625,37.46831856835604]],[[105.91094970703125,36.89939091854292],[105.91644287109375,36.835668247244385],[105.88623046875,36.79389010047562],[105.79559326171875,36.78289206199065],[105.70770263671875,36.69705320010033],[105.64727783203125,36.59347887826918]],[[105.27374267578125,36.6574028957064],[105.41656494140625,36.67943336551777],[105.556640625,36.6045040426166],[105.6610107421875,36.58906837139911],[105.72967529296875,36.50522086338427],[105.82305908203125,36.50522086338427],[106.0565185546875,36.39475669987385],[106.094970703125,36.41023115104021]],[[105.37811279296875,37.47049847079873],[105.37261962890625,37.54675499755639]],[[104.820556640625,37.446516047833484],[104.98809814453125,37.568528265476075],[105.1116943359375,37.60117623656667],[105.29571533203125,37.58811876638322],[105.3753662109375,37.54893261064112],[105.58685302734375,37.57723579111111],[105.71044921875,37.62293359490087],[105.85052490234375,37.72293542866174],[105.875244140625,37.844494798834575],[105.91094970703125,37.89002800137122],[105.86700439453125,38.01996775874278],[105.9576416015625,38.18854556604563],[105.97412109375,38.32226566803644],[106.04827880859375,38.386880569847506],[106.05377197265625,38.490144432857534],[106.1114501953125,38.58896696823243],[106.11419677734375,38.642617906345265],[106.24603271484375,38.87179021382536],[106.2982177734375,38.92522904714053],[106.55914306640625,39.06611426153785],[106.58660888671875,39.10448880944048],[106.7047119140625,39.091699613104595],[106.7926025390625,39.168399988002875]],[[102.73590087890625,38.022131473537456],[102.5848388671875,38.01996775874278]],[[102.5628662109375,37.93120045933371],[102.59033203125,37.98966904403618],[102.55462646484375,38.169114135560875],[102.5079345703125,38.2640629683396],[102.51068115234375,38.36534867623902],[102.48321533203125,38.41271038284708],[102.4310302734375,38.45789034424928],[102.31842041015625,38.50089258896463],[102.20855712890625,38.46434231629166]],[[102.08221435546875,38.20581359813474],[102.161865234375,38.30071455572195],[102.1343994140625,38.41271038284708],[102.20855712890625,38.468643310360505]],[[102.425537109375,38.032949089165015],[102.19207763671875,37.89436302930203],[102.06573486328125,37.87702138607635],[102.008056640625,37.835818618104156],[101.964111328125,37.76202988573212]],[[101.91192626953125,37.28716518793857],[101.590576171875,37.43997405227057],[101.29669189453125,37.71641767847623],[101.07421875,37.85316995894978]],[[101.96685791015625,36.89499795802219],[101.99432373046875,36.87962060502676],[102.052001953125,36.89499795802219],[102.0904541015625,36.993778388725175],[102.271728515625,36.98719701173415],[102.32940673828125,37.03325468997237],[102.42279052734375,37.024483950759645],[102.4365234375,36.97403254941864],[102.50518798828125,36.93891618281859]],[[102.041015625,36.88840804313823],[102.03277587890625,36.82687474287728],[101.93389892578125,36.78729146682001],[101.87896728515625,36.59127365634204],[101.8597412109375,36.58245213849011]],[[101.71417236328125,36.91696023183306],[101.7333984375,36.98280911070616],[101.82403564453125,37.05298514989097],[101.7938232421875,37.13404537126446],[101.84600830078125,37.16250539941102],[101.8597412109375,37.23032838760386],[101.92291259765625,37.29809042443851],[102.008056640625,37.3024600747823]],[[101.07421875,37.07271048132944],[101.13189697265625,37.125286284966805],[101.2225341796875,37.15156050223665],[101.7279052734375,36.96964388918141]],[[101.44500732421875,36.6574028957064],[101.63726806640625,36.68163606561521],[101.76910400390625,36.66621584042748]],[[101.3983154296875,36.66841891894785],[101.282958984375,36.67943336551777],[101.24725341796875,36.595684037179055],[101.14837646484375,36.50963615733049],[101.14013671875,36.46105407505431],[101.107177734375,36.423492513472326],[101.07421875,36.423492513472326]],[[101.1126708984375,36.43012234551577],[101.195068359375,36.43896124085944],[101.14837646484375,36.47651531482943]],[[101.6180419921875,36.47872381162463],[101.63177490234375,36.52067329034796],[101.71142578125,36.558187766360675],[101.7718505859375,36.64197781470594],[101.7608642578125,36.86204269508728],[101.6729736328125,36.94989178681327]],[[102.08770751953125,35.84676087681139],[102.12615966796875,35.82449433864731],[102.249755859375,35.864569607449624],[102.381591796875,35.864569607449624],[102.54638671875,35.83117495624653],[102.55462646484375,35.724217616914146],[102.67547607421875,35.612650818756705],[102.6947021484375,35.628279555648845],[102.7166748046875,35.59031875398378],[102.80731201171875,35.56127775438456],[102.843017578125,35.57691652403861],[102.85675048828125,35.54116627999815],[102.93365478515625,35.52775582793653],[102.90069580078125,35.507635947037855],[103.018798828125,35.483038134069574],[103.0352783203125,35.45395828344931]],[[102.008056640625,35.48974737539362],[101.9696044921875,35.462907049749035],[101.96136474609375,35.38457160381763]],[[102.04376220703125,35.57915038479426],[102.07122802734375,35.64613722880243],[102.05474853515625,35.74205383068036],[102.08770751953125,35.869021165016946],[102.052001953125,35.92909271208457],[102.0465087890625,36.01356058518154],[101.953125,36.075742215627],[101.9970703125,36.16448788632064],[101.964111328125,36.24870331653197],[101.9970703125,36.30848550829367],[102.0025634765625,36.38591277287651],[102.08770751953125,36.49418152677427],[101.7498779296875,36.6441815868659]],[[102.25250244140625,36.12012758978146],[102.27447509765625,36.16892253622743],[102.2607421875,36.25313319699069],[102.3046875,36.31069878418269]],[[101.9970703125,36.51184370986246],[102.08770751953125,36.49418152677427]],[[102.030029296875,36.52508770278463],[101.98333740234375,36.51405119943165],[101.93115234375,36.54715598643371],[101.75811767578125,36.58465761247169],[101.69219970703125,36.63977397949658],[101.49444580078125,36.63757008123925],[101.35162353515625,36.675027776102]],[[102.425537109375,36.46547188679814],[102.37060546875,36.392545812446244],[102.26898193359375,36.32397712011263],[102.30194091796875,36.30848550829367]],[[102.799072265625,36.317338234886236],[102.72216796875,36.14231087352999],[102.777099609375,36.13565654678543],[102.7496337890625,35.98689628443792],[102.81280517578125,35.93576451385529],[102.821044921875,35.88905007936094],[102.7386474609375,35.84008157153468]],[[103.612060546875,36.47872381162463],[103.58184814453125,36.326189956186084],[103.58734130859375,36.1955251660701],[103.4307861328125,36.17779108329074],[103.35113525390625,36.14231087352999],[103.040771484375,36.23541216839979],[102.95562744140625,36.30184530368432],[102.6947021484375,36.357163062654365],[102.6727294921875,36.405810193726765],[102.5628662109375,36.44117080741499],[102.0684814453125,36.51405119943165]],[[103.6175537109375,36.48534892436142],[103.65875244140625,36.48314061639212],[103.6505126953125,36.436751611390264]],[[103.7933349609375,36.23541216839979],[103.9306640625,36.19774164407363],[104.0130615234375,36.14231087352999],[104.073486328125,36.03133177633187],[104.23828125,35.92909271208457],[104.2437744140625,35.89127520165914]],[[103.86474609375,36.084621296069315],[103.9141845703125,36.06908224732973],[104.05975341796875,35.93576451385529],[104.2437744140625,35.88682489453265],[104.34814453125,35.730906665200536],[104.43328857421875,35.706377408871774],[104.53765869140625,35.71752800693265],[104.68597412109375,35.49421989176048],[104.7930908203125,35.45172093634466],[104.8919677734375,35.45172093634466],[104.97161865234375,35.38681081644444],[105.01007080078125,35.303918565311704],[105.1116943359375,35.24786215739992],[105.1885986328125,35.23664622093196]],[[103.86749267578125,36.0779620797358],[103.8153076171875,36.12234620030519],[103.8153076171875,36.20660692859012],[103.79058837890625,36.23762751669997]],[[103.69171142578125,36.30627216957993],[103.7054443359375,36.408020703829834],[103.59283447265625,36.45000844447081],[103.5791015625,36.56701205642341],[103.5406494140625,36.6045040426166],[103.546142578125,36.69485094156225],[103.66424560546875,36.78289206199065],[103.699951171875,36.89280138293982],[103.95538330078125,36.96525497589677],[104.08721923828125,37.105574634377874],[104.11468505859375,37.23470197166817]],[[103.5955810546875,36.29077703961916],[103.68072509765625,36.304058768042964],[103.79058837890625,36.23762751669997],[103.853759765625,36.28856319836237],[103.9581298828125,36.30184530368432],[104.150390625,36.52067329034796],[104.31793212890625,36.560393933370676],[104.37286376953125,36.608913667193676],[104.4635009765625,36.63095800819413],[104.501953125,36.675027776102],[104.58160400390625,36.6992553955527],[104.6337890625,36.68824378744833],[104.71893310546875,36.74548692469868],[104.7930908203125,36.76309161490538],[104.79583740234375,36.87962060502676],[104.82330322265625,36.90597988519295],[105.0238037109375,36.94550173495345],[105.2874755859375,36.95647639022988],[105.50445556640625,37.070519031125826],[105.7049560546875,37.10338413422305],[105.73516845703125,37.127476151584446],[105.72967529296875,37.15374960842942],[105.68023681640625,37.263124083409195],[105.62530517578125,37.30682947124943],[105.611572265625,37.38107035775657],[105.66925048828125,37.45087706042972],[105.76812744140625,37.46831856835604],[105.86151123046875,37.5206186788693],[105.94940185546875,37.61640705577993],[106.0455322265625,37.607704112428394],[106.0894775390625,37.64903402157866]],[[103.5516357421875,36.18665862660454],[103.55438232421875,36.10237644873645],[103.656005859375,36.07130229942241],[103.76861572265625,35.99800750540412],[103.82080078125,35.99800750540412],[103.88946533203125,35.96022296929668],[103.99658203125,35.97133794592999]],[[103.7548828125,35.97133794592999],[103.7603759765625,35.806676609227054],[103.7054443359375,35.764343479667176],[103.68896484375,35.71083783530008],[103.86749267578125,35.50316417759602],[103.84002685546875,35.36889537510474],[103.853759765625,35.25459097465023],[103.941650390625,35.205233347514536],[103.9691162109375,35.14461705293516],[104.007568359375,35.11990857099681],[104.22454833984375,35.15135442846946],[104.3646240234375,35.099686964274724],[104.4415283203125,35.097439809364204],[104.52667236328125,35.0502352513963],[104.68597412109375,35.02324896091335]],[[103.743896484375,35.951329861522666],[103.76861572265625,36.049098959065645]],[[103.76312255859375,35.91797179131282],[103.74114990234375,35.96244608979167],[103.75762939453125,35.96244608979167]],[[103.787841796875,35.59925232772949],[103.656005859375,35.50316417759602],[103.304443359375,35.44724605551147],[103.23028564453125,35.48751102385377],[103.23577880859375,35.55457449014311],[103.2000732421875,35.572448615622804],[102.8924560546875,35.36441589327595],[102.79083251953125,35.34201475584807],[102.777099609375,35.292710387701675],[102.8265380859375,35.23664622093196],[102.821044921875,35.180543276002666],[102.8594970703125,35.11766197360177],[102.843017578125,35.08170799084071],[102.89794921875,35.0075028429529],[102.86773681640625,34.94448806230625]],[[103.70819091796875,35.67068501330236],[103.63128662109375,35.64836915737426],[103.63128662109375,35.572448615622804],[103.55987548828125,35.5523399441562],[103.370361328125,35.54116627999815],[103.28521728515625,35.565746285762756],[103.271484375,35.60595185369917]],[[102.7386474609375,35.833401703805094],[102.7716064453125,35.82672127366604],[102.82928466796875,35.76211479572099],[102.8924560546875,35.746512259918504],[102.91168212890625,35.68630240145626],[102.97760009765625,35.628279555648845],[102.996826171875,35.57691652403861],[102.952880859375,35.49869215916574]],[[102.799072265625,35.56798045801209],[102.81829833984375,35.565746285762756]],[[102.81829833984375,35.21869749632886],[102.535400390625,35.191766965947394],[102.4365234375,35.12215510643696]],[[103.8372802734375,35.35545618392078],[103.78509521484375,35.337533782800946],[103.68896484375,35.35097595642159],[103.6669921875,35.37785359299683],[103.67523193359375,35.462907049749035],[103.65875244140625,35.49421989176048],[103.6285400390625,35.496456056584165]],[[103.853759765625,35.335293203093286],[103.9031982421875,35.357696204467516],[104.007568359375,35.337533782800946],[104.09271240234375,35.37785359299683],[104.19708251953125,35.37113502280101],[104.24652099609375,35.41143805243546],[104.249267578125,35.46738105960408],[104.27947998046875,35.505400093441324],[104.45526123046875,35.55457449014311],[104.52667236328125,35.536696378395035],[104.556884765625,35.47409160773029],[104.65301513671875,35.507635947037855],[104.6832275390625,35.496456056584165]],[[103.46649169921875,34.59251960889388],[103.4747314453125,34.651285198954156],[103.33740234375,34.68291096793206],[103.21380615234375,34.7664352168417],[103.172607421875,34.8295866367682],[102.9473876953125,34.874665167612605]],[[101.4697265625,33.234092955225194],[101.480712890625,33.26624989076275],[101.40106201171875,33.293803558346596],[101.4093017578125,33.37411872061922],[101.4642333984375,33.419979838363446],[101.337890625,33.4818539405436],[101.2884521484375,33.479563094441815],[101.26373291015625,33.552840110956154],[101.27471923828125,33.626055026635285],[101.2554931640625,33.64434904445888],[101.1676025390625,33.642062504753696],[101.07421875,33.76773195605408]],[[101.90643310546875,32.771109949890445],[101.76910400390625,32.87497382061986],[101.6400146484375,32.90956811057566],[101.47796630859375,33.119150226768866],[101.4642333984375,33.213414392242655]],[[102.183837890625,32.644000448276756],[102.2882080078125,32.58153501413733],[102.34588623046875,32.509761735919426],[102.36236572265625,32.43097672054704],[102.41729736328125,32.38691978781105],[102.425537109375,32.32891738775126],[102.4859619140625,32.2940980965715],[102.48046875,32.19420867287538],[102.63427734375,31.982453066235763],[102.645263671875,31.91719886741916],[102.59857177734375,31.823898240526958],[102.65625,31.80289258670676],[102.6123046875,31.805226784149482]],[[105.106201171875,33.27543541298162],[105.10345458984375,33.2409847232083],[105.02105712890625,33.195029344358204],[104.92767333984375,33.07082934859187],[104.83154296875,33.0224819196136],[104.74639892578125,32.925707488760395],[104.65301513671875,32.94645379269271],[104.6063232421875,32.99484290420989],[104.50469970703125,33.008663494575586],[104.44427490234375,33.05701850585396],[104.40032958984375,33.05701850585396],[104.28497314453125,33.15594830078649],[104.23004150390625,33.139851041860695],[104.24102783203125,33.10994829789429],[104.20806884765625,33.10304621868762],[104.1943359375,33.063924198120645],[104.21356201171875,33.01326987686983],[104.1943359375,33.01326987686983],[104.21630859375,33.0224819196136],[104.24102783203125,32.99714648628775],[104.18609619140625,32.84267363195431],[104.2657470703125,32.7618717303331],[104.3426513671875,32.74339241542704],[104.36737060546875,32.71566625570317],[104.39483642578125,32.729530413484696],[104.38385009765625,32.69948868085268],[104.4305419921875,32.69948868085268],[104.425048828125,32.676372772089834],[104.556884765625,32.54912838093526],[104.5294189453125,32.486596829360494],[104.600830078125,32.35212281198645],[104.59259033203125,32.245328614046],[104.6832275390625,32.13143129714793],[104.65301513671875,31.97546376218868],[104.66400146484375,31.924192605327704],[104.70245361328125,31.900878077763068],[104.710693359375,31.830899063394384],[104.66400146484375,31.80289258670676]],[[104.90020751953125,33.42914915719729],[104.8699951171875,33.41539481578252],[105.05126953125,33.50475906922608],[105.205078125,33.43602551072033],[105.33966064453125,33.43602551072033],[105.36712646484375,33.45894275368764],[105.36712646484375,33.5184992376561],[105.43853759765625,33.56199537293027],[105.48797607421875,33.678639851675555]],[[104.5843505859375,32.370682866114265],[104.80133056640625,32.42170336417894],[104.8370361328125,32.456473533435215],[105.0238037109375,32.528289364825255],[105.22705078125,32.52134195160539],[105.39459228515625,32.60698915452777],[105.3643798828125,32.602361666817515]],[[105.81207275390625,32.321954600200584],[105.93017578125,32.37764190411036],[105.98785400390625,32.26158802054523],[106.20758056640625,32.196532930062816],[106.314697265625,32.23603621746476],[106.43829345703125,32.24068253457369],[106.48773193359375,32.13840869677249],[106.534423828125,32.110495896294395],[106.5948486328125,32.01972036197235],[106.58111572265625,31.987112306515527],[106.6058349609375,31.907873056360202],[106.65802001953125,31.85656420395223],[106.71844482421875,31.81689688674699],[106.93817138671875,31.84723225173113],[107.0233154296875,31.80289258670676]],[[105.6390380859375,32.34980253736093],[105.52642822265625,32.43329491065414],[105.4248046875,32.57459172113418],[105.4083251953125,32.61161640317033],[105.435791015625,32.69948868085268],[105.40283203125,32.826519127839546],[105.32318115234375,32.84036602561055],[105.30670166015625,32.92340204349887],[105.2435302734375,32.98562797456917],[105.2655029296875,33.08233672856376],[105.3094482421875,33.12605104079945],[105.303955078125,33.190432479136945],[105.19683837890625,33.31675830290706],[105.106201171875,33.28232392051035],[105.062255859375,33.33970700424027],[105.00732421875,33.33970700424027],[104.90570068359375,33.403931200234695],[104.81781005859375,33.410809551114326],[104.66949462890625,33.523078808904216],[104.6337890625,33.575726446243564],[104.5733642578125,33.59174327144986],[104.55413818359375,33.642062504753696],[104.4854736328125,33.69006708322202],[104.534912109375,33.73576081504463],[104.5458984375,33.91145445426761],[104.45526123046875,34.004858205417236],[104.3316650390625,34.02990029603906],[104.27947998046875,34.07768740409027],[104.24102783203125,34.22997081127308],[104.1339111328125,34.29126107845569],[104.05426025390625,34.425036130213314],[104.07073974609375,34.526924301401024],[104.1339111328125,34.62190760563037],[104.1558837890625,34.719039917647876],[104.2437744140625,34.77771580360469],[104.3316650390625,34.883677909659994],[104.33990478515625,35.04798673426734],[104.3646240234375,35.099686964274724]],[[105.9356689453125,32.37764190411036],[105.9466552734375,32.4008348267222],[105.85052490234375,32.477329196399424]],[[105.6829833984375,33.33741240611175],[105.57586669921875,33.35347332342168],[105.369873046875,33.47269019266666],[105.38909912109375,33.45665130188186]],[[105.48797607421875,33.70149279558437],[105.48248291015625,33.65806700735442]],[[106.67724609375,35.17156320800291],[106.5673828125,35.180543276002666],[106.51519775390625,35.23664622093196],[106.31195068359375,35.17829835200121],[106.171875,35.220941304031825],[106.03179931640625,35.18727767598898],[105.985107421875,35.133386854253075],[105.90545654296875,35.09294531373263],[105.8148193359375,35.08170799084071],[105.7269287109375,35.101934057246055],[105.66650390625,35.05248370662467],[105.64178466796875,34.96249723244915],[105.66925048828125,34.91296249521697],[105.64178466796875,34.86339785041953],[105.677490234375,34.60156317724089],[105.6390380859375,34.574429518652735]],[[106.7816162109375,35.26804693351555],[106.9903564453125,35.29046856590878],[107.03155517578125,35.23440284749623],[107.16064453125,35.17605336599959],[107.193603515625,35.13114062861361],[107.2540283203125,35.115415314253596],[107.2760009765625,35.133386854253075],[107.4188232421875,35.13114062861361]],[[106.512451171875,35.2388895323226],[106.4849853515625,35.29719384502174],[106.45477294921875,35.308401401691626],[106.45477294921875,35.34425514918409],[106.4080810546875,35.37337460834958],[106.424560546875,35.44053326772722],[106.32843017578125,35.50092819950359],[106.28173828125,35.56127775438456],[106.29547119140625,35.592552240892346]],[[106.0400390625,34.459012676670085],[106.03729248046875,34.54049998801135],[105.95489501953125,34.58347505599177],[105.94390869140625,34.64450667793234],[106.19384765625,34.87015842600913],[106.15814208984375,34.89494244739733],[106.15814208984375,34.94899072578227],[106.13067626953125,34.97600151317589],[106.02081298828125,35.01875037943829],[106.0235595703125,35.07271701786368],[105.9796142578125,35.13563301792719],[105.98236083984375,35.22767235493586],[105.963134765625,35.25459097465023],[105.91094970703125,35.27253175660236],[105.897216796875,35.32184842037685],[105.83953857421875,35.357696204467516],[105.7489013671875,35.35993616287675],[105.68572998046875,35.505400093441324],[105.7049560546875,35.55457449014311]],[[105.76812744140625,34.58347505599177],[105.8917236328125,34.56085936708385]],[[105.7049560546875,34.465806327688526],[105.64453125,34.41823916300348],[105.64727783203125,34.343436068482944],[105.62255859375,34.3207552752374],[105.55938720703125,34.31621838080741],[105.33416748046875,34.19817309627726],[105.28472900390625,33.972975771725984],[105.4193115234375,33.73804486328906],[105.46600341796875,33.70149279558437],[105.6500244140625,33.69235234723729],[105.787353515625,33.758598560812004],[106.0345458984375,33.74032885072381],[106.051025390625,33.55512901742287],[106.01531982421875,33.4818539405436],[106.13616943359375,33.431441335575286],[106.160888671875,33.37182502950725],[106.22955322265625,33.37411872061922],[106.28173828125,33.32593850874474],[106.36688232421875,33.312167837386184],[106.47125244140625,33.18813395605041],[106.512451171875,33.17664043594348],[106.578369140625,33.16054697509142],[106.71844482421875,33.192730941906916],[106.9244384765625,33.18353672893615]],[[104.490966796875,34.8295866367682],[104.53216552734375,34.84536693184101],[104.5458984375,34.90170042871546],[104.61181640625,34.97150033361733],[104.69696044921875,34.97600151317589]],[[104.58709716796875,35.04798673426734],[104.61181640625,34.97150033361733]],[[105.4083251953125,35.713067954913896],[105.4302978515625,35.7576572405156],[105.53192138671875,35.82226734114509],[105.53741455078125,35.869021165016946],[105.57586669921875,35.88459964717596],[105.6005859375,35.94021206888746],[105.79833984375,35.95577654056531],[105.87799072265625,36.006895355244666],[105.98785400390625,35.9579997862207],[106.0784912109375,36.00245155554647],[106.10321044921875,36.03799493963656],[106.22406005859375,36.060201412392914]],[[104.68597412109375,35.49421989176048],[104.66949462890625,35.333052561265134],[104.7052001953125,35.28598473606576],[104.72991943359375,35.180543276002666],[104.6942138671875,35.005253150047466],[104.7381591796875,34.92197103616377],[104.7216796875,34.87015842600913],[104.75738525390625,34.80703811152161],[104.864501953125,34.74386941787428],[104.96612548828125,34.73258420612362],[105.05401611328125,34.77771580360469],[105.1666259765625,34.7664352168417],[105.20233154296875,34.74161249883173],[105.281982421875,34.75289647745204],[105.32318115234375,34.719039917647876],[105.347900390625,34.64450667793234],[105.49346923828125,34.563121212794826],[105.677490234375,34.57216798051357],[105.6829833984375,34.513346401475786],[105.72967529296875,34.45221847282653],[105.8697509765625,34.47259942583135],[106.06475830078125,34.45221847282653],[106.07025146484375,34.40464357107095],[106.1114501953125,34.3887792543902],[106.138916015625,34.32982832836203],[106.3970947265625,34.29806835099082],[106.51519775390625,34.33663247437731],[106.64154052734375,34.345703810529386],[106.666259765625,34.37744575857741],[106.73492431640625,34.36157628748418],[106.907958984375,34.40011121603371],[107.0672607421875,34.368377857483765]],[[104.4415283203125,35.70191673285339],[104.4140625,35.59925232772949],[104.45526123046875,35.55457449014311]],[[106.27899169921875,35.80222155213377],[106.32843017578125,35.84453450421661],[106.43280029296875,35.86679541749028],[106.59759521484375,35.864569607449624]],[[106.2872314453125,35.58585159323236],[106.3037109375,35.58808520476323]],[[106.28997802734375,35.59031875398378],[106.1663818359375,35.57915038479426],[106.0894775390625,35.617116483821846],[105.732421875,35.53893136033349],[105.46051025390625,35.71529801212529],[105.38909912109375,35.688533207388744],[105.1885986328125,35.70414710206052],[105.04852294921875,35.684071533140965],[104.98260498046875,35.730906665200536],[104.8974609375,35.67291625588],[104.7161865234375,35.621581899559686],[104.5953369140625,35.64167318460059]],[[108.04779052734375,36.595684037179055],[108.01483154296875,36.49197347059368],[108.02032470703125,36.43012234551577],[107.91046142578125,36.36822190085111],[107.896728515625,36.28413532741723],[107.9351806640625,36.21990297270261],[107.89398193359375,36.124564748133295],[107.89398193359375,36.05354012833976],[107.85003662109375,36.03355289340038]],[[109.30572509765625,36.45000844447081],[109.48699951171875,36.49638952000399],[109.57763671875,36.56260003738545],[109.59136962890625,36.602299135790446],[109.68475341796875,36.60670888641815],[109.70672607421875,36.68824378744833],[109.72869873046875,36.69705320010033]],[[109.5391845703125,36.246488282126535],[109.544677734375,36.21990297270261]],[[108.30322265625,35.45395828344931],[108.1439208984375,35.36889537510474]],[[108.39935302734375,35.012002043160706],[108.5174560546875,35.063725054196254],[108.67401123046875,35.038992046780805],[108.87176513671875,34.96249723244915]],[[109.00909423828125,35.26580442886754],[109.02008056640625,35.30167705397601]],[[109.67376708984375,35.34201475584807],[109.962158203125,35.29046856590878],[110.1983642578125,35.31512519050729],[110.2642822265625,35.299435480545455]],[[109.6270751953125,35.25459097465023],[109.45953369140625,35.205233347514536],[109.25628662109375,35.19625600786368],[109.20135498046875,35.15584570226544],[109.00634765625,35.097439809364204]],[[109.6435546875,34.91296249521697],[109.61883544921875,34.62190760563037],[109.6600341796875,34.55633549113736],[109.64630126953125,34.49976628863743]],[[109.36065673828125,34.48392002731987],[109.1876220703125,34.54728700119803],[109.0283203125,34.56764471968292],[108.797607421875,34.54954921593402],[108.7481689453125,34.513346401475786],[108.64105224609375,34.4861839632883],[108.53668212890625,34.3887792543902],[108.54766845703125,34.28445325435288],[108.56964111328125,34.268566186749894],[108.6328125,34.24813554589751],[108.7921142578125,34.252676117101515]],[[109.4293212890625,34.4861839632883],[109.4677734375,34.4793919710481]],[[109.48699951171875,34.474863669009],[109.93194580078125,34.542762387234845],[110.06927490234375,34.54049998801135],[110.16265869140625,34.610605760914666],[110.3192138671875,34.60382391547705],[110.36590576171875,34.57216798051357],[110.75042724609375,34.56990638085635],[110.84381103515625,34.59251960889388],[110.8795166015625,34.63998735602952],[110.9564208984375,34.66032236481891]],[[109.6435546875,34.49976628863743],[109.59136962890625,34.345703810529386],[109.4842529296875,34.202716361596174]],[[109.5391845703125,34.49071165088101],[109.324951171875,34.46807075516925],[109.05029296875,34.29806835099082]],[[109.2205810546875,34.4069096565206],[109.27825927734375,34.402377424241365]],[[109.06402587890625,34.35250666867596],[109.1107177734375,34.39331222316112],[109.1107177734375,34.574429518652735],[109.16290283203125,34.610605760914666],[109.2205810546875,34.725812339278676],[109.478759765625,34.88593094075317],[109.80010986328125,34.93548199355901],[109.8907470703125,35.00075357864239],[109.9566650390625,35.01875037943829],[110.0390625,35.08845057036537],[110.08575439453125,35.16707280202651],[110.15716552734375,35.20747752737927],[110.18463134765625,35.25907654252575],[110.2642822265625,35.299435480545455],[110.3302001953125,35.29719384502174],[110.4345703125,35.38681081644444],[110.47027587890625,35.496456056584165],[110.5279541015625,35.57691652403861]],[[108.94317626953125,34.36611072883116],[108.96514892578125,34.38651267795362],[108.9678955078125,34.45674800347808],[108.92669677734375,34.4861839632883],[108.896484375,34.60156317724089],[108.91571044921875,34.86565143737161],[108.87176513671875,34.960246302573466],[109.03106689453125,35.11990857099681],[108.99261474609375,35.19401151791166],[109.00909423828125,35.24113278166642],[108.97613525390625,35.26804693351555],[108.96240234375,35.346495480392804],[109.0557861328125,35.45395828344931],[109.06402587890625,35.49198366469642],[109.19586181640625,35.610417892730524],[109.149169921875,35.75319943557031],[109.21783447265625,35.84230806912383],[109.1986083984375,36.02466804934359],[109.15191650390625,36.11790891656369],[109.2041015625,36.17335693522159],[109.1876220703125,36.24427318493909],[109.28375244140625,36.32840272942266],[109.2755126953125,36.392545812446244],[109.3743896484375,36.63536611993544],[109.38262939453125,36.73448194195683],[109.34967041015625,36.76309161490538],[109.2864990234375,36.96306042436515],[109.18212890625,37.00035919622158],[109.08599853515625,37.07490186820611],[108.92120361328125,37.25219377071157],[108.91845703125,37.31338308990806],[108.94866943359375,37.34832607355297],[108.88275146484375,37.44869658591038],[108.89923095703125,37.46831856835604],[108.863525390625,37.49011473195047],[108.841552734375,37.67077737288315],[108.9129638671875,37.76202988573212],[109.02008056640625,37.78156937014927],[109.10247802734375,37.94636345087474],[109.2919921875,38.07620357665235],[109.36065673828125,38.151837403006766],[109.676513671875,38.283469054971846],[109.69024658203125,38.42562182814217],[109.654541015625,38.50948995925552],[109.66552734375,38.66835610151506]],[[108.79486083984375,34.45221847282653],[108.8909912109375,34.44315867450577]],[[108.9239501953125,34.488447837809304],[108.885498046875,34.46354183877715],[108.91571044921875,34.36611072883116]],[[108.973388671875,34.71678232049371],[108.951416015625,34.698719324532306],[108.9459228515625,34.56085936708385],[108.9788818359375,34.481656029905835],[108.97064208984375,34.40917568058836]],[[108.951416015625,34.813803317113155],[109.00634765625,34.989503567579305],[109.0557861328125,35.0502352513963],[109.0338134765625,35.08170799084071],[109.04205322265625,35.140125159372346],[109.08050537109375,35.16707280202651],[109.00909423828125,35.288226682029574],[109.06951904296875,35.35097595642159],[109.08599853515625,35.420391545750775],[109.16015625,35.52552053465406],[109.22332763671875,35.57468260098091],[109.24530029296875,35.666222341034796],[109.423828125,35.793310688351724],[109.412841796875,35.864569607449624],[109.4732666015625,35.915747419499695],[109.48974609375,35.96244608979167],[109.44580078125,36.02244668175847],[109.55291748046875,36.153400163891945],[109.5501708984375,36.239842802224274],[109.50897216796875,36.27306455094137],[109.53369140625,36.366010258936925],[109.4512939453125,36.47209813242351],[109.46502685546875,36.531708849148686],[109.4293212890625,36.53391577198654],[109.41558837890625,36.57583533849176],[109.44305419921875,36.6551995018735],[109.39361572265625,36.730079507078415],[109.5172119140625,36.76309161490538],[109.59136962890625,36.721273880045004],[109.69573974609375,36.73888412439432],[109.7369384765625,36.701457527917896],[109.8687744140625,36.69485094156225],[110.00335693359375,36.84226271217676],[110.072021484375,36.86643755175845],[110.0830078125,36.91915611148194],[110.14068603515625,36.99158465967017],[110.13519287109375,37.048601046408976],[110.072021484375,37.13842453422676],[110.12420654296875,37.29590550406617],[110.10498046875,37.43561240413149],[110.137939453125,37.48139702942734],[110.20111083984375,37.483576550427],[110.21484375,37.51408316810111],[110.18463134765625,37.55981972178118],[110.2203369140625,37.618582632478805],[110.203857421875,37.677299136404244],[110.13519287109375,37.81412370160447],[110.06378173828125,37.86618078529668],[110.01434326171875,37.94636345087474],[109.874267578125,37.978845040497134],[109.84954833984375,38.00481996641318],[109.7808837890625,38.13671690413537],[109.81658935546875,38.2920923176261],[109.72320556640625,38.38903340675904]],[[108.96514892578125,34.843112789175365],[108.951416015625,34.813803317113155],[108.973388671875,34.7009774147201],[108.9569091796875,34.68291096793206]],[[108.050537109375,34.93097858831628],[107.9901123046875,34.91521472314689],[107.91595458984375,34.836349990763864],[107.84454345703125,34.8047829195724],[107.76763916015625,34.68065238482747],[107.6385498046875,34.655803905058974],[107.5836181640625,34.62190760563037],[107.5616455078125,34.56990638085635],[107.479248046875,34.551811369170494],[107.41058349609375,34.56990638085635],[107.29248046875,34.53371242139565]],[[108.27850341796875,35.09294531373263],[108.0560302734375,34.93097858831628],[108.09173583984375,34.80252766591687],[108.17138671875,34.74161249883173],[108.1658935546875,34.67613503380096],[108.248291015625,34.60834520731578],[108.25927734375,34.563121212794826],[108.77288818359375,34.40917568058836],[108.83880615234375,34.345703810529386]],[[107.75115966796875,35.32408937278183],[107.70172119140625,35.31064272673245],[107.70721435546875,35.24786215739992],[107.89398193359375,35.200744801724014],[107.96539306640625,35.08170799084071],[108.04229736328125,35.07946034047981],[108.10546875,35.043489514314686],[108.13568115234375,34.98275281869195]],[[107.42156982421875,34.345703810529386],[107.40234375,34.32756015705253],[107.19635009765625,34.32302363048832],[107.04803466796875,34.368377857483765]],[[107.87200927734375,34.26629636058354],[107.8363037109375,34.19362958613084],[107.75390625,34.15727269301868],[107.73468017578125,34.11180455556898],[107.666015625,34.093610452768715],[107.6385498046875,34.05948596794815],[107.30621337890625,34.073137411642094],[107.2869873046875,34.03900467904445],[107.15240478515625,33.993472995119674],[107.05902099609375,33.995750159251244],[107.02606201171875,33.96614226559744],[106.8914794921875,33.98891848376216],[106.7706298828125,33.94108137920573],[106.5948486328125,33.9479168983564],[106.4739990234375,33.90917503325775],[106.43829345703125,33.906895551288656],[106.41357421875,33.94335994657882],[106.21856689453125,33.93196649986436],[106.1773681640625,33.87497640410959],[106.0455322265625,33.8339199536547],[106.007080078125,33.749464192325775]],[[107.918701171875,34.268566186749894],[107.90496826171875,34.357041600760724],[107.93243408203125,34.44995361537076],[107.8692626953125,34.55407346090554],[107.83905029296875,34.67161743636362],[107.7978515625,34.719039917647876]],[[107.20184326171875,33.066225975146736],[107.07000732421875,33.16744453437593],[106.9244384765625,33.18123802491263]],[[107.20184326171875,33.068527691971184],[107.39410400390625,33.13525128256384],[107.4737548828125,33.18813395605041],[107.66876220703125,33.208818492255475],[107.74017333984375,33.26395335923739],[107.99285888671875,33.305281685899445],[108.0340576171875,33.29150775159364],[108.226318359375,33.39705230475205],[108.2373046875,33.46352547561378],[108.32244873046875,33.50475906922608],[108.4405517578125,33.61690656060317],[108.424072265625,33.68549637289138],[108.51470947265625,33.82023008524739],[108.49822998046875,33.868135032968624],[108.5394287109375,34.03445260967645],[108.5888671875,34.08451193447476],[108.64105224609375,34.08906131584993],[108.69873046875,34.1413616274549],[108.82232666015625,34.19362958613084],[108.78936767578125,34.31848685867645],[108.94317626953125,34.36611072883116],[109.0557861328125,34.35477416538757],[109.0887451171875,34.31394984163214],[109.0447998046875,34.21180215769026],[108.9788818359375,34.189085831172406],[108.82232666015625,34.19362958613084]],[[107.38311767578125,32.110495896294395],[107.24853515625,31.84723225173113],[107.13043212890625,31.870560361529584],[106.97662353515625,31.835565983656224]],[[108.050537109375,32.13375715632645],[107.9351806640625,32.061627957476404],[107.874755859375,32.05231681645637],[107.75665283203125,31.959153316146654],[107.5836181640625,31.91719886741916],[107.51495361328125,31.93351676190369],[107.4407958984375,31.88455439374627],[107.26226806640625,31.863562548378965]],[[107.87200927734375,32.56301837144534],[107.82806396484375,32.76418137510082],[107.82257080078125,32.89342578969233],[107.8472900390625,32.934928669082325],[107.82257080078125,32.96949953291244]],[[108.28125,33.00175347002964],[107.98736572265625,33.03169299978312],[107.80059814453125,32.96489086569022],[107.51495361328125,32.94414888814147],[107.20184326171875,33.066225975146736],[107.02880859375,33.02017899916362],[106.73492431640625,33.08003537299405],[106.6607666015625,33.063924198120645],[106.63055419921875,33.027087580028734],[106.5289306640625,33.0063602132054],[106.52069091796875,32.974107959689235],[106.45751953125,32.974107959689235],[106.402587890625,32.858825196463854],[106.24603271484375,32.8219030154127],[106.1553955078125,32.76880048488168],[106.1224365234375,32.722598604044066],[105.88623046875,32.6393748736067],[105.84228515625,32.56996256044998],[105.8477783203125,32.48196313217176],[105.76263427734375,32.43561304116277],[105.71868896484375,32.36140331527544],[105.6390380859375,32.35212281198645]],[[108.76739501953125,32.722598604044066],[108.7261962890625,32.61161640317033],[108.66851806640625,32.58153501413733],[108.62457275390625,32.59310597426537],[108.55316162109375,32.52134195160539],[108.446044921875,32.50744551375453],[108.446044921875,32.4796461941074],[108.33892822265625,32.4286584708437],[108.19610595703125,32.2824886927005],[108.1109619140625,32.27320009948134],[108.05328369140625,32.163987928240246],[108.04779052734375,32.06628317261135],[108.10272216796875,32.02204906495204],[108.14117431640625,31.94983176040688],[108.12744140625,31.89621446335144],[108.0230712890625,31.833232553025212],[108.02032470703125,31.80289258670676]],[[108.98162841796875,32.669436832605314],[109.00909423828125,32.54912838093526],[108.92120361328125,32.51439400122828],[108.87176513671875,32.45415593941475],[108.89373779296875,32.35676318267811],[108.8690185546875,32.27552233695384],[108.92120361328125,32.21280106801518],[108.92120361328125,32.11514862261245],[108.9404296875,32.091882620021806],[108.85528564453125,32.04766089060861],[108.78936767578125,31.968473925845103],[108.65478515625,31.914867503276227],[108.63555908203125,31.80289258670676]],[[109.16015625,33.621480915032365],[109.17938232421875,33.26395335923739],[109.1326904296875,33.19732768648872],[109.1107177734375,33.09384260312052],[108.9569091796875,32.92801287395169],[108.96514892578125,32.89573201566981],[108.92120361328125,32.826519127839546],[108.929443359375,32.791892438123696],[108.89373779296875,32.70873336852159],[108.73992919921875,32.729530413484696],[108.61083984375,32.82882709408909],[108.28948974609375,32.978716146003336],[108.2867431640625,33.027087580028734],[108.22906494140625,33.06162236089506],[108.21533203125,33.09614359735856],[108.27850341796875,33.195029344358204],[108.28125,33.268546361901926],[108.2098388671875,33.38787959704523]],[[108.7811279296875,34.300337319256414],[108.720703125,34.31394984163214],[108.40484619140625,34.25040586212499],[108.13018798828125,34.24813554589751],[107.830810546875,34.26402647315287],[107.7593994140625,34.30260622622906],[107.5341796875,34.31168124115257],[107.2705078125,34.357041600760724]],[[108.687744140625,34.13226824445654],[108.81134033203125,34.0754124384174],[109.1107177734375,34.05493499798558],[109.324951171875,34.102707993174874],[109.36065673828125,34.15727269301868]],[[108.69049072265625,34.134541681937364],[108.643798828125,34.24586516842102]],[[108.78936767578125,34.12090013982697],[108.753662109375,34.15045403191448]],[[108.99810791015625,34.19817309627726],[109.02008056640625,34.0572105135103],[108.92120361328125,33.95703006998231],[109.1656494140625,33.607757123330956],[109.21783447265625,33.607757123330956],[109.3634033203125,33.527658137677335],[109.6051025390625,33.442901319379345],[109.676513671875,33.50017852824229],[109.72869873046875,33.495597744865705],[109.874267578125,33.54826211608861]],[[109.08050537109375,34.277644878733824],[109.2974853515625,34.16636338473789],[109.34417724609375,34.0572105135103],[109.3743896484375,34.050383783683415],[109.423828125,33.977531137409414],[109.5721435546875,33.92285064485908],[109.62982177734375,33.86129311351553],[109.7918701171875,33.83848275599513],[109.84405517578125,33.863573814253485],[109.951171875,33.84988869610126],[110.137939453125,33.758598560812004],[110.14068603515625,33.73576081504463],[110.302734375,33.69463755048318],[110.3961181640625,33.59174327144986],[110.44281005859375,33.47498122050128]],[[109.2755126953125,34.17999758688083],[109.2755126953125,34.2004447595411],[109.2755126953125,34.18454183141725]],[[109.5501708984375,34.295799321434274],[109.53643798828125,34.277644878733824]],[[109.742431640625,33.84076406581977],[109.73968505859375,33.79512630103207],[109.808349609375,33.749464192325775],[109.874267578125,33.655780832040946],[109.874267578125,33.54826211608861],[110.06378173828125,33.4818539405436],[110.05279541015625,33.45206821659518],[110.08026123046875,33.37182502950725],[110.06103515625,33.36035566675373],[110.0775146484375,33.280027811732154],[110.06103515625,33.23868752757414],[110.0994873046875,33.19732768648872],[110.3631591796875,33.050112271849656],[110.4290771484375,32.962586441917466],[110.48126220703125,32.95567280997862],[110.69000244140625,32.84267363195431],[110.77789306640625,32.75494243654724],[110.78887939453125,32.68099643258195],[110.97564697265625,32.54681317351513],[111.31072998046875,32.45879106783458],[111.4837646484375,32.32659651806085],[111.6705322265625,32.27784451498272],[111.8463134765625,32.263910555201306],[112.11273193359375,32.18955998041358],[112.2967529296875,32.17561247849932],[112.3406982421875,32.14771106595572],[112.55767822265625,32.10584293285768],[112.67578125,32.04067655771746]],[[109.99237060546875,33.81794822741499],[109.951171875,33.94108137920573],[109.96490478515625,34.0094118622566],[109.7918701171875,34.12317388304314],[109.4842529296875,34.2004447595411],[109.35791015625,34.15954545771159],[109.16839599609375,34.23678304606287],[109.0887451171875,34.295799321434274]],[[110.08026123046875,34.0754124384174],[109.97039794921875,34.00713506435885]],[[111.05255126953125,34.300337319256414],[111.31072998046875,34.28899186503753],[111.50299072265625,34.34116826510751],[111.6815185546875,34.35023911062778],[111.7474365234375,34.40917568058836],[111.8243408203125,34.80703811152161],[111.77215576171875,34.849875031954184],[111.76116943359375,34.89043681762452],[111.81884765625,34.92422301690581],[111.807861328125,35.038992046780805],[111.8408203125,35.09294531373263],[111.83807373046875,35.13114062861361],[111.7913818359375,35.169318036011305],[111.79412841796875,35.200744801724014]],[[110.7806396484375,33.98664113654014],[110.863037109375,33.96158628979907],[111.07177734375,33.995750159251244],[111.09649658203125,33.93424531117313],[111.21734619140625,33.88637747072754],[111.2969970703125,33.87953701355924],[111.45904541015625,33.81794822741499],[111.697998046875,33.81110228864701],[111.654052734375,33.81110228864701]],[[110.3631591796875,32.69948868085268],[110.3521728515625,32.784965481461185],[110.38238525390625,32.858825196463854],[110.3631591796875,32.92340204349887],[110.42083740234375,32.96949953291244]],[[110.3411865234375,32.69948868085268],[110.21209716796875,32.74339241542704],[110.0830078125,32.75032260780969],[109.94842529296875,32.706422286395664],[109.55841064453125,32.74108223150125],[109.46502685546875,32.69024303549226],[109.29473876953125,32.73646168396553],[109.16290283203125,32.68099643258195],[108.98162841796875,32.669436832605314],[108.9019775390625,32.71104439078296]],[[110.0665283203125,32.26855544621476],[110.08575439453125,32.30802741894789],[110.18463134765625,32.368363067704706],[110.32745361328125,32.697177359290635],[110.5718994140625,32.697177359290635],[110.68450927734375,32.669436832605314],[110.76690673828125,32.72028788113862]],[[110.9893798828125,32.54218257955074],[110.8795166015625,32.38460040620993],[110.83831787109375,32.37300260498657],[110.7476806640625,32.27320009948134],[110.74493408203125,32.21512485021502],[110.7147216796875,32.18491105051798],[110.7147216796875,32.0732655510424]],[[110.87127685546875,32.63012300670739],[110.8905029296875,32.79651010951669],[110.95916748046875,32.8772805268554],[110.96466064453125,32.94645379269271],[111.06903076171875,33.0063602132054],[111.09649658203125,33.08463802391688],[111.1651611328125,33.15134938534251],[111.170654296875,33.199625968296345],[111.126708984375,33.27313912301348],[111.09100341796875,33.422272258866045],[111.20361328125,33.60318204052051],[111.11572265625,33.74261277734689],[110.95367431640625,33.815666308702774],[111.0498046875,34.082237152120896],[111.01959228515625,34.21861586197447],[111.07177734375,34.39331222316112],[111.005859375,34.42730166315869],[110.95367431640625,34.52466147177172],[110.98388671875,34.63546778783321],[110.84930419921875,34.73484137177769],[110.8685302734375,34.79576153473033],[110.85479736328125,34.88593094075317],[110.8905029296875,34.908457853981375]],[[111.78863525390625,33.09844453136719],[111.7584228515625,32.934928669082325],[111.807861328125,32.70179994255902],[111.8408203125,32.657875736955276],[111.983642578125,32.59541998703928],[112.21435546875,32.560703522325156]],[[111.148681640625,31.984782715952377],[111.170654296875,31.926523733115943],[111.28875732421875,31.814562984184235],[111.37115478515625,31.823898240526958],[111.3848876953125,31.805226784149482]],[[111.4837646484375,32.32659651806085],[111.4398193359375,32.28713263261638],[111.4288330078125,32.2197722364609],[111.22833251953125,32.08722870829662],[111.16790771484375,31.991771310172098],[111.00860595703125,32.043004727894],[110.80810546875,32.04067655771746],[110.7421875,32.08490166354831],[110.5169677734375,32.0732655510424],[110.38787841796875,32.16863792635914],[110.21484375,32.210477226433824],[109.9346923828125,32.32659651806085],[109.7039794921875,32.301063025369274],[109.49249267578125,32.34284135639302],[109.31396484375,32.40779154205701],[109.26727294921875,32.50744551375453],[109.12445068359375,32.56764789050999],[109.08050537109375,32.6393748736067],[109.0887451171875,32.67406085209231]],[[111.48101806640625,32.32891738775126],[111.59088134765625,32.38923910985902],[111.69525146484375,32.565333160841035],[111.7803955078125,32.637061996573436],[112.0660400390625,32.74339241542704],[112.14019775390625,32.75032260780969],[112.3626708984375,32.92340204349887],[112.39288330078125,32.974107959689235]],[[111.42333984375,33.3442960191357],[111.4178466796875,33.31675830290706],[111.4727783203125,33.250172902093894],[111.42608642578125,33.08233672856376],[111.49749755859375,33.045507814909996],[111.54693603515625,32.98562797456917],[111.55792236328125,32.884200285405484],[111.522216796875,32.86343938914865],[111.51123046875,32.79420130379319],[111.24755859375,32.57690621187389],[111.19537353515625,32.49586350791503]],[[112.40936279296875,34.54954921593402],[112.4066162109375,34.46127728843706],[112.26104736328125,34.309412579370544],[112.26654052734375,34.26629636058354],[112.2198486328125,34.23678304606287],[112.18414306640625,34.145907952009765],[111.76116943359375,33.98436372829188],[111.72821044921875,33.815666308702774],[111.70074462890625,33.79740876757249],[111.73095703125,33.74261277734689],[111.70623779296875,33.65806700735442],[111.73095703125,33.63520252129719],[111.7254638671875,33.57801474614399],[111.7034912109375,33.543683878655926],[111.58538818359375,33.49788816685208],[111.42333984375,33.3442960191357],[111.25579833984375,33.399345330420914],[111.09100341796875,33.422272258866045],[110.9783935546875,33.47727218776036],[110.87127685546875,33.47498122050128],[110.7916259765625,33.433733453417005],[110.73944091796875,33.433733453417005],[110.46478271484375,33.47498122050128],[110.22857666015625,33.44519313450846],[110.0665283203125,33.48414472606365]],[[112.01385498046875,34.76192255039477],[112.137451171875,34.73709847578162],[112.67578125,34.77997173591062]],[[112.3406982421875,34.63772760271712],[112.1978759765625,34.56538299699511],[111.90673828125,34.50881994305571],[111.7584228515625,34.42956713470528]],[[112.3736572265625,35.09294531373263],[112.4395751953125,35.097439809364204],[112.467041015625,35.142371137139904],[112.5933837890625,35.17605336599959],[112.67578125,35.1468629067563],[112.67578125,35.101934057246055]],[[112.12371826171875,35.13787911963418],[112.10723876953125,35.0075028429529],[112.06878662109375,34.97825201019258],[112.093505859375,34.91971899362207],[112.03857421875,34.84085858477276],[112.01934814453125,34.76192255039477],[111.9287109375,34.7506398050501],[111.76116943359375,34.78673916270253],[111.64306640625,34.73935551813358],[111.61834716796875,34.70775131553934],[111.51947021484375,34.694202959295495],[111.26953125,34.71678232049371],[111.1376953125,34.75740963726007],[111.02508544921875,34.723554927042215],[110.9564208984375,34.662581502314964]],[[111.19537353515625,34.849875031954184],[111.18988037109375,34.83860431863499]],[[111.1322021484375,34.75966612466247],[111.10748291015625,34.818313145609395],[111.20361328125,34.867904962568716],[111.17889404296875,34.92197103616377],[111.181640625,35.016500995886005],[111.14593505859375,35.043489514314686],[111.1212158203125,35.00975247399124],[110.972900390625,34.93323032184192],[110.90972900390625,34.908457853981375],[110.87127685546875,34.92422301690581],[110.841064453125,35.012002043160706],[110.72021484375,35.113168592954],[110.7257080078125,35.32408937278183],[110.7476806640625,35.35993616287675]],[[111.5771484375,34.7009774147201],[111.37939453125,34.71452466170392]],[[110.950927734375,34.520135628077654],[110.87127685546875,34.4793919710481],[110.797119140625,34.50202979443459],[110.731201171875,34.56538299699511]],[[109.9127197265625,34.53597500508991],[109.8907470703125,34.64450667793234],[109.9072265625,34.703235443285095],[109.8797607421875,34.78448341546134],[109.8907470703125,34.85212898939811],[109.86328125,34.872411827691025],[109.86602783203125,34.996253759790136],[109.896240234375,35.09294531373263],[109.97314453125,35.160336728130346],[109.984130859375,35.21420969483077],[109.962158203125,35.29046856590878]],[[110.3082275390625,34.64676624651911],[110.2642822265625,34.7009774147201],[110.3631591796875,34.85212898939811],[110.47576904296875,34.91521472314689],[110.89874267578125,35.01425155045956],[111.07177734375,35.19401151791166],[111.181640625,35.35993616287675],[111.280517578125,35.418153265695125],[111.32171630859375,35.47856499535729],[111.3079833984375,35.55904339525897],[111.26953125,35.592552240892346],[111.2750244140625,35.6907639509368],[111.478271484375,36.17335693522159],[111.62933349609375,36.32176422120382],[111.73095703125,36.33946565299958],[111.7529296875,36.366010258936925],[111.80511474609375,36.48976535146369],[111.79962158203125,36.76089124956562],[111.92596435546875,36.90817608096904],[111.9342041015625,37.00913272027145],[112.247314453125,37.221580458386484],[112.2802734375,37.42034463389753],[112.21435546875,37.55546506818696]],[[110.26702880859375,35.299435480545455],[110.33843994140625,35.24786215739992],[110.423583984375,35.24113278166642],[110.5059814453125,35.261319233370926],[110.5499267578125,35.308401401691626]],[[110.5609130859375,35.31288398967159],[110.64056396484375,35.35545618392078],[110.8740234375,35.380092992092145],[110.91796875,35.418153265695125],[111.11297607421875,35.42262976362149],[111.3189697265625,35.47856499535729],[111.5386962890625,35.42486791930558],[111.60186767578125,35.308401401691626],[111.807861328125,35.19625600786368],[112.03033447265625,35.140125159372346],[112.12371826171875,35.1468629067563],[112.33795166015625,35.06597313798417],[112.65655517578125,35.0075028429529]],[[110.90423583984375,35.020999701114675],[110.91796875,35.027747294870636],[110.9014892578125,35.020999701114675]],[[110.90423583984375,35.02549815883259],[110.88226318359375,35.016500995886005]],[[110.99761962890625,35.12664799144554],[111.060791015625,35.07046911981966],[111.15142822265625,35.041240811494504]],[[110.75042724609375,35.35993616287675],[110.830078125,35.60371874069732],[110.8135986328125,35.69968630125203],[110.76416015625,35.73536571865023],[110.80535888671875,35.782170703266075],[110.82183837890625,35.909073928771534],[110.76416015625,35.99578538642032],[110.77789306640625,36.06464195517141],[110.76690673828125,36.03355289340038]],[[110.53070068359375,35.57691652403861],[110.78887939453125,35.65060102359122],[111.16790771484375,35.64390523787732],[111.2750244140625,35.6907639509368],[111.47003173828125,35.71529801212529],[111.71173095703125,35.68630240145626],[111.84356689453125,35.737595151747826],[112.0440673828125,35.65952786487722],[112.12646484375,35.65729624809629],[112.16766357421875,35.67960960936858],[112.25830078125,35.666222341034796],[112.31597900390625,35.64167318460059],[112.34344482421875,35.56798045801209],[112.379150390625,35.53893136033349],[112.52471923828125,35.51881428123059],[112.57415771484375,35.48527461007852],[112.67578125,35.483038134069574]],[[110.1104736328125,35.97800618085566],[110.08575439453125,35.83117495624653],[110.01983642578125,35.82449433864731],[109.9346923828125,35.759886049336615],[109.8138427734375,35.565746285762756],[109.7369384765625,35.54563593249942],[109.654541015625,35.460669951495305],[109.6710205078125,35.337533782800946],[109.632568359375,35.25459097465023],[109.66278076171875,35.19401151791166],[109.6600341796875,35.12664799144554],[109.62432861328125,35.036743220175296],[109.64630126953125,34.91521472314689]],[[110.23406982421875,36.0824016199585],[110.08575439453125,36.184441834883],[110.0830078125,36.23762751669997],[110.115966796875,36.28634929429455],[110.01708984375,36.34610265300638],[109.94293212890625,36.560393933370676],[109.8577880859375,36.6574028957064],[109.86328125,36.692648619939916]],[[110.98114013671875,36.595684037179055],[111.22833251953125,36.66180949419196],[111.33544921875,36.64638529597498],[111.4453125,36.58245213849011],[111.55242919921875,36.600094165941144],[111.62933349609375,36.54053616262898],[111.807861328125,36.52729481454624]],[[110.98388671875,36.595684037179055],[110.91522216796875,36.62434536776988],[110.83282470703125,36.76749215619674],[110.7696533203125,36.8092847020594],[110.67901611328125,36.82027895130875],[110.643310546875,36.78949107451841],[110.56640625,36.78509179597694],[110.4510498046875,36.804886560237236],[110.32470703125,36.7762924811868],[110.28350830078125,36.78509179597694],[110.2093505859375,36.85764758564406],[110.08575439453125,36.88621127842177]],[[111.70623779296875,36.33504067209607],[111.72821044921875,36.25091828815388],[111.70074462890625,36.19330862531989]],[[111.72821044921875,36.16448788632064],[111.68975830078125,36.19995805932895],[111.5386962890625,36.24870331653197]],[[111.8133544921875,36.006895355244666],[111.632080078125,36.05354012833976]],[[112.25830078125,35.666222341034796],[112.31597900390625,35.71975793933433],[112.37640380859375,35.73536571865023],[112.5054931640625,35.706377408871774],[112.67303466796875,35.71529801212529]],[[112.225341796875,37.58158917213052],[112.20062255859375,37.594647787873456],[112.2308349609375,37.60987994374712],[112.203369140625,37.62510898062149],[112.2198486328125,37.71207219310847],[112.1868896484375,37.742485238266084],[112.15118408203125,37.88135717974859],[112.1099853515625,37.92036783594351]],[[112.4725341796875,37.74900069437069],[112.445068359375,37.690340943717715],[112.26104736328125,37.61640705577993],[112.16217041015625,37.51844023887861],[112.03582763671875,37.48139702942734],[111.98089599609375,37.402891941223785],[111.77215576171875,37.3002752813443],[111.7034912109375,37.23251521134918],[111.59088134765625,37.26749576438186],[111.57440185546875,37.31338308990806],[111.51397705078125,37.3461426132468],[111.50299072265625,37.415981841946135],[111.2860107421875,37.47921744485059],[111.23382568359375,37.5249753680482],[111.09100341796875,37.507547084964116],[110.85479736328125,37.40725549559873],[110.7037353515625,37.437793259976544],[110.64605712890625,37.55546506818696],[110.6103515625,37.57723579111111],[110.18463134765625,37.55981972178118],[110.06103515625,37.57505900514997],[109.99237060546875,37.627284302680124],[109.9127197265625,37.59682400108366],[109.52545166015625,37.54457732085582],[109.43206787109375,37.56635122499223],[109.3084716796875,37.53804390907163],[109.1546630859375,37.61205571141282],[108.951416015625,37.60335225883688],[108.86077880859375,37.63380988687156],[108.6328125,37.57070524233116],[108.25103759765625,37.51626173528878],[107.69622802734375,37.55328764595765],[107.40509033203125,37.80110369060961],[107.1661376953125,37.907366581454966],[106.95465087890625,38.078365629967124],[106.8475341796875,38.123753982422414],[106.7431640625,38.10214399750345],[106.6278076171875,38.11727165830541],[106.468505859375,38.324420427006544],[106.3201904296875,38.42562182814217]],[[112.4615478515625,37.88786039168386],[112.25006103515625,37.93120045933371],[112.071533203125,37.93553306183642],[112.049560546875,37.99399819836958],[112.0989990234375,38.03943889182176],[112.0880126953125,38.09782123329512],[112.13470458984375,38.17991001446117]],[[111.86553955078125,38.22955045532615],[111.7529296875,38.25112269630296],[111.6156005859375,38.324420427006544],[111.456298828125,38.343810375256055],[111.390380859375,38.373962202630935],[111.28875732421875,38.37180891714755],[111.26953125,38.455739558655864],[111.19537353515625,38.47079371120378]],[[111.522216796875,38.33303882235455],[111.40960693359375,38.36534867623902]],[[109.808349609375,38.30718056188314],[109.940185546875,38.36104152859602],[110.11871337890625,38.328729752789286],[110.42083740234375,38.11727165830541],[110.45654296875,38.05025395161289],[110.54443359375,38.024295124443995],[110.78338623046875,38.05457952821192],[110.86029052734375,38.022131473537456],[111.1871337890625,38.0091482264894],[111.31072998046875,37.97668004819228],[111.39312744140625,38.02645871146123],[111.42333984375,38.08052761936273],[111.5826416015625,38.106466505982866],[111.71173095703125,38.171273439283084],[111.86279296875,38.20149697402081],[111.873779296875,38.24465169609363],[111.97265625,38.24249456800328],[112.05230712890625,38.19933856598385],[112.1209716796875,38.19286295796692],[112.247314453125,38.11078875872391],[112.30499267578125,38.121593271659236],[112.3516845703125,38.16479533621134],[112.39288330078125,38.15615696992492],[112.48626708984375,38.10214399750345],[112.4835205078125,38.07620357665235],[112.54669189453125,38.02862223458797]],[[109.69024658203125,38.36104152859602],[109.7698974609375,38.46219172306829],[110.09674072265625,38.717661788100855],[110.30548095703125,38.81831117374662],[110.4180908203125,38.831149809348744],[110.45928955078125,38.88889501576176],[110.43731689453125,38.987167701352604]],[[110.27252197265625,38.2273928792016],[110.313720703125,38.25759312039534],[110.32745361328125,38.302869955150044],[110.30548095703125,38.350272538257656],[110.3302001953125,38.49874308602779],[110.126953125,38.683365777523704],[110.12420654296875,38.74765730401543]],[[111.07177734375,37.677299136404244],[111.18988037109375,37.644684587165884],[111.2420654296875,37.65338320128765],[111.30523681640625,37.61640705577993],[111.302490234375,37.55546506818696],[111.24481201171875,37.5206186788693]],[[111.00311279296875,36.98719701173415],[111.148681640625,36.95208671786996],[111.2200927734375,36.96306042436515],[111.27777099609375,37.01790523173091],[111.3848876953125,37.01132594307015],[111.43707275390625,37.03763967977139],[111.434326171875,37.07709319175443],[111.49749755859375,37.14061402065653],[111.66778564453125,37.160316546736766],[111.7254638671875,37.20626914065441]],[[110.072021484375,37.13842453422676],[109.93194580078125,37.17126017626407],[109.7698974609375,37.155938651244625]],[[109.71221923828125,36.732280756072],[109.67376708984375,36.85764758564406],[109.7479248046875,36.960865809575864],[109.8028564453125,36.99158465967017],[109.7698974609375,37.09023980307208],[109.78912353515625,37.15156050223665]],[[109.34967041015625,36.7586908210984],[109.2205810546875,36.78289206199065],[109.12994384765625,36.84226271217676],[109.03656005859375,36.85764758564406],[108.7261962890625,36.855449936136495],[108.6712646484375,36.89939091854292],[108.4405517578125,36.8708321556463],[108.39111328125,36.912568282851936],[108.25103759765625,36.92354768108929],[108.20709228515625,36.97403254941864],[108.20709228515625,37.00913272027145],[107.90771484375,37.2784238564537],[107.90496826171875,37.330856613297144],[107.841796875,37.396346133189226],[107.8472900390625,37.41816326969145],[107.7264404296875,37.47049847079873],[107.69622802734375,37.55328764595765]],[[106.929931640625,37.60117623656667],[106.93267822265625,37.55111016010861],[106.8804931640625,37.42034463389753],[106.864013671875,37.19970619616174],[106.8255615234375,37.15156050223665],[106.83929443359375,37.07709319175443],[106.8804931640625,37.02886944696475],[107.0233154296875,36.96525497589677],[107.12493896484375,36.82027895130875],[107.1881103515625,36.77849240459416],[107.20733642578125,36.675027776102],[107.27325439453125,36.57583533849176],[107.42156982421875,36.454426885478014],[107.50946044921875,36.28634929429455],[107.69622802734375,36.18887535558558],[107.79510498046875,36.05576061900675],[107.8472900390625,36.03355289340038],[107.830810546875,36.01133890448607],[107.85552978515625,35.90684930677121],[107.89398193359375,35.897950193357545],[107.92144775390625,35.81113141643797],[107.9736328125,35.75319943557031],[107.95989990234375,35.581384183246215],[107.918701171875,35.523285179107816],[107.93243408203125,35.44053326772722],[108.03955078125,35.36889537510474],[108.1878662109375,35.37113502280101],[108.20709228515625,35.32633026307484],[108.270263671875,35.294952147406576],[108.32794189453125,35.22542873333704],[108.2867431640625,35.16707280202651],[108.27850341796875,35.09294531373263],[108.358154296875,35.05698043137265],[108.46527099609375,34.96249723244915],[108.48724365234375,34.89719516961729],[108.555908203125,34.85212898939811],[108.60809326171875,34.77545980961412],[108.68499755859375,34.7461262752594],[108.7042236328125,34.63998735602952],[108.66851806640625,34.44315867450577]],[[106.92718505859375,37.60117623656667],[106.864013671875,37.848832506474025],[106.875,38.01780398006113],[106.9024658203125,38.09565975529563]],[[107.4737548828125,37.7337970712443],[107.35015869140625,37.66860332433055],[107.09197998046875,37.64903402157866],[106.8365478515625,37.5728821555562],[106.72393798828125,37.57505900514997],[106.5234375,37.53368798315968]],[[107.42431640625,38.16479533621134],[107.24578857421875,38.23386541556985],[107.1551513671875,38.24249456800328],[106.96014404296875,38.337347635693135],[106.74041748046875,38.33950194627457],[106.64703369140625,38.50519140240357]],[[109.676513671875,38.4514377951069],[109.6875,38.40625379485266]],[[109.66827392578125,38.619016437278646],[109.66278076171875,38.59111377614744]],[[108.03680419921875,39.202462225882385],[108.05877685546875,39.09596293630548],[107.874755859375,38.927365763942475],[107.7978515625,38.81617117607388],[107.75115966796875,38.73908844187687],[107.742919921875,38.66621160515669],[107.655029296875,38.56105262446977],[107.589111328125,38.38472766885084],[107.52044677734375,38.28993659801202],[107.523193359375,38.13671690413537],[107.4737548828125,38.011312260706745],[107.4847412109375,37.96368875328558],[107.4188232421875,37.896530447543],[107.391357421875,37.8054439493427]],[[107.1221923828125,39.32792401769029],[107.26226806640625,39.23438058054427],[107.40509033203125,39.25139776900491],[107.8033447265625,39.23438058054427],[108.02032470703125,39.26415795094215],[108.0615234375,39.30029918615028],[108.20709228515625,39.33004855294243],[108.369140625,39.4361929993141],[108.52020263671875,39.48284540453335],[108.7701416015625,39.61415207700267],[109.09698486328125,39.70296052957232],[109.25628662109375,39.69662085337441],[109.544677734375,39.73887436009366],[109.852294921875,39.66914219401812],[110.32745361328125,39.66914219401812],[110.40985107421875,39.70296052957232],[110.54168701171875,39.713525362373474],[110.77239990234375,39.69662085337441],[111.10198974609375,39.75787999202174],[111.15142822265625,39.802206074749705],[111.26953125,39.81275569547813],[111.34368896484375,39.795875525297106],[111.42333984375,39.81486542536206],[111.500244140625,39.764214037515586],[111.5386962890625,39.79376521264885],[111.65130615234375,39.74943369178246],[111.884765625,39.75576851405813],[111.939697265625,39.808536041445905],[112.1044921875,39.778991211238406],[112.181396484375,39.69239407904183],[112.203369140625,39.592990390285024],[112.24456787109375,39.571822237343724],[112.40386962890625,39.62049932196811],[112.5933837890625,39.552765371831015],[112.67578125,39.57393934359189]],[[107.2265625,39.24501680713314],[107.05078125,39.217359263919604],[106.9189453125,39.25139776900491],[106.80908203125,39.325799417892966],[106.78985595703125,39.40861097325808]],[[109.940185546875,40.57849862511043],[109.9951171875,40.568067454307254]],[[109.918212890625,40.50753459933617],[109.940185546875,40.386304853509046],[109.98687744140625,40.31513750307457],[109.98138427734375,40.233411907115055],[110.028076171875,40.18307014852533],[110.03631591796875,40.06546068206555],[109.9566650390625,39.90552253972854],[109.95941162109375,39.869695670456565],[109.90997314453125,39.81486542536206],[109.92095947265625,39.76210275375141],[109.8907470703125,39.609920257000795],[109.8193359375,39.493443862795374],[109.84405517578125,39.34916646551957],[109.8248291015625,39.20671884491847],[109.786376953125,39.170529361452964],[109.786376953125,39.00637903337454],[109.74517822265625,38.940184713203564],[109.66827392578125,38.64905332214022]],[[109.9896240234375,40.30675993658963],[110.0775146484375,40.346544121180045],[110.2532958984375,40.551374198715166]],[[109.8193359375,40.31304320888091],[109.7698974609375,40.38839687388361],[109.73419189453125,40.51797520038852],[109.5941162109375,40.5951851158199],[109.5721435546875,40.65355504328841]],[[109.874267578125,39.504040705584146],[109.91546630859375,39.56123573632482],[109.93194580078125,39.65645604812829],[109.97589111328125,39.69450749856091],[109.9896240234375,39.77054750039528]],[[112.4560546875,39.3385460484798],[112.67578125,39.334297429807236]],[[112.3956298828125,40.06546068206555],[112.3406982421875,40.019201307686785],[112.37640380859375,39.97080568052772],[112.39013671875,39.829631721333726],[112.42584228515625,39.80642611729937],[112.41485595703125,39.7240885773337],[112.2857666015625,39.58875727696545],[112.247314453125,39.508278990341125],[112.34344482421875,39.27904189436677],[112.33795166015625,39.25352462727605],[112.29949951171875,39.23863526469435],[112.28302001953125,39.17478791493289],[112.14019775390625,39.134321245271735],[112.0660400390625,39.03838632847035],[111.91497802734375,38.982897808179985],[111.87103271484375,38.90172091499795],[111.7584228515625,38.869651824083576],[111.71722412109375,38.79476766282312],[111.4892578125,38.760508669111516],[111.3739013671875,38.67693344463794],[111.2530517578125,38.524532887486885],[111.18988037109375,38.49659351894758],[111.1871337890625,38.45789034424928],[111.082763671875,38.4514377951069],[111.1322021484375,38.21876193471269],[111.11297607421875,38.175591854816616],[110.99761962890625,38.11943249695315],[110.95367431640625,38.04809106745722],[110.96466064453125,38.011312260706745],[110.93719482421875,37.968019440356485],[110.95367431640625,37.89219554724437],[110.93170166015625,37.8553385894982],[110.950927734375,37.77288579232439],[111.0003662109375,37.7337970712443],[111.060791015625,37.72510788462094],[111.0772705078125,37.642509774448754],[111.03607177734375,37.59029517052193],[111.060791015625,37.54893261064112],[111.0498046875,37.483576550427],[111.09375,37.402891941223785],[111.2091064453125,37.291535472927364],[111.22833251953125,37.16469418870223],[111.15966796875,37.10119357072203],[111.14044189453125,36.97403254941864],[111.15692138671875,36.910372213522535],[110.95916748046875,36.76309161490538],[110.98114013671875,36.595684037179055],[110.87677001953125,36.50080531760479]],[[111.38763427734375,40.03602652981169],[111.33819580078125,40.10328591293438],[111.24755859375,40.15158756460002],[111.170654296875,40.15578608609647],[111.0772705078125,40.21244071828647],[110.75042724609375,40.19565909336464],[110.511474609375,40.239701997817576],[110.313720703125,40.22921818870117],[110.02532958984375,40.25647271628503],[109.8193359375,40.31304320888091],[109.566650390625,40.32560799973206],[109.44854736328125,40.39885600103787],[108.83880615234375,40.45530721213149],[108.6602783203125,40.50753459933617],[108.5174560546875,40.68688638215113],[108.3251953125,40.765981527712825],[108.16314697265625,40.79925662005229],[107.9681396484375,40.76182096906601],[107.78961181640625,40.76806170936612],[107.6220703125,40.71395582628605],[107.48748779296875,40.634798844041626],[107.1551513671875,40.33188951824974],[107.07275390625,40.29628651711715]],[[111.62933349609375,40.497092372695676],[111.6046142578125,40.67022279530735],[111.62109375,40.72852712420598]],[[111.54144287109375,40.69313415330808],[111.5057373046875,40.597270634420255],[111.42333984375,40.48873742102282],[111.33544921875,40.42186036204518],[111.29425048828125,40.262760664371825],[111.25579833984375,40.22921818870117],[111.192626953125,40.0549499439995],[111.20635986328125,39.9981639445858],[111.16790771484375,39.953964380766394],[111.17889404296875,39.88655770592848],[111.1322021484375,39.8465036024177],[111.1431884765625,39.71141252523694],[111.11846923828125,39.59722324495564],[111.15142822265625,39.571822237343724],[111.148681640625,39.48284540453335],[111.1871337890625,39.45316112807393],[111.192626953125,39.40012200014593],[111.23382568359375,39.37040245787162],[111.368408203125,39.374648881600706],[111.55242919921875,39.3385460484798],[111.5826416015625,39.31305046371389],[111.58538818359375,39.274789661703096],[111.69525146484375,39.215231309104894],[111.72821044921875,39.16201148082405],[111.90948486328125,39.078908097064755],[112.027587890625,39.06611426153785],[112.0880126953125,39.09809450124908],[112.21710205078125,39.10448880944048],[112.3736572265625,38.99784130750072],[112.4945068359375,38.99570671505043],[112.5384521484375,38.94872939211095],[112.67578125,38.967951154015935]],[[111.8353271484375,40.89067715064627],[111.76666259765625,40.844982649254035]],[[111.80511474609375,40.75974059207391],[111.829833984375,40.7347709896724],[111.83258056640625,40.66397287638688],[111.8792724609375,40.5472002344105],[111.84356689453125,40.47829226856018],[111.86553955078125,40.394672545122944],[112.0880126953125,40.23550866893913],[112.14569091796875,40.22921818870117],[112.21160888671875,40.2711436860842],[112.2802734375,40.25228042623786],[112.3187255859375,40.189364913019006],[112.36541748046875,40.164182350374176],[112.3956298828125,40.06546068206555],[112.4285888671875,40.04023218690452],[112.67578125,40.04233491818053]],[[111.8353271484375,40.70771000786732],[111.961669921875,40.73268976628569],[112.11273193359375,40.7118739519081],[112.09625244140625,40.71603763556806]],[[112.28851318359375,41.112468789180895],[112.2528076171875,41.037930622465296]],[[112.67578125,40.9259649395143],[112.60986328125,40.963307953073524],[112.598876953125,41.01721057822843],[112.56317138671875,41.03378713521863],[112.27203369140625,41.04414536431318],[112.10174560546875,40.9550113304862],[111.97540283203125,40.95086262813277],[111.9232177734375,40.91973905106221],[111.87103271484375,40.782621157698514],[111.74468994140625,40.69313415330808],[111.5386962890625,40.67647212850005],[111.4508056640625,40.75557964275589]],[[112.67578125,40.65355504328841],[112.44781494140625,40.53885152535466],[112.379150390625,40.44694705960049],[112.225341796875,40.38839687388361],[112.18414306640625,40.31304320888091],[112.09625244140625,40.245991504199026],[111.8243408203125,40.193561098156124],[111.65130615234375,40.18516846826054],[111.50848388671875,40.109588074741396],[111.34368896484375,40.08647729380883]],[[112.57965087890625,39.3385460484798],[112.5384521484375,39.25777815028337],[112.34344482421875,39.27904189436677]],[[112.67578125,38.45789034424928],[112.67578125,38.436379603000006]],[[112.67578125,38.54172095604039],[112.6373291015625,38.56964280859043],[112.5384521484375,38.57179019417367],[112.47528076171875,38.50734071290347],[112.379150390625,38.52023522875919],[112.32421875,38.48369476951686],[112.1484375,38.56964280859043],[111.94793701171875,38.601846852838094],[111.79962158203125,38.58896696823243],[111.57989501953125,38.69622870885283],[111.5936279296875,38.77764022307335],[111.54144287109375,38.81403111409756],[111.3519287109375,38.79476766282312],[111.26953125,38.831149809348744],[111.26129150390625,38.87606680031536],[111.1871337890625,38.927365763942475],[110.9893798828125,38.97222194853654],[110.91796875,38.93163900447186],[110.80810546875,38.95086540091998],[110.68450927734375,38.927365763942475],[110.58563232421875,38.96154447940714],[110.47576904296875,38.85254239036422],[110.4400634765625,38.85254239036422]],[[112.67578125,38.184227918207256],[112.5,38.13023573104303],[112.3736572265625,38.158316657442015]],[[112.6153564453125,38.01780398006113],[112.66754150390625,38.00698412839117]],[[112.61260986328125,38.01564013749379],[112.54669189453125,38.02862223458797],[112.48626708984375,38.0091482264894],[112.4615478515625,37.96152331396614],[112.46429443359375,37.755515576870636],[112.5164794921875,37.740313292102655],[112.67578125,37.76637243960178]],[[112.642822265625,37.77071473849608],[112.57965087890625,37.95502661288626],[112.67578125,38.09349821336741]],[[112.5714111328125,37.65773212628271],[112.67578125,37.56199695314352]],[[112.67578125,37.52933180281508],[112.2857666015625,37.409437177487874]],[[112.67578125,37.06175259706909],[112.56317138671875,37.10776507118514],[112.5,37.105574634377874],[112.43408203125,37.070519031125826],[112.27203369140625,37.10119357072203],[112.20611572265625,37.09243068328347],[112.06878662109375,37.16688291460905],[111.87103271484375,37.16907157713011],[111.7034912109375,37.23251521134918]],[[112.67578125,36.61111838494165],[112.62359619140625,36.61111838494165],[112.56866455078125,36.57142382346278],[112.37091064453125,36.57142382346278],[112.225341796875,36.52950186333476],[112.1044921875,36.54715598643371],[112.0660400390625,36.52067329034796]],[[112.67578125,36.22876574685928],[112.47802734375,36.25313319699069],[112.4395751953125,36.21990297270261],[112.236328125,36.155617833818525],[111.74468994140625,36.17335693522159],[111.5386962890625,35.97800618085566],[111.43157958984375,35.98245135784043],[111.302490234375,35.951329861522666],[111.25030517578125,35.9579997862207],[111.21185302734375,36.03355289340038],[111.11572265625,36.075742215627],[111.0882568359375,36.04243673532787],[110.91522216796875,36.02244668175847],[110.841064453125,36.07352228885536],[110.80810546875,36.06464195517141],[110.69549560546875,36.10237644873645],[110.58837890625,36.04687828046171],[110.22857666015625,36.08018188118015],[110.11871337890625,35.98467385243838],[110.0115966796875,35.96022296929668],[109.852294921875,35.98467385243838],[109.70947265625,35.951329861522666],[109.5611572265625,35.9579997862207],[109.4732666015625,35.915747419499695],[109.42108154296875,35.93576451385529],[109.259033203125,35.922420347285055],[109.149169921875,35.88905007936094],[109.072265625,35.91797179131282],[109.0338134765625,35.966892143032325],[108.973388671875,35.964669147704086],[108.91845703125,36.02244668175847],[108.67950439453125,36.12234620030519],[108.52294921875,36.0779620797358],[108.40484619140625,36.11125252076157],[108.226318359375,36.066862132578876],[107.9901123046875,35.915747419499695],[107.88848876953125,35.975783498472],[107.7044677734375,35.933540642493114],[107.6934814453125,35.902399875143615],[107.63031005859375,35.90462462222801],[107.59735107421875,35.8356283888737],[107.61383056640625,35.70414710206052],[107.6715087890625,35.56798045801209],[107.742919921875,35.507635947037855],[107.77587890625,35.37337460834958],[107.75390625,35.337533782800946],[107.76763916015625,35.31288398967159],[107.68798828125,35.362176059146805],[107.55615234375,35.37337460834958],[107.3199462890625,35.33977430038645],[106.94915771484375,35.44277092585766],[106.83929443359375,35.496456056584165],[106.5618896484375,35.543401137387335],[106.41082763671875,35.59701902776685],[106.35589599609375,35.57468260098091],[106.2872314453125,35.59478566548724],[106.259765625,35.75097043944926],[106.270751953125,35.804449111914906],[106.248779296875,35.83117495624653],[106.2762451171875,35.98245135784043],[106.19659423828125,36.060201412392914],[106.19384765625,36.17113976708937],[106.1004638671875,36.33282808737917],[106.14166259765625,36.56260003738545],[106.0345458984375,36.77409249464195],[105.8477783203125,36.98719701173415],[105.77362060546875,37.13623498442898],[105.72967529296875,37.15374960842942]],[[112.67578125,35.05248370662467],[112.60986328125,34.77771580360469],[112.53570556640625,34.725812339278676],[112.54119873046875,34.66032236481891],[112.489013671875,34.54728700119803],[112.5,34.50881994305571]],[[112.67578125,34.43183254485125],[112.5933837890625,34.35023911062778],[112.5274658203125,34.35250666867596]],[[112.6702880859375,34.44315867450577],[112.3846435546875,34.542762387234845],[112.31597900390625,34.68065238482747],[112.34344482421875,34.81154831029379],[112.4395751953125,34.91071020549454],[112.43682861328125,34.97375095431687],[112.357177734375,35.101934057246055],[112.35443115234375,35.160336728130346],[112.3736572265625,35.17829835200121],[112.35443115234375,35.252348097623354],[112.38739013671875,35.34201475584807],[112.33245849609375,35.507635947037855],[112.357177734375,35.55010533588552]],[[112.5164794921875,34.35477416538757],[112.357177734375,34.39331222316112],[112.17041015625,34.397844946449865],[112.10174560546875,34.43862840686651],[112.071533203125,34.47259942583135],[112.07427978515625,34.54954921593402],[112.005615234375,34.73935551813358],[112.01934814453125,34.75966612466247]],[[112.532958984375,34.31394984163214],[112.54669189453125,34.20725938207231],[112.61260986328125,34.068587174791986],[112.6043701171875,33.954751868571904],[112.67578125,33.80882018730745],[112.6483154296875,33.71063227149209],[112.47528076171875,33.568861182555565],[112.4725341796875,33.49101671911272],[112.4285888671875,33.38558626887102],[112.45880126953125,33.28461996888768],[112.44781494140625,33.14904983719869],[112.39288330078125,33.03399561940715],[112.39288330078125,32.9764120829052]],[[112.67578125,34.19590137180653],[112.53570556640625,34.31168124115257],[112.50274658203125,34.50881994305571]],[[112.67578125,33.70377775573253],[112.510986328125,33.760882000869174],[112.43682861328125,33.72890830547334],[112.2857666015625,33.78599582629231],[111.85455322265625,33.73804486328906],[111.7254638671875,33.758598560812004]],[[112.67578125,33.07082934859187],[112.6702880859375,32.99484290420989],[112.48626708984375,32.835750632955964],[112.39013671875,32.71566625570317],[112.25006103515625,32.61161640317033],[112.20611572265625,32.537551746769],[112.11273193359375,32.45415593941475],[112.12921142578125,32.37300260498657],[112.10174560546875,32.31731244438278],[112.060546875,32.03369169193891],[112.071533203125,31.872892847840674],[112.1209716796875,31.80289258670676]],[[112.6702880859375,33.066225975146736],[112.423095703125,33.09844453136719]],[[112.67578125,32.80112754111693],[112.5714111328125,32.90495631913751],[112.467041015625,32.93031819907053],[112.39288330078125,32.9764120829052],[112.005615234375,33.027087580028734],[111.7803955078125,33.10304621868762],[111.59637451171875,33.22720064403191],[111.5057373046875,33.32823340910778],[111.42333984375,33.34200154191562]],[[112.357177734375,31.80289258670676],[112.33245849609375,31.80289258670676]],[[112.0001220703125,31.80289258670676],[112.027587890625,31.877557643340012],[112.06878662109375,31.89621446335144]],[[112.06878662109375,31.898546300090374],[112.18414306640625,31.900878077763068],[112.2088623046875,31.94283997285308],[112.34893798828125,31.989441837922882],[112.35443115234375,32.14305999998845]],[[111.939697265625,31.80289258670676],[111.81060791015625,31.80289258670676]],[[111.73370361328125,31.80289258670676],[111.807861328125,31.80289258670676]],[[111.27227783203125,31.833232553025212],[111.24755859375,31.805226784149482]],[[109.53094482421875,31.80289258670676],[109.50347900390625,31.85656420395223],[109.53094482421875,31.924192605327704],[109.54193115234375,32.07559289203769],[109.4622802734375,32.129105378668854],[109.40460205078125,32.22674287041066],[109.412841796875,32.25462006000723],[109.3634033203125,32.35444302709291],[109.37713623046875,32.379961464357294]],[[106.8475341796875,31.80289258670676],[106.86676025390625,31.82856551476617]],[[106.7486572265625,31.93351676190369],[106.842041015625,31.8798899525235],[106.864013671875,31.82856551476617]],[[106.77886962890625,31.81923073032661],[106.7706298828125,31.80289258670676]],[[106.611328125,31.80289258670676],[106.74041748046875,31.893882567548644],[106.7596435546875,32.005746901214636],[106.78436279296875,32.02204906495204],[106.75140380859375,32.11980111179328],[106.8145751953125,32.27087780256757],[106.798095703125,32.33587963983594],[106.864013671875,32.38460040620993],[106.8804931640625,32.56764789050999],[106.97113037109375,32.60698915452777],[106.92169189453125,32.70873336852159],[106.9024658203125,33.0178760185549],[106.93817138671875,33.08233672856376],[106.9244384765625,33.18353672893615],[106.995849609375,33.39705230475205],[107.0013427734375,33.48414472606365],[106.97662353515625,33.5459730276919],[107.0233154296875,33.69463755048318],[106.98486328125,33.75631505992706],[107.00408935546875,33.829356907739324],[106.962890625,34.05493499798558],[106.9903564453125,34.25721644329403]],[[105.82855224609375,31.80289258670676],[105.963134765625,31.84956532831343],[106.138916015625,31.870560361529584],[106.34765625,31.85656420395223],[106.50970458984375,31.80289258670676]],[[104.88922119140625,31.80289258670676],[104.91668701171875,31.842565921526727],[105.01556396484375,31.893882567548644],[105.13092041015625,32.04067655771746],[105.24627685546875,32.136082956202074],[105.43304443359375,32.25694277294588],[105.5291748046875,32.27784451498272],[105.6390380859375,32.34980253736093],[105.721435546875,32.301063025369274],[105.809326171875,32.31731244438278],[105.88348388671875,32.23138966273763],[105.88348388671875,32.177937210526665],[105.908203125,32.15468722002481],[105.89447021484375,32.08722870829662],[105.9246826171875,32.0453328388585],[105.919189453125,31.805226784149482]],[[102.59857177734375,31.823898240526958],[102.50244140625,31.86122982593092],[102.27447509765625,31.8798899525235]]]},"properties":{"kind":"highway","kind_detail":"motorway","source":"Protomaps / OpenStreetMap","source_zoom":5},"id":35184385551860},{"type":"Feature","geometry":{"type":"MultiLineString","coordinates":[[[106.7926025390625,39.40012200014593],[106.80908203125,39.412855072329506]],[[106.72119140625,39.223742741391305],[106.7156982421875,39.23863526469435]],[[106.63055419921875,39.10022600175347],[106.61407470703125,39.10022600175347]],[[106.48773193359375,38.88461920129191],[106.48223876953125,38.869651824083576]],[[106.28448486328125,38.90385833966778],[106.26800537109375,38.89103282648847]],[[105.9686279296875,39.259904815017535],[105.9686279296875,39.26628442213067]],[[105.66925048828125,38.53097889440025],[105.65826416015625,38.53312743505276]],[[106.3092041015625,38.57393751557592],[106.32568359375,38.580379094685924]],[[106.336669921875,38.62974534092598],[106.3421630859375,38.642617906345265]],[[106.4410400390625,38.7840634951429],[106.424560546875,38.7840634951429]],[[106.7047119140625,38.380421674606794],[106.688232421875,38.367502153950454]],[[106.42181396484375,38.34596449365381],[106.41082763671875,38.343810375256055]],[[106.3201904296875,38.42562182814217],[106.3201904296875,38.42562182814217]],[[106.3421630859375,38.40410147066251],[106.34765625,38.41271038284708]],[[106.5728759765625,38.190704293996504],[106.56463623046875,38.19718009396178]],[[106.28173828125,37.95719224376526],[106.27349853515625,37.9593578107923]],[[106.14990234375,37.91170058826019],[106.1444091796875,37.92036783594351]],[[105.61431884765625,37.39198194353354],[105.6280517578125,37.398528132728615]],[[105.721435546875,37.16469418870223],[105.74066162109375,37.15156050223665]],[[105.99609375,37.46613860234406],[106.007080078125,37.472678309670826]],[[105.85601806640625,37.71641767847623],[105.8477783203125,37.72293542866174]],[[106.5399169921875,37.607704112428394],[106.578369140625,37.59029517052193]],[[105.0238037109375,37.57070524233116],[105.029296875,37.57070524233116]],[[104.10919189453125,37.2368886685595],[104.117431640625,37.24344837865411]],[[103.06549072265625,38.53742432387327],[103.06549072265625,38.53527591154415]],[[102.08770751953125,38.19933856598385],[102.073974609375,38.20581359813474]],[[102.32940673828125,38.494443887725055],[102.31842041015625,38.50089258896463]],[[102.19482421875,38.45358870894137],[102.20855712890625,38.46434231629166]],[[101.9696044921875,36.89499795802219],[101.95587158203125,36.884014450496764]],[[101.73614501953125,36.98500309285596],[101.73614501953125,36.96525497589677]],[[101.9036865234375,36.56480607840351],[101.8927001953125,36.55377524336089]],[[102.03277587890625,36.5184659896759],[102.02728271484375,36.52508770278463]],[[103.7823486328125,36.23762751669997],[103.798828125,36.23541216839979]],[[103.677978515625,36.30184530368432],[103.69171142578125,36.30848550829367]],[[103.58734130859375,36.18887535558558],[103.57635498046875,36.191092021824545]],[[103.75762939453125,35.98245135784043],[103.7603759765625,36.00467348670186]],[[103.8372802734375,35.98245135784043],[103.853759765625,35.96911507577482]],[[104.0130615234375,35.964669147704086],[103.99658203125,35.97133794592999]],[[102.93914794921875,35.50092819950359],[102.9583740234375,35.496456056584165]],[[105.3753662109375,33.79740876757249],[105.369873046875,33.81338432911281]],[[105.09796142578125,33.29839499061643],[105.11993408203125,33.286915956862074]],[[104.490966796875,33.68778175843937],[104.468994140625,33.69920777465873]],[[104.25201416015625,33.17893926058103],[104.2327880859375,33.14675022877648]],[[105.64727783203125,32.345161809561944],[105.63629150390625,32.35676318267811]],[[105.81207275390625,32.3126700506258],[105.79833984375,32.319633552035214]],[[105.8477783203125,32.484280010590226],[105.8203125,32.4726950220615]],[[106.6827392578125,35.1625821480843],[106.6937255859375,35.17380831799959]],[[105.9906005859375,35.13787911963418],[105.9796142578125,35.13787911963418]],[[104.65301513671875,34.97150033361733],[104.63653564453125,34.97375095431687]],[[104.68597412109375,35.48974737539362],[104.69146728515625,35.49421989176048]],[[104.23553466796875,35.88905007936094],[104.249267578125,35.8801489648836]],[[104.1778564453125,35.96244608979167],[104.16412353515625,35.97133794592999]],[[105.64453125,36.59347887826918],[105.64727783203125,36.597889133070225]],[[106.10595703125,36.41465185677697],[106.1004638671875,36.40138898484862]],[[106.600341796875,36.13565654678543],[106.61407470703125,36.13343831245865]],[[106.19384765625,36.06908224732973],[106.1993408203125,36.05354012833976]],[[107.83905029296875,35.966892143032325],[107.852783203125,35.964669147704086]],[[107.7923583984375,36.07130229942241],[107.786865234375,36.0779620797358]],[[109.2205810546875,35.90684930677121],[109.21234130859375,35.89127520165914]],[[109.1876220703125,35.556808973844596],[109.1546630859375,35.56127775438456]],[[108.40484619140625,35.016500995886005],[108.38836669921875,35.016500995886005]],[[108.896484375,34.89268966339911],[108.907470703125,34.88142481679756]],[[109.017333984375,35.25459097465023],[109.00634765625,35.2388895323226],[109.02008056640625,35.252348097623354]],[[109.65179443359375,34.91746688928252],[109.63531494140625,34.91071020549454]],[[109.00360107421875,35.10418108827649],[108.995361328125,35.0906979730151]],[[109.65728759765625,34.49750272138159],[109.6380615234375,34.49071165088101]],[[109.09698486328125,34.54954921593402],[109.11346435546875,34.54502472496435]],[[109.083251953125,34.309412579370544],[109.0997314453125,34.31848685867645]],[[109.05303955078125,34.35477416538757],[109.06951904296875,34.359308974793564]],[[109.00360107421875,34.36157628748418],[108.9788818359375,34.36384353883068]],[[108.91571044921875,34.3797125804622],[108.9129638671875,34.36384353883068]],[[108.93218994140625,34.36611072883116],[108.96240234375,34.36611072883116]],[[108.65753173828125,34.44542371620848],[108.665771484375,34.45221847282653]],[[108.92669677734375,34.4861839632883],[108.9239501953125,34.50202979443459]],[[108.5943603515625,34.465806327688526],[108.6053466796875,34.45674800347808]],[[108.11920166015625,34.969249651079],[108.1329345703125,34.97825201019258]],[[107.28424072265625,34.357041600760724],[107.3089599609375,34.357041600760724]],[[107.30072021484375,34.32529192442733],[107.314453125,34.32982832836203]],[[106.9683837890625,34.08906131584993],[106.9683837890625,34.10498222546687]],[[107.92144775390625,34.275375297643876],[107.9241943359375,34.26629636058354]],[[108.25653076171875,33.312167837386184],[108.28399658203125,33.30757713015298]],[[106.9793701171875,33.56199537293027],[106.9793701171875,33.55055114384406]],[[106.93267822265625,33.18123802491263],[106.9244384765625,33.169743600216165]],[[106.9244384765625,33.04781007347208],[106.89971923828125,33.0524144100406]],[[107.21282958984375,33.06162236089506],[107.193603515625,33.063924198120645]],[[108.90472412109375,32.71566625570317],[108.907470703125,32.706422286395664]],[[109.34967041015625,32.729530413484696],[109.34967041015625,32.75032260780969]],[[108.7811279296875,34.295799321434274],[108.76739501953125,34.30487507190692]],[[108.69598388671875,34.12544756511612],[108.69598388671875,34.13908837343848]],[[108.95965576171875,34.189085831172406],[108.929443359375,34.189085831172406]],[[108.83056640625,34.189085831172406],[108.81683349609375,34.186813861893455]],[[108.9898681640625,34.19362958613084],[109.00634765625,34.2004447595411]],[[109.0887451171875,34.30487507190692],[109.0887451171875,34.286722590335955]],[[109.32220458984375,34.102707993174874],[109.32769775390625,34.10953050666589]],[[109.13543701171875,34.05948596794815],[109.13543701171875,34.05948596794815]],[[109.00634765625,34.03900467904445],[109.0228271484375,34.0754124384174]],[[109.4677734375,34.19590137180653],[109.49249267578125,34.19590137180653]],[[109.75067138671875,33.845326502767904],[109.72869873046875,33.84988869610126]],[[111.07177734375,34.30487507190692],[111.0498046875,34.32529192442733]],[[111.0113525390625,34.01396527491265],[111.016845703125,34.000304304410236]],[[110.35491943359375,32.69948868085268],[110.37139892578125,32.697177359290635]],[[110.7147216796875,32.080247396291796],[110.72296142578125,32.07559289203769]],[[110.994873046875,32.537551746769],[110.9783935546875,32.54449790638624]],[[110.88226318359375,32.620870183181125],[110.85205078125,32.62780989050404]],[[110.423583984375,32.96489086569022],[110.41259765625,32.96719522935592]],[[112.0989990234375,32.19188435632485],[112.0989990234375,32.20118126633929]],[[112.1649169921875,32.76880048488168],[112.1649169921875,32.76418137510082]],[[111.83258056640625,32.66481257381058],[111.84906005859375,32.660188075725856]],[[112.379150390625,32.95567280997862],[112.36541748046875,32.962586441917466]],[[112.4285888671875,33.09844453136719],[112.4176025390625,33.09614359735856]],[[111.09375,33.41310221370827],[111.082763671875,33.42456461884056]],[[111.434326171875,33.351179088043494],[111.4453125,33.33741240611175]],[[111.719970703125,33.80882018730745],[111.71722412109375,33.80653802509606]],[[112.3626708984375,33.75403149821638],[112.3516845703125,33.760882000869174]],[[112.4615478515625,33.75403149821638],[112.50274658203125,33.760882000869174]],[[112.3681640625,34.39104576945998],[112.34893798828125,34.38424604015218]],[[112.412109375,34.52918706954935],[112.39288330078125,34.53597500508991]],[[112.06329345703125,34.53371242139565],[112.07427978515625,34.53597500508991]],[[111.8133544921875,34.77545980961412],[111.8408203125,34.770947636586314]],[[112.335205078125,34.63546778783321],[112.335205078125,34.64450667793234]],[[112.3516845703125,34.75515308818932],[112.31597900390625,34.7483830709853]],[[112.36541748046875,35.44277092585766],[112.357177734375,35.45395828344931]],[[111.14593505859375,34.75740963726007],[111.12396240234375,34.75289647745204]],[[110.96466064453125,34.664840578219284],[110.9619140625,34.65354458279873]],[[109.874267578125,34.97600151317589],[109.86602783203125,34.97600151317589]],[[109.95941162109375,35.294952147406576],[109.9566650390625,35.29046856590878]],[[110.2532958984375,35.29719384502174],[110.2752685546875,35.294952147406576]],[[110.84930419921875,35.01425155045956],[110.83831787109375,35.01425155045956]],[[110.82733154296875,35.64836915737426],[110.819091796875,35.64167318460059]],[[110.8026123046875,35.94021206888746],[110.79437255859375,35.94465937365277]],[[110.50323486328125,36.05576061900675],[110.4840087890625,36.0513195750255]],[[110.775146484375,36.07130229942241],[110.78338623046875,36.07352228885536]],[[110.994873046875,36.597889133070225],[110.972900390625,36.586863023441836]],[[111.72271728515625,36.16227046727883],[111.7364501953125,36.16670524263735]],[[111.44805908203125,36.09571873655538],[111.44805908203125,36.086840909511]],[[111.4013671875,35.96911507577482],[111.39312744140625,35.97133794592999]],[[111.3134765625,35.47856499535729],[111.32171630859375,35.483038134069574]],[[112.34893798828125,35.55904339525897],[112.36541748046875,35.55457449014311]],[[111.807861328125,36.5184659896759],[111.80511474609375,36.53832942872819]],[[112.1319580078125,37.14280344371684],[112.11273193359375,37.14718209972375]],[[111.24481201171875,37.5206186788693],[111.23931884765625,37.51408316810111]],[[112.2802734375,37.402891941223785],[112.2802734375,37.415981841946135]],[[111.3739013671875,38.670500533643434],[111.36566162109375,38.66835610151506]],[[110.9619140625,38.0091482264894],[110.96466064453125,38.011312260706745]],[[110.13519287109375,38.72623322072786],[110.1324462890625,38.734803625210816]],[[109.7259521484375,38.3954915329719],[109.72869873046875,38.380421674606794]],[[109.6929931640625,38.36319513445383],[109.69024658203125,38.350272538257656]],[[110.2862548828125,38.2209197668312],[110.28076171875,38.22955045532615]],[[110.1104736328125,37.413800350662896],[110.1214599609375,37.411618795843026]],[[110.1873779296875,37.55111016010861],[110.1763916015625,37.55981972178118]],[[111.0552978515625,37.55111016010861],[111.038818359375,37.56417412088096]],[[111.0662841796875,37.498831417157064],[111.0443115234375,37.498831417157064]],[[110.08026123046875,36.87962060502676],[110.0885009765625,36.890604744644705]],[[109.742431640625,36.701457527917896],[109.72320556640625,36.6992553955527]],[[109.3634033203125,36.75649032950518],[109.34967041015625,36.76089124956562]],[[109.40185546875,36.73448194195683],[109.38812255859375,36.73448194195683]],[[108.82781982421875,37.63380988687156],[108.8470458984375,37.63380988687156]],[[106.9189453125,37.59682400108366],[106.9244384765625,37.60987994374712]],[[107.7044677734375,37.55111016010861],[107.68524169921875,37.55546506818696]],[[107.49298095703125,37.731624870172965],[107.479248046875,37.742485238266084]],[[107.3858642578125,37.80761398306056],[107.38861083984375,37.79893346559686]],[[107.08648681640625,40.29838133090669],[107.07275390625,40.29000168607601]],[[107.38037109375,40.838749137964584],[107.39410400390625,40.84706035607121]],[[110.2532958984375,40.5472002344105],[110.26702880859375,40.55346108330909]],[[109.9676513671875,40.27323927917308],[109.9786376953125,40.26485651720185]],[[109.9017333984375,39.6606850221923],[109.9072265625,39.67759833072648]],[[112.115478515625,39.1023574378176],[112.0989990234375,39.10022600175347]],[[112.2747802734375,39.571822237343724],[112.2802734375,39.56758783088907]],[[112.31597900390625,39.58452390500423],[112.30224609375,39.59510684995192]],[[112.0770263671875,40.245991504199026],[112.06329345703125,40.24179856487035]],[[111.24755859375,40.15158756460002],[111.2310791015625,40.14318974292439]],[[111.6265869140625,40.50753459933617],[111.632080078125,40.495003732305236]],[[111.60736083984375,40.678555109399184],[111.6046142578125,40.66188943992171]],[[111.92047119140625,40.896905775860006],[111.89849853515625,40.896905775860006]],[[111.82708740234375,40.736852147956085],[111.8133544921875,40.736852147956085]],[[112.60986328125,38.01347623104195],[112.59613037109375,38.00265574055672]],[[112.62359619140625,38.01347623104195],[112.61810302734375,38.024295124443995]],[[112.53570556640625,37.746828939401354],[112.55218505859375,37.755515576870636]],[[112.66754150390625,35.113168592954],[112.6702880859375,35.11766197360177]],[[112.64556884765625,35.0075028429529],[112.65655517578125,35.016500995886005]],[[112.620849609375,34.78222760653013],[112.6043701171875,34.770947636586314]],[[112.5164794921875,34.35477416538757],[112.53021240234375,34.343436068482944]],[[112.65380859375,33.706062655101206],[112.642822265625,33.715201644740844]],[[112.57415771484375,32.90956811057566],[112.5714111328125,32.90495631913751]],[[108.69873046875,31.931185811406294],[108.687744140625,31.940509258776473]],[[107.2650146484375,31.926523733115943],[107.281494140625,31.919530172476954]],[[107.25128173828125,31.84956532831343],[107.26226806640625,31.86122982593092]],[[106.864013671875,31.823898240526958],[106.86126708984375,31.835565983656224]],[[106.842041015625,31.872892847840674],[106.8475341796875,31.863562548378965]]]},"properties":{"kind":"highway","kind_detail":"motorway_link","source":"Protomaps / OpenStreetMap","source_zoom":5},"id":35184400364160},{"type":"Feature","geometry":{"type":"MultiLineString","coordinates":[[[102.59857177734375,31.823898240526958],[102.50244140625,31.86122982593092],[102.27447509765625,31.8798899525235]],[[102.205810546875,29.969211659636656],[102.25250244140625,29.94541533710445],[102.403564453125,29.947795225672394],[102.57659912109375,30.038188765153905],[102.65625,30.01916538794235],[102.7606201171875,30.05245390181146],[102.84576416015625,29.997759725578902],[102.996826171875,29.969211659636656],[103.10943603515625,29.976349445485468]],[[102.17559814453125,29.602118211647337],[102.2113037109375,29.757224408272663],[102.205810546875,29.969211659636656],[102.1673583984375,29.993002284551082],[102.16461181640625,30.031055426540206],[102.13714599609375,30.031055426540206],[102.14263916015625,30.059585699708208],[102.0135498046875,30.07622456354285]],[[103.18084716796875,30.1380015549519],[103.23577880859375,30.244831915307145],[103.414306640625,30.38472258144958],[103.42254638671875,30.46524675075318],[103.49395751953125,30.550435135095285],[103.65325927734375,30.649727171373286],[103.77685546875,30.680439786468128],[103.82354736328125,30.715865285686263],[103.9306640625,30.694611546632274]],[[103.50494384765625,29.561512529746736],[103.42803955078125,29.513720234908064],[103.38409423828125,29.403712311032464],[103.2879638671875,29.38456832654707],[103.28521728515625,29.28639889293477],[103.25225830078125,29.238477085928054],[103.172607421875,29.219302076779456],[102.84576416015625,29.23608040616226],[102.79632568359375,29.312746310577964],[102.63427734375,29.38456832654707]],[[103.58734130859375,29.583011690377504],[103.502197265625,29.561512529746736]],[[103.70269775390625,29.563901551414418],[103.5845947265625,29.590177059879466],[103.546142578125,29.73576244444908],[103.45001220703125,29.819199817513834],[103.38958740234375,29.8382614512946],[103.36761474609375,29.88113682813284],[103.31817626953125,29.888280933159265],[103.28521728515625,29.847790904477122],[103.20831298828125,29.859701442126763],[103.1890869140625,29.914471604382356],[103.12042236328125,29.95969381418452],[103.08197021484375,30.05245390181146]],[[103.831787109375,29.540008792525455],[103.809814453125,29.618833448987814],[103.7713623046875,29.647481692217653],[103.5845947265625,29.640320395351395]],[[103.831787109375,30.14275203107539],[103.95538330078125,30.159376896356193],[104.1009521484375,30.15462722077598],[104.15313720703125,30.123748754600427],[104.25750732421875,30.135626231134594],[104.6173095703125,30.287531589298723],[104.7271728515625,30.424992973925598],[104.76837158203125,30.661540870820915],[104.74090576171875,30.881012137733634],[104.54864501953125,31.090574094954192],[104.4854736328125,31.203404950917403],[104.4305419921875,31.21984822620118]],[[103.90869140625,30.42025614284516],[104.03228759765625,30.595365565588082],[103.9581298828125,30.581179257386978]],[[103.90594482421875,30.42025614284516],[103.8427734375,30.36813582872057],[103.83453369140625,30.320729603696023],[103.77410888671875,30.278044377800157],[103.656005859375,30.27330042806993],[103.502197265625,30.18312184219552],[103.4033203125,30.187870144799817],[103.216552734375,30.15225229720187],[103.09844970703125,30.061962851517578],[102.98858642578125,30.01916538794235],[102.92266845703125,29.928754522717014],[102.908935546875,29.89304338543417],[102.9254150390625,29.87161055853373],[102.85675048828125,29.77629785183136],[102.83203125,29.695210649161083],[102.7606201171875,29.6761217847243],[102.73590087890625,29.611670115197384],[102.64251708984375,29.513720234908064],[102.667236328125,29.475470141887214],[102.623291015625,29.430029404571755],[102.63153076171875,29.37020797386552],[102.53265380859375,29.281607722988355],[102.3651123046875,29.240873709577244],[102.37335205078125,29.212110522726206]],[[103.414306640625,30.38472258144958],[103.64776611328125,30.33732439417902],[103.82904052734375,30.353916372297036]],[[104.01580810546875,30.583543786271377],[103.9471435546875,30.611913633860112],[103.93341064453125,30.73711434162705],[103.96636962890625,30.779598396611533],[104.10369873046875,30.789036751261165],[104.19158935546875,30.73711434162705],[104.20257568359375,30.611913633860112],[104.1668701171875,30.578814670835015],[104.01580810546875,30.581179257386978]],[[104.0570068359375,30.611913633860112],[104.0240478515625,30.588272671026985]],[[103.82354736328125,30.836214626064844],[104.04876708984375,30.92814479412135],[104.19158935546875,30.949346915468567],[104.326171875,30.895154371444704],[104.4140625,30.942280064232108],[104.425048828125,31.017632855634176],[104.54315185546875,31.104685293758493]],[[103.82354736328125,30.83385628265907],[103.941650390625,30.753638146218577]],[[103.9581298828125,30.94463573937753],[104.0460205078125,30.78667724943695]],[[103.63128662109375,30.946991356457204],[103.60107421875,30.789036751261165],[103.5296630859375,30.70878122625409],[103.45001220703125,30.663903437451623],[103.370361328125,30.524413269923983],[103.34564208984375,30.424992973925598],[103.42254638671875,30.29938931352261],[103.54339599609375,30.25906720321302],[103.6669921875,30.16650098076606],[103.82904052734375,30.14037682159973]],[[103.66973876953125,30.958768570779867],[103.82354736328125,30.836214626064844],[103.7109375,30.72058770289763],[103.70269775390625,30.678077624205258],[103.7384033203125,30.600093873550065],[103.88671875,30.4297295750316],[104.08721923828125,30.342065246371632],[104.25201416015625,30.33258331240559],[104.337158203125,30.38472258144958]],[[104.2547607421875,31.34190868797168],[104.33990478515625,31.215150439316503]],[[104.326171875,30.892797477508182],[104.403076171875,30.763079047459016],[104.403076171875,30.694611546632274],[104.447021484375,30.614277412827747],[104.44427490234375,30.491284452100203],[104.33990478515625,30.38472258144958]],[[104.326171875,30.895154371444704],[104.19158935546875,30.73711434162705]],[[104.26300048828125,30.921076375384885],[104.3756103515625,31.0317548780461],[104.381103515625,31.078813161461056],[104.4140625,31.090574094954192],[104.43328857421875,31.252726196836818],[104.4580078125,31.294981054372286],[104.52117919921875,31.34190868797168],[104.68597412109375,31.552793227677327],[104.72991943359375,31.564495107991192],[104.754638671875,31.599591939228645],[104.7216796875,31.683770377276034],[104.666748046875,31.723494802828597],[104.66400146484375,31.812229022640707],[104.710693359375,31.830899063394384],[104.70245361328125,31.900878077763068],[104.66400146484375,31.924192605327704],[104.65301513671875,31.97546376218868],[104.68048095703125,32.08955569378857]],[[104.71893310546875,30.921076375384885],[104.8590087890625,30.918720119722195],[105.00732421875,30.838572911522633],[105.1226806640625,30.8456474201826],[105.31219482421875,30.810269662029896],[105.3533935546875,30.777238663227422],[105.4522705078125,30.595365565588082]],[[104.54315185546875,31.10703695640707],[104.76837158203125,31.34425445566805],[104.91943359375,31.367708915120843],[105.1885986328125,31.325486676506983],[105.260009765625,31.28793989264173],[105.35064697265625,31.292634058899523],[105.3863525390625,31.250378149855706],[105.46051025390625,31.238637039097668],[105.523681640625,31.198706347135243],[105.54290771484375,31.16345938198471]],[[104.4305419921875,31.222197032103168],[104.3096923828125,31.208103321325254],[104.2327880859375,31.168159735435708],[104.12841796875,31.189308439528162],[103.95538330078125,31.154057975490815],[103.86199951171875,31.062345409804408],[103.71917724609375,31.034108344903515],[103.68072509765625,30.96347904995936],[103.61480712890625,30.949346915468567],[103.5955810546875,30.99173704508671],[103.4912109375,31.062345409804408],[103.4967041015625,31.203404950917403],[103.46649169921875,31.292634058899523],[103.56536865234375,31.459125370764383],[103.55987548828125,31.515337348706993],[103.502197265625,31.55513372117204],[103.3319091796875,31.573855555238097],[103.2220458984375,31.517678781287174],[103.11767578125,31.40991219407097],[103.03802490234375,31.42397573797669],[102.94464111328125,31.552793227677327],[102.8594970703125,31.57619552022345],[102.82379150390625,31.611287945395063],[102.82379150390625,31.644028945047822],[102.744140625,31.704803074739218],[102.69744873046875,31.79822401491721],[102.601318359375,31.809895002118836],[102.645263671875,31.931185811406294],[102.6123046875,32.03369169193891],[102.55462646484375,32.10118973232095]],[[104.47723388671875,31.306715155075167],[104.43878173828125,31.285592721861676],[104.44427490234375,31.266813252320716]],[[104.76837158203125,31.34425445566805],[104.70245361328125,31.351291407790598],[104.6612548828125,31.39350206165392],[104.55413818359375,31.42866311735861],[104.37835693359375,31.37239910488053],[104.18060302734375,31.23628864179301],[103.99658203125,30.99173704508671],[103.97186279296875,30.92814479412135]],[[104.8919677734375,31.363018491291186],[104.83154296875,31.416944229585397],[104.75738525390625,31.599591939228645],[104.81231689453125,31.714149409807092],[104.91119384765625,31.837899355285074],[105.01556396484375,31.893882567548644],[105.13092041015625,32.04067655771746],[105.20782470703125,32.09886304314587]],[[104.89471435546875,31.363018491291186],[104.91943359375,31.31375491407894],[104.99908447265625,31.264465555752835],[105.0457763671875,31.161109117806447],[105.09796142578125,31.13525236469775],[105.11444091796875,31.095278060807942],[105.38909912109375,30.923432573007346],[105.48248291015625,30.73711434162705],[105.6170654296875,30.600093873550065],[105.65826416015625,30.46998139622127],[105.633544921875,30.408413059145218],[105.50994873046875,30.344435586368462],[105.3533935546875,30.014408973248905],[105.22430419921875,29.928754522717014],[105.07598876953125,29.688052749856794],[104.9908447265625,29.60928222414313]],[[104.86724853515625,31.35832783341131],[105.0238037109375,31.615965936476073],[105.10894775390625,31.690781806136826]],[[106.534423828125,32.10118973232095],[106.5948486328125,32.01972036197235],[106.58111572265625,31.987112306515527],[106.6058349609375,31.907873056360202],[106.65802001953125,31.85656420395223],[106.71844482421875,31.81689688674699],[106.93817138671875,31.84723225173113],[107.0233154296875,31.80289258670676],[107.04254150390625,31.65104337422686],[107.13043212890625,31.557474155953216],[107.24853515625,31.47318153169718],[107.46551513671875,31.39350206165392],[107.5341796875,31.33487103395059],[107.545166015625,31.29732799140426],[107.60833740234375,31.262117800776537],[107.61932373046875,31.21984822620118],[107.82257080078125,31.076460800121126],[107.92694091796875,31.050580984217518],[108.04779052734375,31.076460800121126],[108.16314697265625,31.06469812035374],[108.40484619140625,31.151707478133673],[108.4185791015625,31.10233357287177],[108.39935302734375,31.06469812035374],[108.46527099609375,30.923432573007346]],[[106.7486572265625,31.93351676190369],[106.842041015625,31.8798899525235],[106.864013671875,31.82856551476617]],[[106.86676025390625,31.82856551476617],[106.82830810546875,31.786551553613975],[106.8145751953125,31.723494802828597],[106.7266845703125,31.641690684373643],[106.66900634765625,31.482551133122485],[106.68548583984375,31.40522387758132],[106.6278076171875,31.271508470221193],[106.6387939453125,31.090574094954192],[106.61956787109375,31.010571059441745],[106.65252685546875,30.946991356457204],[106.6717529296875,30.817346256492073],[106.63330078125,30.748917348441964],[106.5618896484375,30.455776769374864],[106.61956787109375,30.34680586896208],[106.5728759765625,30.240086360983426],[106.57562255859375,30.092860629528147],[106.5179443359375,29.966832283731065],[106.600341796875,29.89780561015587],[106.6058349609375,29.8620833791186],[106.556396484375,29.77629785183136]],[[106.77886962890625,31.81923073032661],[106.66351318359375,31.758531633937167],[106.57012939453125,31.74685416292141]],[[106.57012939453125,31.749189774957088],[106.512451171875,31.80289258670676],[106.34765625,31.85656420395223],[106.04278564453125,31.865895211796342],[105.7818603515625,31.77721252341864],[105.54840087890625,31.751525328078912],[105.47149658203125,31.700129553985917],[105.31768798828125,31.669745930760243],[105.2490234375,31.597252561706668],[104.97161865234375,31.52236147042143]],[[106.63330078125,31.13525236469775],[106.73492431640625,31.161109117806447],[106.89971923828125,31.16345938198471],[106.92169189453125,31.139954117071454],[107.08648681640625,31.114091594898696],[107.17437744140625,31.14700630855657],[107.32269287109375,31.161109117806447],[107.38861083984375,31.139954117071454],[107.38311767578125,31.10703695640707],[107.41058349609375,31.085869896208322],[107.48748779296875,31.081165464590597]],[[106.11419677734375,30.763079047459016],[106.15814208984375,30.654452824400735],[106.1553955078125,30.557530797259176],[106.2542724609375,30.46998139622127],[106.2762451171875,30.401306519203587]],[[106.0455322265625,30.8244223296079],[105.9686279296875,30.93285678304376],[105.92742919921875,31.090574094954192],[105.95489501953125,31.271508470221193],[105.9246826171875,31.351291407790598],[105.94940185546875,31.470838984764384],[105.94390869140625,31.599591939228645],[105.9136962890625,31.629998499002554],[105.90545654296875,31.70947636001935],[105.93292236328125,31.919530172476954],[105.9027099609375,32.10118973232095]],[[106.02630615234375,30.763079047459016],[106.0455322265625,30.8244223296079],[106.09771728515625,30.836214626064844]],[[105.97137451171875,30.92814479412135],[105.8148193359375,30.975254231355862],[105.79559326171875,31.012925049646256],[105.7049560546875,31.04352163068421],[105.545654296875,31.16345938198471]],[[106.00433349609375,30.904581367044216],[106.160888671875,30.91636380602182],[106.31744384765625,30.807910681366465],[106.3421630859375,30.76779915088146]],[[105.567626953125,30.659178246433783],[105.66650390625,30.805551642785957],[105.70770263671875,30.814987449595293],[105.83404541015625,30.930500817607793],[105.83953857421875,30.99644589742637],[105.92193603515625,31.097629956393973]],[[105.6610107421875,30.46524675075318],[105.8642578125,30.462879341709893],[106.19110107421875,30.375244781665316],[106.31744384765625,30.4060442699695],[106.50146484375,30.389461136661538],[106.58660888671875,30.41078179084589]],[[105.53192138671875,30.491284452100203],[105.4412841796875,30.488917676126846],[105.13916015625,30.327842001072668],[104.9798583984375,30.327842001072668],[104.90570068359375,30.29464639587171],[104.69146728515625,30.05483122485245],[104.5404052734375,30.05483122485245],[104.12017822265625,29.928754522717014],[103.90594482421875,29.97397024051662],[103.5296630859375,29.981107684467247],[103.370361328125,29.943035391587742],[103.3209228515625,29.89066218773948]],[[105.9246826171875,30.436834045442225],[105.89996337890625,30.379983796443767],[105.92193603515625,30.261439550638755],[105.89996337890625,30.171250084367486],[105.853271484375,30.104741820318182]],[[106.78985595703125,30.564625940651013],[106.73492431640625,30.619004797647804],[106.6168212890625,30.63318556699761]],[[106.65252685546875,30.427361303226718],[106.58660888671875,30.413150465068853]],[[106.27899169921875,30.401306519203587],[106.3037109375,30.361026358907182],[106.31195068359375,30.1380015549519],[106.29547119140625,30.073847754270204],[106.2322998046875,29.988244615509032],[106.3861083984375,29.928754522717014],[106.435546875,29.8620833791186],[106.40533447265625,29.79536766320929],[106.45751953125,29.76676158398577]],[[106.2542724609375,29.9120909187815],[106.24053955078125,29.859701442126763],[106.25701904296875,29.81681685764994],[106.1444091796875,29.59734192056736],[106.1334228515625,29.508939763268387],[106.16363525390625,29.422852691411038],[106.13616943359375,29.250459642950645],[106.24603271484375,29.1209738408525],[106.28997802734375,28.95287901179664],[106.34765625,28.873539463162658],[106.36688232421875,28.784510907407807],[106.5399169921875,28.644799609105903],[106.54815673828125,28.57487404744697],[106.49871826171875,28.495247008566707],[106.50421142578125,28.44212891037047]],[[106.3201904296875,29.95969381418452],[106.31744384765625,29.93827532971899],[106.21307373046875,29.88589962169624],[106.083984375,29.87399221123566],[106.0235595703125,29.84540862642845],[105.85052490234375,29.583011690377504],[105.8367919921875,29.551955878093025],[105.86700439453125,29.42046034101314],[105.84503173828125,29.35105768570503],[105.908203125,29.26483685902403],[105.86700439453125,29.164153933278044],[105.875244140625,29.05136777451729],[105.92742919921875,29.003336200179348],[106.029052734375,28.96729786220179],[106.08673095703125,29.036960648558264],[106.20758056640625,29.101776866265084],[106.3311767578125,29.245666788514384]],[[106.32293701171875,29.95969381418452],[106.36688232421875,29.997759725578902]],[[106.5179443359375,29.966832283731065],[106.45477294921875,29.95969381418452],[106.3916015625,30.016787209111044],[106.36688232421875,29.990623478530466]],[[106.3916015625,30.016787209111044],[106.3970947265625,30.04769908451695],[106.3311767578125,30.095236981932985],[106.09222412109375,30.123748754600427],[105.93841552734375,30.225848323247703],[105.80108642578125,30.249577240467644],[105.7049560546875,30.218728531207887],[105.62255859375,30.145127183376133],[105.5291748046875,30.116621582819377],[105.325927734375,30.145127183376133],[105.29571533203125,30.12612436422458],[104.87274169921875,30.095236981932985],[104.7216796875,30.175998959139577],[104.62554931640625,30.187870144799817],[104.47174072265625,30.35154626192903],[104.27398681640625,30.413150465068853],[104.20257568359375,30.46998139622127],[104.117431640625,30.595365565588082]],[[106.58111572265625,30.118997363895105],[106.6497802734375,30.159376896356193],[106.710205078125,30.25669479848034],[106.70745849609375,30.377614317774785],[106.77886962890625,30.44393799829119],[106.78985595703125,30.564625940651013],[106.90521240234375,30.803192546290973],[106.93817138671875,30.94463573937753],[106.8255615234375,31.00586290462421],[106.578369140625,31.04352163068421],[106.51519775390625,31.0317548780461],[106.4190673828125,30.954057859276134],[106.3092041015625,30.90693797089463],[106.20208740234375,30.73003184344276],[106.04278564453125,30.706419757489712],[105.97137451171875,30.732392734006083]],[[106.600341796875,29.88589962169624],[106.6058349609375,29.8549373975967],[106.7486572265625,29.857319448285196],[106.88323974609375,29.790600550959454],[106.8365478515625,29.695210649161083],[106.9134521484375,29.649868677972307],[106.89971923828125,29.57106827738255],[106.73492431640625,29.540008792525455]],[[106.69097900390625,29.750070930806785],[106.688232421875,29.76914573606669]],[[106.70196533203125,29.76676158398577],[106.40533447265625,29.79536766320929],[106.3641357421875,29.781065645248304],[106.27349853515625,29.592565403314083],[106.29547119140625,29.468296641713223]],[[106.7926025390625,29.637933183204566],[106.85302734375,29.640320395351395],[106.87774658203125,29.668962525992498]],[[106.622314453125,29.635545914466675],[106.732177734375,29.833496383743224],[106.8145751953125,29.928754522717014],[106.84478759765625,30.057208490818937],[106.82830810546875,30.15225229720187],[106.8695068359375,30.235340577517945],[107.05078125,30.453409130203596],[107.193603515625,30.763079047459016],[107.39959716796875,30.930500817607793],[107.4847412109375,31.048227924549778],[107.5341796875,31.33487103395059],[107.6495361328125,31.412256264474266],[107.65777587890625,31.456782472114313],[107.75390625,31.548112064557003],[107.94891357421875,31.683770377276034],[108.0230712890625,31.833232553025212],[108.12744140625,31.89621446335144],[108.14117431640625,31.96614386212009],[108.04779052734375,32.06628317261135],[108.0450439453125,32.10118973232095]],[[106.490478515625,29.611670115197384],[106.45477294921875,29.721451916690995],[106.4849853515625,29.823965566830694],[106.41082763671875,29.89066218773948],[106.4190673828125,29.92161331969558],[106.38885498046875,29.981107684467247],[106.3531494140625,29.995381033568137]],[[106.43829345703125,29.54239832260174],[106.38336181640625,29.568679425235132],[106.3861083984375,29.618833448987814],[106.35589599609375,29.65464247966365],[106.26251220703125,29.688052749856794],[106.138916015625,29.821582720574995]],[[106.33941650390625,29.74768632486993],[106.2103271484375,29.802517905764446],[106.1224365234375,29.878755346037977]],[[106.30096435546875,29.640320395351395],[106.03179931640625,29.633158589140564],[105.6280517578125,29.666575993156655],[105.545654296875,29.76914573606669],[105.5072021484375,29.76676158398577],[105.39459228515625,29.89304338543417],[105.26824951171875,29.988244615509032],[105.23529052734375,30.05483122485245],[104.9908447265625,30.25669479848034],[104.3536376953125,30.6260954420505],[104.205322265625,30.652090026760007]],[[106.13067626953125,29.81681685764994],[106.08673095703125,29.87399221123566]],[[105.853271484375,30.10236569641242],[105.93841552734375,29.981107684467247],[106.083984375,29.87399221123566]],[[105.64727783203125,29.6594160549124],[105.4742431640625,29.61405794969147],[105.15289306640625,29.60689427653149]],[[105.61431884765625,29.649868677972307],[105.6280517578125,29.666575993156655]],[[105.62530517578125,29.66418940369614],[105.677490234375,29.73099249532227],[105.6829833984375,29.77629785183136],[105.765380859375,29.823965566830694],[105.8148193359375,29.926374178635754],[105.853271484375,30.104741820318182],[105.73516845703125,30.213981716870663],[105.4522705078125,30.595365565588082],[105.47149658203125,30.62373195163005],[105.54290771484375,30.62373195163005],[105.6939697265625,30.687525926582907],[105.92193603515625,30.72058770289763],[106.05377197265625,30.76779915088146],[106.402587890625,30.75599845832167],[106.4849853515625,30.64500128737231],[106.48773193359375,30.55280041345354],[106.59759521484375,30.439202087235586],[106.69647216796875,30.396568538569383],[106.80633544921875,30.394199462058324],[106.8255615234375,30.413150465068853],[107.0068359375,30.254322336443437],[107.1881103515625,30.282788098216884],[107.2760009765625,30.254322336443437],[107.40509033203125,30.282788098216884],[107.5341796875,30.254322336443437],[107.677001953125,30.29938931352261],[107.896728515625,30.301760686320705],[107.96539306640625,30.232967599863755],[108.06976318359375,30.206861065952623],[108.160400390625,30.040566430584605],[108.3087158203125,30.012030680358606],[108.38836669921875,30.01916538794235],[108.45703125,30.05483122485245],[108.53668212890625,30.111869849235248],[108.5614013671875,30.17362455035854],[108.65753173828125,30.254322336443437],[108.995361328125,30.275672431597897],[109.1546630859375,30.240086360983426],[109.23431396484375,30.190244210263998],[109.38812255859375,30.244831915307145],[109.48150634765625,30.223475116500154],[109.5721435546875,30.401306519203587],[109.6270751953125,30.455776769374864],[109.70672607421875,30.491284452100203],[109.742431640625,30.46524675075318],[109.80010986328125,30.46524675075318],[109.8907470703125,30.550435135095285],[110.09674072265625,30.654452824400735],[110.302734375,30.607185902822607],[110.56915283203125,30.628458874753647],[110.8740234375,30.597729748412036],[110.94268798828125,30.614277412827747],[111.005859375,30.578814670835015],[111.181640625,30.562260950499436],[111.2420654296875,30.531510833645243],[111.4288330078125,30.585908257485585]],[[105.029296875,29.578234494739206],[104.92218017578125,29.508939763268387],[104.8150634765625,29.379781767454972],[104.77935791015625,29.281607722988355],[104.765625,29.10897615145302],[104.65301513671875,28.9023972285585],[104.6502685546875,28.859107573773002],[104.52117919921875,28.70745188935186],[104.4964599609375,28.637568089327843],[104.44427490234375,28.598991567705653],[104.37286376953125,28.598991567705653],[104.315185546875,28.54351300356734],[104.271240234375,28.538687398442562],[104.24102783203125,28.56281321321839],[104.19158935546875,28.53627451298992],[104.1943359375,28.46386226886912],[104.1339111328125,28.343064904825482],[104.15313720703125,28.27052044582541],[104.139404296875,28.205188168057333],[104.1064453125,28.195505910618976],[104.073486328125,28.137393951160064],[104.1339111328125,28.093789282770956],[104.1448974609375,28.045318867211492],[104.029541015625,28.02107546265988],[103.9361572265625,27.965294915211132],[103.90869140625,27.8755004767592],[103.85650634765625,27.824502916144823],[103.80706787109375,27.84636195015551],[103.71917724609375,27.805068967813085],[103.7603759765625,27.77105119317227],[103.77410888671875,27.625140335093292],[103.7493896484375,27.491217638277703],[103.787841796875,27.38396203008554],[103.7603759765625,27.308333052145457],[103.677978515625,27.25707120788273],[103.64776611328125,27.178912475578528],[103.6505126953125,27.04689544542316],[103.60931396484375,27.005302324258253]],[[105.0567626953125,29.668962525992498],[105.150146484375,29.628383768734807],[105.1171875,29.573457073017565],[105.1336669921875,29.511330027309143],[105.10894775390625,29.48025219334427],[104.99359130859375,29.48503401918107],[104.97161865234375,29.54239832260174],[104.9853515625,29.649868677972307],[104.952392578125,29.683280533733637]],[[105.20782470703125,29.90971017627031],[105.40557861328125,29.8620833791186],[105.5401611328125,29.88589962169624],[105.59234619140625,29.916852233070173],[105.6829833984375,29.914471604382356],[105.98785400390625,29.785833211631726],[106.07574462890625,29.788216909678937],[106.1663818359375,29.847790904477122]],[[104.34814453125,30.734753566735037],[104.42230224609375,30.803192546290973],[104.58709716796875,30.810269662029896],[104.644775390625,30.923432573007346],[104.69696044921875,30.972899311264143],[104.7381591796875,30.99173704508671],[104.952392578125,30.99409150031616],[105.09521484375,31.04587480670449],[105.18585205078125,31.118794395989525],[105.33416748046875,31.128199299111955],[105.46051025390625,31.17520982831084],[106.01531982421875,31.16345938198471],[106.1883544921875,31.248030044481112],[106.248779296875,31.325486676506983],[106.4190673828125,31.42163196041959],[106.49871826171875,31.674420981619946],[106.59759521484375,31.79822401491721],[106.74041748046875,31.893882567548644],[106.7596435546875,32.005746901214636],[106.78436279296875,32.02204906495204],[106.76513671875,32.10118973232095]],[[104.205322265625,30.70169664654607],[104.24102783203125,30.75127777625781],[104.3536376953125,30.758358712564487]],[[104.1009521484375,30.7040582309195],[104.15313720703125,30.72767089504768],[104.2218017578125,30.8904405255621],[104.26025390625,30.921076375384885]],[[104.139404296875,30.67099079077917],[104.22454833984375,30.673353126358165],[104.3865966796875,30.74419631925535],[104.43603515625,30.734753566735037],[104.48822021484375,30.685163937659567],[104.622802734375,30.685163937659567],[104.996337890625,30.611913633860112],[105.13641357421875,30.630822249736866],[105.369873046875,30.619004797647804],[105.4522705078125,30.59300132508085]],[[104.10919189453125,30.569355748003844],[104.1229248046875,30.25906720321302],[104.19708251953125,30.15225229720187],[104.21630859375,30.009652330442933],[104.32891845703125,29.826348356278118]],[[104.20257568359375,30.46998139622127],[104.12017822265625,30.44393799829119]],[[104.18060302734375,29.947795225672394],[104.1888427734375,29.90732937685152],[104.1009521484375,29.566290516578164],[104.01580810546875,29.4395975666029],[104.01580810546875,29.32232550375285],[103.99383544921875,29.284003336047164],[104.01580810546875,29.16175551532885],[103.941650390625,29.132970130878633],[103.82904052734375,28.81339337547577],[103.8372802734375,28.777289039997626],[103.88397216796875,28.743580382306135],[103.86199951171875,28.632746799225885],[103.9141845703125,28.59658006463482],[103.93890380859375,28.54110022863604],[103.9801025390625,28.529035525107247],[104.04327392578125,28.43246820620095],[104.117431640625,28.405896722414823],[104.13116455078125,28.359984824037397],[104.12567138671875,28.388984125273183]],[[104.62005615234375,29.933515040088096],[104.65850830078125,29.850173125689892],[104.74090576171875,29.77629785183136],[104.88372802734375,29.752455480021396],[104.974365234375,29.668962525992498]],[[104.6282958984375,29.90256760730233],[104.5953369140625,29.993002284551082],[104.60357666015625,30.27330042806993],[104.4964599609375,30.427361303226718],[104.359130859375,30.51494904517773],[104.3536376953125,30.55280041345354],[104.30694580078125,30.59300132508085]],[[104.74639892578125,29.79536766320929],[104.8095703125,29.800134548359054],[105.01556396484375,29.895424526240546],[105.2105712890625,29.90732937685152]],[[104.32891845703125,29.823965566830694],[104.271240234375,29.728607435707517],[104.27398681640625,29.590177059879466],[104.326171875,29.482643134466613],[104.359130859375,29.224096165685424],[104.49920654296875,28.916823103291662],[104.45526123046875,28.779696384693537],[104.4744873046875,28.729130483430154],[104.5184326171875,28.70745188935186]],[[104.07073974609375,29.530450107491063],[103.83453369140625,29.537619205973428],[103.6395263671875,29.482643134466613]],[[104.32891845703125,29.437205610623266],[104.07073974609375,29.528060295064265]],[[104.58709716796875,29.53283986345339],[104.69970703125,29.575845812137388],[104.97711181640625,29.573457073017565]],[[104.58984375,29.528060295064265],[104.42230224609375,29.40849774406908]],[[104.74639892578125,29.45633968030988],[104.6173095703125,29.334298230315667]],[[104.57611083984375,28.555576049185973],[104.8590087890625,28.466276810692904]],[[104.98260498046875,28.755620438104998],[104.88372802734375,28.690587654250706],[104.732666015625,28.6785401085332],[104.67498779296875,28.647210004919998],[104.50469970703125,28.654440859984476]],[[105.34515380859375,28.729130483430154],[105.369873046875,28.714678586706]],[[105.34515380859375,28.736355682639356],[105.20233154296875,28.676130433078256],[105.0732421875,28.690587654250706],[104.89471435546875,28.808580186656542],[104.4964599609375,28.88556450665763],[104.32891845703125,28.95768551837898],[104.25750732421875,29.027354780418392],[104.13665771484375,29.082576310768772],[103.99932861328125,29.10897615145302],[103.963623046875,29.144965021168815]],[[105.35888671875,29.03215782622283],[104.9908447265625,29.24806324379658],[104.7601318359375,29.250459642950645],[104.58709716796875,29.346269551093656],[104.32891845703125,29.434813598289637]],[[104.98809814453125,29.24806324379658],[104.86724853515625,29.379781767454972],[104.85626220703125,29.422852691411038],[104.64202880859375,29.48742484748479],[104.58984375,29.528060295064265],[104.4744873046875,29.72383714638906],[104.40582275390625,29.742916942840566],[104.33441162109375,29.804901206386546],[104.359130859375,30.023921574501372],[104.425048828125,30.187870144799817],[104.37835693359375,30.36576606287575]],[[105.10894775390625,29.48025219334427],[105.21331787109375,29.391747742992806],[105.303955078125,29.353451668635017],[105.58685302734375,29.432421529604852],[105.7598876953125,29.42524498547202],[105.7928466796875,29.3893546604737],[105.8477783203125,29.394140769211972],[105.897216796875,29.365420739413835],[105.9796142578125,29.391747742992806],[106.03729248046875,29.4395975666029],[106.06475830078125,29.49937814274338],[106.1334228515625,29.508939763268387]],[[105.106201171875,29.48025219334427],[104.9908447265625,29.60689427653149]],[[105.2490234375,29.37738840347899],[104.9908447265625,29.24806324379658]],[[105.30120849609375,29.348663646523633],[105.2874755859375,29.315141193187273],[105.325927734375,29.226493125990913],[105.31494140625,29.14736383122664],[105.3753662109375,28.943265329407495],[105.32867431640625,28.851890877683985],[105.35064697265625,28.656851034203413],[105.32867431640625,28.615870539671818],[105.31768798828125,28.451788732328097],[105.35888671875,28.410728397237918],[105.3643798828125,28.364818591401104],[105.4248046875,28.31647101441169],[105.42755126953125,28.188243641850306],[105.55938720703125,28.059862287671137],[105.56488037109375,27.999251729858756],[105.54290771484375,27.98470011861268],[105.5950927734375,27.967720756531094],[105.6060791015625,27.885211577912173],[105.55938720703125,27.843933386070518],[105.56488037109375,27.80020993741826],[105.38360595703125,27.73702277951682],[105.34515380859375,27.681095883537267],[105.413818359375,27.508271413876017],[105.38360595703125,27.410785702577016],[105.40283203125,27.298570715261533],[105.31768798828125,27.222883510268815],[105.24627685546875,27.05912578437406],[105.23529052734375,26.978380924258815],[105.26824951171875,26.887779882029108],[105.2545166015625,26.8216197142647],[105.0897216796875,26.689183497156236],[104.996337890625,26.52956523826758],[104.92767333984375,26.517277690994334],[104.87823486328125,26.53693713526569],[104.8040771484375,26.482865564303538],[104.78759765625,26.438606267887295],[104.7271728515625,26.433687518117907],[104.64202880859375,26.345114150117766],[104.56787109375,26.30572641742428],[104.42779541015625,26.322960198925372],[104.34539794921875,26.303264239389534],[104.293212890625,26.322960198925372],[104.24102783203125,26.298339726417737],[104.1448974609375,26.298339726417737],[104.07073974609375,26.2466197162221],[104.02130126953125,26.1135197301395],[103.86199951171875,26.07898753522592],[103.80706787109375,26.037041886515837],[103.765869140625,25.970391488395933],[103.78509521484375,25.916055815010864],[103.77410888671875,25.846865096780576],[103.7109375,25.70341271817702],[103.7493896484375,25.641526373065773],[103.743896484375,25.596948323286142],[103.7164306640625,25.55978725072876],[103.5406494140625,25.465594288934156],[103.52142333984375,25.430873004044713],[103.62579345703125,25.346508237892778]],[[105.501708984375,28.9456688336505],[105.5401611328125,29.13536922092716],[105.47149658203125,29.224096165685424],[105.5072021484375,29.293585226541637],[105.49072265625,29.410890376108995],[105.523681640625,29.441989466225706],[105.54290771484375,29.528060295064265],[105.611572265625,29.649868677972307]],[[106.02081298828125,28.969700808694157],[105.79010009765625,28.835049972635176],[105.4632568359375,28.808580186656542],[105.34515380859375,28.73876397137029]],[[106.03179931640625,29.3678143847754],[106.07025146484375,29.360633279887992],[106.2982177734375,29.444381309488833]],[[106.03179931640625,29.382175075145284],[106.01531982421875,29.32232550375285],[105.96038818359375,29.26723286520088],[105.85052490234375,29.276816328368568],[105.7159423828125,29.252855985973767],[105.5401611328125,29.17614518255975],[105.5072021484375,29.128171782816196],[105.40008544921875,29.104176683949987],[105.3533935546875,29.068173545070536]],[[106.0015869140625,29.305561325527705],[106.10321044921875,29.221699149280653]],[[105.9796142578125,29.391747742992806],[106.03179931640625,29.382175075145284],[106.16363525390625,29.422852691411038]],[[106.27899169921875,29.35584559531074],[106.22955322265625,29.34387539941801],[106.17462158203125,29.240873709577244],[106.05926513671875,29.202520998813682],[105.99334716796875,29.123373210819224],[105.86700439453125,29.08977693862319]],[[106.402587890625,29.523280500828605],[106.42730712890625,29.518500480769006]],[[106.435546875,29.51611038606228],[106.358642578125,29.518500480769006],[106.336669921875,29.48503401918107],[106.16363525390625,29.42524498547202]],[[106.59210205078125,29.3893546604737],[106.45477294921875,29.473079031558157],[106.4410400390625,29.549566573947914]],[[106.710205078125,29.437205610623266],[106.787109375,29.441989466225706],[106.85577392578125,29.398926652739164],[106.9134521484375,29.394140769211972],[106.94915771484375,29.319930789777587],[107.13043212890625,29.329509308364706],[107.32269287109375,29.293585226541637]],[[106.688232421875,29.372601506681406],[106.7596435546875,29.32232550375285],[106.80084228515625,29.05136777451729],[106.86126708984375,28.993727204618935],[106.8145751953125,28.803766775462208],[106.76788330078125,28.7267219726982],[106.78436279296875,28.627925287618567]],[[106.64154052734375,29.341481191499525],[106.710205078125,29.291189838184863],[106.96563720703125,29.243270277106987],[107.017822265625,29.171348850951503],[107.083740234375,29.142566155107062]],[[106.644287109375,29.341481191499525],[106.69097900390625,29.38456832654707],[106.70745849609375,29.501768632523266],[106.787109375,29.645094649860752],[106.69921875,29.76676158398577]],[[106.59210205078125,29.382175075145284],[106.63604736328125,29.324720161511024],[106.46575927734375,29.26244079669891],[106.3311767578125,29.24806324379658],[106.27899169921875,29.33908692734107],[106.2982177734375,29.468296641713223]],[[106.6552734375,29.041763247401377],[106.79534912109375,29.05136777451729],[106.8585205078125,28.976909313412406]],[[106.2872314453125,29.19532826709913],[106.46575927734375,29.118574414910867],[106.54815673828125,29.012944302424856],[106.66900634765625,29.00573830949631]],[[106.4190673828125,28.741172204593553],[106.3916015625,28.700224692776985]],[[106.77337646484375,28.66408122441068],[106.64703369140625,28.794139286043006],[106.666259765625,28.81339337547577],[106.64703369140625,28.87834964760205],[106.688232421875,28.933650754875586],[106.5838623046875,29.16175551532885],[106.5673828125,29.293585226541637],[106.61956787109375,29.501768632523266],[106.58660888671875,29.520890519025357],[106.59759521484375,29.599730094380433],[106.55364990234375,29.623608722009763]],[[106.8365478515625,28.557988492481016],[106.80633544921875,28.59175689250206]],[[106.8365478515625,28.555576049185973],[106.85302734375,28.54592572323348],[106.82830810546875,28.497660832963476],[106.8365478515625,28.408312587374255],[106.86126708984375,28.376902046539783],[106.8145751953125,28.130127737874005],[106.9134521484375,27.91676664124907],[106.9189453125,27.78806141091127]],[[106.85028076171875,28.516969440401056],[106.77337646484375,28.659261153016075]],[[106.82830810546875,28.47593442627236],[106.776123046875,28.396232711680426],[106.74591064453125,28.388984125273183],[106.61407470703125,28.478348692223165],[106.43280029296875,28.413144152002786],[106.27349853515625,28.314053058069618],[106.19659423828125,28.292288977397078],[106.1663818359375,28.200347149003647],[106.18560791015625,28.1761387642634],[106.1444091796875,28.1761387642634],[106.07025146484375,28.110748760633527],[105.963134765625,28.103480741227457],[105.8477783203125,28.035622160834336],[105.55389404296875,28.06470965729666]],[[106.85577392578125,28.330977597778215],[106.885986328125,28.391400375817753],[106.8365478515625,28.490419194161674]],[[106.85577392578125,28.326142289949928],[106.94366455078125,28.212449285338465],[106.9573974609375,28.01137657176146],[107.05352783203125,27.936180566769394],[107.05902099609375,27.88035613618051],[107.1221923828125,27.795350689749114],[107.09197998046875,27.734591771665478],[107.08648681640625,27.610538528074827],[107.0452880859375,27.571590861376308],[106.99310302734375,27.418100119832886],[107.0068359375,27.28392560022975],[106.9024658203125,27.154476631855132],[106.93267822265625,26.975933204816087],[106.88873291015625,26.941659545381512],[106.9024658203125,26.843677401113],[106.85302734375,26.802009276300737],[106.8475341796875,26.750515745618387],[106.820068359375,26.725986812271756],[106.875,26.659732285135718],[106.88323974609375,26.593439270241788],[106.83380126953125,26.554136386183785],[106.8310546875,26.509904531413923],[106.6552734375,26.46319686677677],[106.64154052734375,26.50744670637141],[106.57562255859375,26.56887654795065],[106.59210205078125,26.681821407205973],[106.65252685546875,26.706359857633544],[106.73492431640625,26.676913083105447],[106.8145751953125,26.716173757934087]],[[106.42730712890625,27.885211577912173],[106.55914306640625,27.80020993741826],[106.72119140625,27.763760285581967],[106.80084228515625,27.707847106603438]],[[106.2762451171875,27.39371684585052],[106.2982177734375,27.320534765605473],[106.270751953125,27.171582284054892],[106.18011474609375,27.05912578437406]],[[106.32568359375,27.503399176197846],[106.2762451171875,27.427851922711383],[106.27899169921875,27.39371684585052]],[[106.3421630859375,27.510707451811598],[106.336669921875,27.571590861376308],[106.37786865234375,27.6981201476801],[106.47125244140625,27.768620944918666],[106.46026611328125,27.89492180820605],[106.512451171875,27.95316489069384],[106.5289306640625,28.02834905750575],[106.6278076171875,28.074403740607153],[106.7047119140625,28.052590823339827],[106.8365478515625,28.08894322534917],[106.885986328125,28.05501469943188],[106.9793701171875,28.06713326012151],[107.0068359375,28.042894772561624],[107.19085693359375,28.030773479899125],[107.26226806640625,27.877928333679492],[107.30072021484375,27.856075662679814],[107.33917236328125,27.78320162016678]],[[106.600341796875,27.57646007626272],[106.44927978515625,27.65677090256574],[106.43280029296875,27.734591771665478],[106.37786865234375,27.7661906423875],[106.435546875,27.904631167440087],[106.39984130859375,27.97984914504167],[106.42730712890625,28.132549863716775],[106.3751220703125,28.151924899329828],[106.36138916015625,28.188243641850306],[106.2652587890625,28.200347149003647],[106.1773681640625,28.248747465587257],[106.1444091796875,28.22213000715857],[106.12518310546875,28.243908421619295],[106.08123779296875,28.23180985121182],[106.06201171875,28.275358281817105],[105.9906005859375,28.272939391283685],[105.9246826171875,28.37206882963163],[105.96038818359375,28.46386226886912],[105.8642578125,28.533861572281154],[105.79559326171875,28.529035525107247],[105.7269287109375,28.579697994029345],[105.677490234375,28.700224692776985],[105.62255859375,28.755620438104998],[105.54290771484375,28.904801680303535],[105.35888671875,29.029756331252756]],[[106.87225341796875,27.671366540932326],[106.80084228515625,27.707847106603438],[106.7596435546875,27.668934069896224],[106.74041748046875,27.586197857692667],[106.70745849609375,27.55941687886545],[106.74591064453125,27.454664938983143],[106.82830810546875,27.418100119832886],[106.907958984375,27.483908068528592],[107.02056884765625,27.498526722798317]],[[106.7596435546875,27.25462957780006],[106.74591064453125,27.23021032948519]],[[106.74041748046875,27.196014383173306],[106.77886962890625,27.2936892248524],[106.7706298828125,27.42541405272958],[106.86676025390625,27.588632167960085],[106.91619873046875,27.785631542688833]],[[105.22979736328125,27.261954307233637],[105.1446533203125,27.371767300523047],[105.0677490234375,27.379084299555316],[105.029296875,27.35225293806384],[104.96063232421875,27.415662034560995],[104.91943359375,27.418100119832886]],[[104.930419921875,27.46441351096277],[104.8260498046875,27.498526722798317],[104.6337890625,27.44004046509707],[104.56512451171875,27.48147143746533],[104.5184326171875,27.54724154625326],[104.47723388671875,27.54480631775388],[104.36187744140625,27.610538528074827],[104.21356201171875,27.54967672076461],[104.04327392578125,27.60810470430411],[103.98284912109375,27.5521118412847],[103.97186279296875,27.591066424185087],[103.99932861328125,27.600802908597018],[103.99932861328125,27.632440508426797],[104.01580810546875,27.620273282414246],[103.9306640625,27.56672143040973],[103.88671875,27.56428663390436],[103.76312255859375,27.42541405272958],[103.6505126953125,27.40103239293886],[103.6285400390625,27.25462957780006]],[[105.413818359375,28.236649444014475],[105.2490234375,28.275358281817105],[105.13092041015625,28.345482201206508],[105.0238037109375,28.345482201206508],[104.996337890625,28.37206882963163],[104.908447265625,28.37931857241108],[104.85076904296875,28.478348692223165],[104.86724853515625,28.529035525107247],[104.83428955078125,28.685768802287086]],[[105.0128173828125,27.819644755099446],[105.1007080078125,27.85364731612738],[105.46051025390625,27.911912615111888],[105.52642822265625,27.948312499250406],[105.54290771484375,27.98227465910408]],[[104.2218017578125,28.076827124762374],[104.13116455078125,28.09621222943811]],[[104.3316650390625,27.605670826465442],[104.3316650390625,27.668934069896224],[104.38385009765625,27.685960229871625],[104.41131591796875,27.749177005163986],[104.53765869140625,27.812357105960828],[104.55413818359375,27.85364731612738],[104.5404052734375,27.948312499250406],[104.4854736328125,28.02107546265988],[104.52117919921875,28.0501668926037],[104.53216552734375,28.115593833316765],[104.512939453125,28.142237819593163],[104.556884765625,28.193085209185227],[104.556884765625,28.260844114804826],[104.52117919921875,28.285033294640684],[104.51568603515625,28.33823014702584],[104.53765869140625,28.359984824037397],[104.5404052734375,28.473520105140906],[104.56787109375,28.495247008566707],[104.5843505859375,28.598991567705653],[104.56512451171875,28.652030630362262]],[[103.76861572265625,27.65190525668953],[103.6944580078125,27.761329874505236],[103.53790283203125,27.84636195015551],[103.52691650390625,27.877928333679492],[103.6065673828125,27.97742357642852],[103.5736083984375,27.999251729858756],[103.53790283203125,27.98470011861268]],[[103.6505126953125,27.154476631855132],[103.6505126953125,27.117812842321243]],[[103.64776611328125,27.100698960063966],[103.6395263671875,27.076246018600372]],[[102.92266845703125,27.38396203008554],[102.86773681640625,27.274161117374675],[102.89794921875,27.139812559018225]],[[103.19732666015625,27.5521118412847],[103.12042236328125,27.418100119832886]],[[103.75213623046875,28.981714704229546],[103.7109375,29.02014979275853],[103.7109375,29.183339259653224],[103.6834716796875,29.305561325527705],[103.63128662109375,29.403712311032464],[103.656005859375,29.508939763268387],[103.590087890625,29.580623120820178]],[[103.9581298828125,29.144965021168815],[103.9031982421875,29.252855985973767],[103.8702392578125,29.26244079669891],[103.77960205078125,29.379781767454972],[103.71917724609375,29.511330027309143]],[[103.7164306640625,29.511330027309143],[103.65875244140625,29.70713934813415],[103.85101318359375,30.194992169502896],[103.8262939453125,30.33258331240559],[103.88397216796875,30.4297295750316]],[[102.3101806640625,28.97931203672246],[102.315673828125,28.899992721104496],[102.25250244140625,28.772474183943032],[102.2662353515625,28.69299699706187],[102.2113037109375,28.54351300356734],[102.216796875,28.42280662001366],[102.17010498046875,28.2535862899784],[102.17010498046875,28.040470623280086],[102.205810546875,27.85121891518709],[102.1893310546875,27.418100119832886],[102.3211669921875,27.322974947245683],[102.32391357421875,27.279043466068245],[102.30194091796875,27.215556209029685],[102.1673583984375,27.06646334771017],[102.095947265625,26.84857852587328],[102.0135498046875,26.819168595042527],[101.9476318359375,26.752968347950258],[101.94488525390625,26.605718655192618],[101.83502197265625,26.56150670403794],[101.87896728515625,26.53693713526569],[101.8927001953125,26.490240458869636],[101.986083984375,26.517277690994334],[102.008056640625,26.551679508261216],[102.11517333984375,26.554136386183785],[102.1563720703125,26.53202258988756],[102.2607421875,26.605718655192618],[102.31842041015625,26.571333057252076],[102.4639892578125,26.563963371340193],[102.5518798828125,26.617996722116757],[102.54913330078125,26.67200454772943],[102.59033203125,26.77503938699961],[102.6287841796875,26.804460766546157],[102.65625,26.8730809659384],[102.65350341796875,26.93921102789467],[102.79632568359375,26.96858972714439],[102.7276611328125,27.017537193890007],[102.755126953125,27.037110214448077]],[[102.23876953125,29.449164826924672],[102.293701171875,29.26962881522664],[102.38433837890625,29.20012347764498],[102.33489990234375,29.123373210819224],[102.3431396484375,29.070574145814675],[102.3046875,28.981714704229546]],[[102.30194091796875,28.9456688336505],[102.30743408203125,28.9552822929746]],[[102.64251708984375,27.924047271926142],[102.6727294921875,27.926474039865013],[102.6837158203125,27.892494332286603],[102.71942138671875,27.88035613618051],[102.73040771484375,27.919193572615058],[102.84027099609375,27.97014654331592],[102.8704833984375,28.040470623280086],[102.93365478515625,28.045318867211492],[102.92816162109375,28.06713326012151],[102.98858642578125,28.103480741227457],[103.01055908203125,28.14708146899133],[102.99957275390625,28.21002896775545],[103.0242919921875,28.263263279931962],[103.128662109375,28.35515083653415],[103.4527587890625,28.473520105140906],[103.46099853515625,28.512142619873373],[103.4307861328125,28.531448576319235],[103.47747802734375,28.555576049185973],[103.46099853515625,28.606225744900115],[103.53515625,28.659261153016075],[103.524169921875,28.765251483248832],[103.5516357421875,28.79173227474078],[103.56536865234375,28.890374134257968],[103.721923828125,28.948072282131648],[103.81256103515625,29.036960648558264],[103.8592529296875,29.041763247401377],[103.90045166015625,29.012944302424856]],[[102.29095458984375,27.19845729876721],[102.38433837890625,27.061571692162204],[102.34588623046875,26.98327620345266],[102.3541259765625,26.94410800968859],[102.29095458984375,26.8706309607671],[102.249755859375,26.73334604773261],[102.29095458984375,26.595895252653804]],[[101.52191162109375,26.593439270241788],[101.5521240234375,26.480407161007278],[101.64276123046875,26.48778221323812],[101.75811767578125,26.431228064506442]],[[101.37908935546875,26.563963371340193],[101.4093017578125,26.56150670403794],[101.4312744140625,26.58852714730861],[101.66748046875,26.58852714730861],[101.75811767578125,26.61554121419435],[101.82403564453125,26.593439270241788],[101.84326171875,26.50744670637141],[101.788330078125,26.495156792444035],[101.75811767578125,26.423849388805877],[101.76361083984375,26.318036522949072],[101.7828369140625,26.24169279934013],[101.810302734375,26.22691079562364],[101.81304931640625,26.152972606566962],[101.69769287109375,26.07898753522592],[101.71417236328125,26.024702074198558]],[[101.07421875,26.554136386183785],[101.13739013671875,26.583614813585854],[101.37359619140625,26.563963371340193]],[[102.93365478515625,26.94410800968859],[103.03802490234375,26.66218684325854],[103.03253173828125,26.593439270241788],[103.07098388671875,26.52956523826758],[103.0572509765625,26.495156792444035],[103.106689453125,26.30572641742428],[103.09844970703125,26.202269947517024],[103.24127197265625,25.98520595593358],[103.2659912109375,25.747950977397593]],[[103.2989501953125,26.460738043190887],[103.31268310546875,26.509904531413923]],[[103.57635498046875,26.971037606255564],[103.60931396484375,27.019984007982572]],[[103.59283447265625,26.99306612298122],[103.5406494140625,26.93921102789467],[103.55438232421875,26.890229515523643],[103.49395751953125,26.806912203798277],[103.48846435546875,26.73579902043167],[103.370361328125,26.608174374033112],[103.3758544921875,26.581158567686842],[103.3154296875,26.527107834031526],[103.30718994140625,26.465655637838367],[103.24951171875,26.39186967176903],[103.25775146484375,26.347575438494673],[103.29345703125,26.347575438494673],[103.348388671875,26.300802009052887],[103.36761474609375,26.24415628389076],[103.40606689453125,26.22691079562364],[103.3978271484375,26.18748293472086],[103.4747314453125,26.09872146634146],[103.46923828125,25.97286069592394],[103.392333984375,25.896291175546608],[103.35113525390625,25.770213848960253],[103.27423095703125,25.75784610230623],[103.260498046875,25.62914524992192],[103.11767578125,25.42591200329217],[103.10943603515625,25.254632619749458],[103.0352783203125,25.142798288002894],[102.90069580078125,25.023395313968294],[102.8814697265625,24.938747836398363],[102.98858642578125,24.851549944184725],[103.150634765625,24.933766759388817],[103.238525390625,24.90885835502671],[103.2330322265625,24.886436490787716],[103.30718994140625,24.84905767130526],[103.4197998046875,24.89391089802126],[103.480224609375,24.883944921181765],[103.61480712890625,24.973609735832184],[103.65325927734375,25.043303894873077],[103.831787109375,25.19500042430751],[103.82904052734375,25.398622849619613]],[[103.38958740234375,26.627818226393046],[103.3648681640625,26.571333057252076]],[[103.76861572265625,25.97779895546435],[103.72467041015625,25.992612489709202],[103.65875244140625,25.965452917841787],[103.59832763671875,25.98520595593358],[103.53240966796875,25.95310558454753],[103.46649169921875,25.965452917841787]],[[102.6617431640625,25.532528468534437],[102.6507568359375,25.257116659859804],[102.6837158203125,25.162687451233253],[102.67822265625,25.110471486223346]],[[103.853759765625,25.63409785324474],[103.90594482421875,25.67371128247386],[104.21356201171875,25.68608778072486]],[[103.85101318359375,25.63409785324474],[103.81805419921875,25.49038907399803],[103.7823486328125,25.47303326127951],[103.58184814453125,25.44575478073712],[103.51043701171875,25.38869799035082],[103.36761474609375,25.38869799035082],[103.25225830078125,25.35395455852668],[103.20281982421875,25.37132752330035],[103.10394287109375,25.339061458818378],[103.04351806640625,25.35891851754525],[102.93914794921875,25.28443774698306],[102.9144287109375,25.190029755362644],[102.843017578125,25.125392611512027],[102.7825927734375,25.117932276583332],[102.733154296875,25.075648445630534]],[[103.85650634765625,25.415989389177113],[103.87847900390625,25.35891851754525],[103.985595703125,25.249664387120887],[104.029541015625,25.127879288597555],[104.08447265625,25.060721252314167],[104.051513671875,24.973609735832184],[104.10369873046875,24.814160581042984],[104.00482177734375,24.7393480132487],[103.9471435546875,24.647017162630362],[103.84552001953125,24.61206333896378]],[[103.70269775390625,24.844072974931862],[103.84552001953125,24.883944921181765],[103.90869140625,24.84158055144536],[103.98834228515625,24.861518533567946],[104.19158935546875,24.84158055144536],[104.30419921875,24.938747836398363],[104.34539794921875,24.9262947663956],[104.4305419921875,24.961160190729046],[104.46624755859375,25.028372762053436],[104.71343994140625,25.07316070640961],[104.776611328125,25.147770882723563],[104.886474609375,25.122905883812052],[104.9908447265625,25.190029755362644],[105.04852294921875,25.187544344824488]],[[103.3319091796875,24.629541472815617],[103.44451904296875,24.597080137096412],[103.46649169921875,24.564610380176845],[103.54888916015625,24.574601971051052],[103.59283447265625,24.542126388899305],[103.699951171875,24.51963836811676],[103.71368408203125,24.44464923209823]],[[103.1561279296875,24.781747337815773],[103.23028564453125,24.709410369765152],[103.30169677734375,24.70442006237336]],[[103.29345703125,24.861518533567946],[103.2769775390625,24.821639356846603],[103.370361328125,24.479649723637877],[103.3758544921875,24.372117300111313],[103.4033203125,24.344594295127962],[103.4417724609375,24.20187936928663],[103.41705322265625,24.071543757075247],[103.2879638671875,23.875791916101022],[103.26873779296875,23.760209425039207],[103.32366943359375,23.619361679019548],[103.4197998046875,23.528736617422013],[103.40606689453125,23.463246331550366],[103.44451904296875,23.34225583513053],[103.36761474609375,23.286764949641892],[103.37310791015625,23.168138769018753],[103.33740234375,23.165613663312598],[103.29071044921875,23.10752309743596],[103.326416015625,23.044352663791813],[103.53790283203125,22.89768321064807],[103.96087646484375,22.53031677641036]],[[103.16986083984375,25.058233209922534],[103.16986083984375,24.786734541988906],[103.09295654296875,24.791721545708782],[103.0023193359375,24.709410369765152],[102.89794921875,24.694438847734347],[102.81280517578125,24.567108352575985],[102.8485107421875,24.497146320571886],[102.81005859375,24.41214007065153],[102.82379150390625,24.317065306876046],[102.76885986328125,24.246964554300916],[102.8265380859375,24.19185827231766],[102.81005859375,24.149259828083544],[102.82379150390625,24.0765591202954]],[[103.1671142578125,25.058233209922534],[103.128662109375,25.120419105501256],[102.94189453125,25.25214852883525]],[[103.01605224609375,25.14031191468075],[102.919921875,25.187544344824488]],[[102.87872314453125,24.95119964792312],[102.7496337890625,25.01841766402613]],[[102.89794921875,24.993526387488927],[102.9913330078125,24.986058021167594],[103.040771484375,25.02090651422749],[103.05999755859375,24.988547527022064],[103.10943603515625,24.99103698246374],[103.1671142578125,25.058233209922534],[103.238525390625,25.078136134310142],[103.68072509765625,25.386216648026647],[103.74114990234375,25.408546892670557],[103.82904052734375,25.398622849619613],[103.86474609375,25.42591200329217],[103.897705078125,25.527571660479637],[103.8592529296875,25.582085278700717],[103.86474609375,25.626668871238564],[103.8262939453125,25.64895443060557],[103.7493896484375,25.63905025115193]],[[102.92266845703125,25.09306120481608],[102.8594970703125,25.043303894873077],[102.80731201171875,25.038327052535195]],[[102.66448974609375,25.083111360030927],[102.6397705078125,25.152743274854956],[102.47222900390625,25.27698715136924],[102.4090576171875,25.515178744398526],[102.32391357421875,25.492868271257123],[102.31292724609375,25.51765742999403],[102.1673583984375,25.539963296551065],[102.1343994140625,25.497826512321026],[102.07672119140625,25.492868271257123],[102.0135498046875,25.542441470124828],[101.99432373046875,25.50526349022745],[101.97784423828125,25.547397663603164],[101.865234375,25.547397663603164],[101.78009033203125,25.485430526043558],[101.744384765625,25.344026029134326],[101.634521484375,25.2620845876545]],[[102.77984619140625,24.988547527022064],[102.81829833984375,24.844072974931862],[102.74688720703125,24.726874870506975],[102.64251708984375,24.657002173279082],[102.58209228515625,24.577099744289427],[102.5299072265625,24.34709663380852],[102.4859619140625,24.27701247166408]],[[102.79083251953125,24.956180020055925],[102.821044921875,24.961160190729046]],[[102.843017578125,24.786734541988906],[102.799072265625,24.811667555461852]],[[102.886962890625,24.68445683348716],[102.90069580078125,24.70442006237336],[102.84027099609375,24.774266155771343],[102.8924560546875,24.83908807776389],[102.8704833984375,24.873978140216295],[102.87872314453125,24.948709386318527]],[[102.568359375,24.66199437910157],[102.53265380859375,24.567108352575985],[102.54364013671875,24.482149386474248],[102.47772216796875,24.344594295127962],[102.4749755859375,24.20939467509706]],[[102.601318359375,24.771772328228806],[102.54638671875,24.79920167537385],[102.52166748046875,24.938747836398363],[102.623291015625,24.99103698246374],[102.6507568359375,25.028372762053436]],[[102.18109130859375,24.632038149596895],[102.293701171875,25.08559889706477],[102.3046875,25.378772315094963],[102.3486328125,25.43583380055557],[102.69195556640625,25.54491959247673],[102.7056884765625,25.62419244121199],[102.7496337890625,25.63905025115193],[102.777099609375,25.68608778072486],[102.94189453125,25.755372398367243],[102.98583984375,25.713311550538407],[103.095703125,25.681137335685307],[103.106689453125,25.641526373065773],[103.35113525390625,25.57465306409283],[103.3978271484375,25.542441470124828],[103.5516357421875,25.62914524992192],[103.69720458984375,25.653906212095094],[103.7493896484375,25.641526373065773]],[[102.5244140625,24.941238299396304],[102.56011962890625,25.060721252314167],[102.6507568359375,25.125392611512027]],[[102.52166748046875,24.938747836398363],[102.39532470703125,24.931276145384558],[102.3101806640625,24.976099493695415],[102.21405029296875,24.978589201164255],[102.139892578125,24.9262947663956],[102.02728271484375,24.983568464904025],[101.92840576171875,24.983568464904025],[101.8707275390625,24.938747836398363],[101.8048095703125,24.941238299396304],[101.72515869140625,24.988547527022064],[101.70867919921875,25.04579224030344],[101.61529541015625,25.080623772444838],[101.54937744140625,25.058233209922534],[101.45599365234375,25.08808638354266],[101.25,25.207426209065787],[101.15386962890625,25.237242916673054],[101.07421875,25.301820690255198]],[[102.6287841796875,24.998505046275227],[102.66998291015625,24.996015742094002],[102.755126953125,24.92878548105226],[102.79632568359375,24.92878548105226],[102.82928466796875,24.988547527022064],[102.8045654296875,25.01343981225635],[102.8045654296875,25.078136134310142],[102.843017578125,25.122905883812052]],[[102.623291015625,24.99103698246374],[102.66448974609375,24.836595553891186],[102.65350341796875,24.794214972389483],[102.601318359375,24.771772328228806],[102.57659912109375,24.654505995486744],[102.62603759765625,24.632038149596895],[102.74688720703125,24.64951349015864],[102.7880859375,24.61206333896378],[102.8375244140625,24.61955426694489]],[[102.6397705078125,25.06320924418648],[102.59857177734375,25.028372762053436],[102.579345703125,25.08808638354266],[102.45574951171875,25.09306120481608],[102.4200439453125,25.142798288002894],[102.37060546875,25.170145051503127],[102.3046875,25.170145051503127],[102.24151611328125,25.222335476488183],[102.13714599609375,25.19500042430751],[102.01629638671875,25.182573371634845],[101.920166015625,25.202456047341315],[101.78558349609375,25.17263081690433],[101.6400146484375,25.254632619749458],[101.5301513671875,25.264568475331586]],[[102.6507568359375,25.127879288597555],[102.744140625,25.162687451233253],[102.77435302734375,25.120419105501256]],[[101.75262451171875,25.190029755362644],[101.7388916015625,25.155229394940577]],[[101.9146728515625,25.547397663603164],[101.898193359375,25.656382025768067],[101.8487548828125,25.713311550538407],[101.8267822265625,25.8345053473399],[101.77459716796875,25.893820362797484],[101.78009033203125,25.948166288539724],[101.71417236328125,26.024702074198558],[101.56036376953125,25.990143696977995],[101.54388427734375,25.940756956019044],[101.49444580078125,25.908644463291267],[101.5081787109375,25.8592235547614],[101.480712890625,25.80978197584041],[101.3983154296875,25.780107118422237],[101.29669189453125,25.661333498952686],[101.282958984375,25.616762843108532],[101.35162353515625,25.539963296551065]],[[101.0797119140625,25.49038907399803],[101.26922607421875,25.48295117535531]],[[101.24176025390625,25.182573371634845],[101.20880126953125,25.411027775872228],[101.30767822265625,25.530050090109015],[101.35162353515625,25.539963296551065],[101.46697998046875,25.450714964350283],[101.47796630859375,25.339061458818378],[101.5411376953125,25.254632619749458],[101.4697265625,25.04579224030344],[101.51641845703125,24.936257323061312],[101.52191162109375,24.85653433931067],[101.59332275390625,24.76678452287446],[101.6070556640625,24.711905448466084],[101.66748046875,24.686952411999158],[101.81854248046875,24.726874870506975],[101.9256591796875,24.69194341912649],[102.05474853515625,24.759302439225465],[102.10418701171875,24.671978191593254],[102.18658447265625,24.61955426694489],[102.249755859375,24.452150156180963],[102.2332763671875,24.34959892303675],[102.3101806640625,24.234442493099976],[102.37335205078125,24.20438452045994],[102.48870849609375,24.21189967855325],[102.645263671875,24.184341932808437],[102.79632568359375,24.21189967855325]],[[101.5191650390625,24.906367237908],[101.60980224609375,24.938747836398363],[101.634521484375,24.998505046275227],[101.722412109375,24.983568464904025]],[[101.7498779296875,25.15771546436791],[101.66748046875,25.135339016130985],[101.6455078125,25.07316070640961]],[[101.07421875,24.079066728347783],[101.11541748046875,24.043955754397516],[101.2335205078125,24.03643072466737],[101.3433837890625,23.94860616800962],[101.48895263671875,23.692319656040908],[101.69219970703125,23.49599554229019]],[[101.5740966796875,24.033922283462488],[101.74713134765625,23.772777722631233],[101.8927001953125,23.64955612214773]],[[101.5960693359375,24.01134410923636],[101.7498779296875,24.038939116894056],[101.876220703125,24.031413793283292],[101.97784423828125,24.081574287356588],[102.18658447265625,24.023888028938273]],[[102.47222900390625,24.20939467509706],[102.37884521484375,24.169307925368145],[102.29644775390625,24.079066728347783],[102.19482421875,24.03643072466737],[102.1343994140625,23.88583769986201],[102.0904541015625,23.86574535264795],[102.10418701171875,23.848161991218277],[102.01904296875,23.75266786383142],[102.03277587890625,23.70489450232492],[101.97509765625,23.687289378375908],[101.95037841796875,23.631943543199654],[101.865234375,23.657103644651258],[101.8267822265625,23.64452419857369],[101.7608642578125,23.556434243209438],[101.69219970703125,23.516144859563923],[101.700439453125,23.470804563362307],[101.67022705078125,23.40780608086142],[101.62078857421875,23.430488993882975],[101.58233642578125,23.36494997255116],[101.5411376953125,23.362428593408836],[101.49169921875,23.299378547993726],[101.337890625,23.309468565752198],[101.32415771484375,23.236298608603306],[101.2939453125,23.26153416765183],[101.15386962890625,23.25648743787913],[101.14288330078125,23.195911787809493],[101.1785888671875,23.117627611920554],[101.08795166015625,23.069624397708267],[101.07421875,23.036770218630025]],[[102.0574951171875,23.787858076846504],[102.13165283203125,23.840625534492915],[102.19757080078125,23.757695619849855],[102.3321533203125,23.780318118362246],[102.40631103515625,23.767750549280976],[102.4639892578125,23.725011735951796],[102.491455078125,23.66716633049053],[102.59033203125,23.629427267052435],[102.72491455078125,23.65458785220298],[103.05450439453125,23.626910942556876],[103.0902099609375,23.586643178460292],[103.14788818359375,23.581608838550338],[103.19732666015625,23.546363054291575],[103.238525390625,23.48843875389896],[103.23028564453125,23.40024424568925],[103.32366943359375,23.359907166336697],[103.33465576171875,23.327124254593286],[103.42529296875,23.29685592396821],[103.458251953125,23.347299312167777],[103.5626220703125,23.420408179404035],[103.7713623046875,23.410326596588277],[103.84002685546875,23.430488993882975],[103.9031982421875,23.48843875389896],[104.03778076171875,23.480881532357074],[104.14215087890625,23.43300907742035],[104.227294921875,23.430488993882975],[104.3096923828125,23.541327170505454],[104.30694580078125,23.66465073163161]],[[101.64276123046875,23.420408179404035],[101.68670654296875,23.460726824764436]],[[101.07421875,22.965980167474115],[101.07421875,22.99632330686717]],[[101.07421875,22.520168585994384],[101.07421875,22.461802035333974]],[[102.33489990234375,23.011492320142253],[102.3760986328125,23.09236489999782],[102.447509765625,23.13530868172967],[102.48870849609375,23.21610672456478],[102.54364013671875,23.25901082664879],[102.70843505859375,23.274150156028497]],[[103.32916259765625,23.024131861805984],[103.31817626953125,23.001379834065432],[103.35662841796875,23.003908026630654],[103.35113525390625,22.976095304428483],[103.304443359375,22.981152589020397],[103.26324462890625,22.94068901460203],[103.20556640625,22.94574762338833],[103.21929931640625,22.920452689368403],[103.194580078125,22.839477183318877],[103.22479248046875,22.824288902739497]],[[103.40606689453125,22.986209684312342],[103.2330322265625,23.072151310102853],[103.08746337890625,23.104996849988808],[102.79083251953125,23.26153416765183],[102.39532470703125,23.362428593408836],[102.3651123046875,23.352342597581114],[101.986083984375,23.571539579477786],[101.9366455078125,23.631943543199654]],[[103.37860107421875,23.203485246703025],[103.4033203125,23.173188837559053],[103.53515625,23.163088509987773],[103.63128662109375,23.026659627974098]],[[103.93341064453125,23.49095773149581],[103.8922119140625,23.596711278870245],[103.80706787109375,23.70489450232492],[103.80157470703125,23.750153913010124]],[[103.36761474609375,23.556434243209438],[103.33740234375,23.55895191986295],[103.24127197265625,23.47332387777118],[103.19732666015625,23.493476660960866],[103.1451416015625,23.47332387777118],[103.0902099609375,23.334690260349376],[103.03253173828125,23.276673210348193],[102.97760009765625,23.274150156028497],[102.97760009765625,23.309468565752198],[102.93914794921875,23.339734024762862]],[[102.95562744140625,23.410326596588277],[102.9583740234375,23.425448682701457],[102.94189453125,23.380077240656462],[102.9638671875,23.36747130375967],[102.9364013671875,23.359907166336697],[102.9144287109375,23.27162705391828],[102.886962890625,23.24639340521435],[102.79083251953125,23.264057460884302]],[[102.84027099609375,23.64452419857369],[102.82928466796875,23.760209425039207],[102.864990234375,23.92099179936676],[102.7935791015625,24.001308092538196],[102.8375244140625,24.069036001915165],[102.7825927734375,24.08658925822803]],[[102.88970947265625,23.636975950433467],[102.90069580078125,23.619361679019548],[102.8485107421875,23.48843875389896],[102.89520263671875,23.427968862308674],[102.952880859375,23.41284706430993]],[[102.7001953125,24.282019767227183],[102.76611328125,24.249468818656027]],[[103.41705322265625,24.314562375064085],[103.64227294921875,24.437147861615614],[103.75762939453125,24.46215069371526],[103.83453369140625,24.587090339209638],[103.75762939453125,24.78424096495712],[103.6834716796875,24.85653433931067],[103.69171142578125,24.936257323061312],[103.65875244140625,25.000994300028964],[103.6285400390625,25.003483503351504]],[[103.436279296875,24.21440463276275],[103.3538818359375,24.17933079377272],[103.2330322265625,24.171813716251364],[103.16986083984375,24.206889622398023],[103.16162109375,24.174319457949082],[103.1011962890625,24.19185827231766],[103.04351806640625,24.141740980504323],[102.83203125,24.171813716251364]],[[104.58709716796875,23.274150156028497],[104.63653564453125,23.352342597581114],[104.63104248046875,23.45568766694339],[104.66949462890625,23.48843875389896],[104.6722412109375,23.59922818323939],[104.7491455078125,23.65207201136718],[104.75189208984375,23.772777722631233],[104.798583984375,23.840625534492915],[104.8040771484375,23.908437861289215],[104.996337890625,24.033922283462488]],[[104.14764404296875,23.430488993882975],[104.21356201171875,23.29685592396821],[104.26025390625,23.25648743787913],[104.58709716796875,23.274150156028497],[104.65576171875,23.23125092389779],[104.68048095703125,23.183288403039526]],[[104.30419921875,23.25901082664879],[104.3646240234375,23.0216040482443]],[[105.97686767578125,22.978623970384916],[105.91094970703125,23.062043375744096],[105.92193603515625,23.09741782252918],[105.8697509765625,23.251440517055997],[105.81207275390625,23.32460215692096],[105.82305908203125,23.359907166336697]],[[106.85302734375,22.10090935057272],[106.85302734375,22.151795575397756],[106.798095703125,22.212834764522583],[106.80084228515625,22.27130574817764],[106.754150390625,22.40341089271213]],[[106.32293701171875,22.874909909420126],[106.31195068359375,22.983681160330875],[106.59210205078125,23.218630877057024],[106.64154052734375,23.29433325211626],[106.65802001953125,23.392681978612984],[106.61956787109375,23.579091596182877],[106.64154052734375,23.642008164226908],[106.62506103515625,23.68980454142961],[106.65802001953125,23.722497251447336],[106.76239013671875,23.747639913652662]],[[106.53717041015625,22.950806043101025],[106.55364990234375,23.01654827895625]],[[106.72943115234375,23.742611769344833],[106.60858154296875,23.79539759797875],[106.56463623046875,23.84564988765935],[106.578369140625,23.936054914599808],[106.61956787109375,23.956136333969283]],[[106.69647216796875,23.818013536211907],[106.6937255859375,23.908437861289215],[106.6278076171875,23.94609601499839],[106.54815673828125,24.04646399966657],[106.33941650390625,24.17933079377272],[106.22955322265625,24.30455015382509],[105.99609375,24.48714856317342],[105.919189453125,24.582095141363695],[105.74066162109375,24.689447940546827],[105.52642822265625,24.7493256266972],[105.54290771484375,24.8789616312],[105.37811279296875,25.065697185535882],[105.25726318359375,25.083111360030927],[105.05126953125,25.190029755362644],[105.04852294921875,25.120419105501256],[104.97711181640625,25.068185076358617],[104.98260498046875,24.998505046275227],[104.9578857421875,24.933766759388817],[104.8974609375,24.95867013057679],[104.8480224609375,25.028372762053436],[104.83978271484375,25.130365915065]],[[106.56463623046875,23.878303435147103],[106.70196533203125,23.812988112549903],[106.76239013671875,23.747639913652662],[106.90521240234375,23.70992410160494],[107.0343017578125,23.60174503930736],[107.259521484375,23.556434243209438],[107.38311767578125,23.458207269894118],[107.39959716796875,23.41536748402241],[107.567138671875,23.25901082664879],[107.70172119140625,23.198436321779383],[107.8582763671875,23.087311787457338],[108.0780029296875,22.85972558644609],[108.1988525390625,22.842008398595794],[108.31695556640625,22.92804166565176],[108.4735107421875,22.94574762338833],[108.5174560546875,22.92804166565176],[108.58062744140625,22.81163070769243],[108.533935546875,22.692586244730677],[108.4075927734375,22.669778674332306],[108.369140625,22.674847351188518],[108.30047607421875,22.740723091194724],[108.20709228515625,22.760986169250472],[108.16864013671875,22.793907258498933],[108.1549072265625,22.84453956677055]],[[106.56463623046875,23.880814905458536],[106.38336181640625,23.938565262944763],[106.336669921875,23.89588270368263],[106.19659423828125,23.926013033021192],[106.138916015625,23.88834902394626],[106.0894775390625,23.89337152586046],[105.99884033203125,23.82052617508276],[105.95489501953125,23.747639913652662],[105.91644287109375,23.735069188959358],[105.88623046875,23.66465073163161],[105.8367919921875,23.639492081512188],[105.79559326171875,23.6470401845486],[105.71044921875,23.591677325244078],[105.4302978515625,23.722497251447336],[105.347900390625,23.737583430939125],[105.2984619140625,23.722497251447336],[105.2105712890625,23.750153913010124],[105.1446533203125,23.70992410160494],[105.0677490234375,23.737583430939125],[104.82330322265625,23.745125865762915],[104.73541259765625,23.699864709181483],[104.65576171875,23.712438828536392],[104.55413818359375,23.672197382983015],[104.30694580078125,23.66465073163161],[104.15313720703125,23.719982718449657],[103.87847900390625,23.737583430939125],[103.7164306640625,23.77529123645138],[103.64501953125,23.807962494353504],[103.5845947265625,23.875791916101022],[103.54888916015625,23.86072177861452],[103.48297119140625,23.875791916101022],[103.447265625,23.94609601499839],[103.39508056640625,23.94609601499839],[103.370361328125,23.973705011113736]],[[106.67449951171875,23.926013033021192],[106.732177734375,23.933544517431116],[106.79534912109375,24.038939116894056],[106.9134521484375,24.09160403287902],[107.01507568359375,24.099125826874868],[107.03155517578125,24.149259828083544],[107.22930908203125,24.20187936928663],[107.303466796875,24.27701247166408],[107.29522705078125,24.312059393849225],[107.35565185546875,24.417142025372044],[107.33642578125,24.49464695573168],[107.39410400390625,24.572104148016848],[107.567138671875,24.659498301151928],[107.60284423828125,24.74683129841206],[107.677001953125,24.74683129841206],[107.7099609375,24.769278450595266],[107.77862548828125,24.756808311192714]],[[106.47674560546875,24.85653433931067],[106.57562255859375,24.79920167537385],[106.62506103515625,24.724380091871723]],[[106.7047119140625,25.440794392795965],[106.91619873046875,25.564742726875778],[106.9134521484375,25.64895443060557],[106.94915771484375,25.708362237278735],[107.083740234375,25.792472545052036],[107.11395263671875,25.846865096780576],[107.237548828125,25.827088877957934],[107.37213134765625,25.841921351954852],[107.5341796875,25.898761936567027],[107.6715087890625,25.893820362797484],[107.80059814453125,25.965452917841787],[107.8363037109375,26.115985925333533],[107.7978515625,26.283564932531377],[107.8363037109375,26.41155054662258],[107.92144775390625,26.490240458869636],[107.90771484375,26.54430855862742]],[[106.06475830078125,25.16765923542178],[106.1553955078125,25.135339016130985],[106.33392333984375,25.185058883580666],[106.3970947265625,25.170145051503127],[106.59210205078125,25.356436563512105],[106.65252685546875,25.37132752330035]],[[105.5291748046875,24.911349421850602],[105.677490234375,24.933766759388817],[105.85601806640625,25.00846175868834],[106.06475830078125,25.170145051503127],[106.094970703125,25.237242916673054],[106.0400390625,25.378772315094963],[106.03729248046875,25.50526349022745],[106.1279296875,25.656382025768067],[106.072998046875,25.743003105825977]],[[106.14715576171875,25.015928763367853],[106.15814208984375,25.132852490910693]],[[105.4522705078125,24.759302439225465],[105.52093505859375,24.774266155771343]],[[105.35614013671875,25.080623772444838],[105.41107177734375,25.212396167851168],[105.589599609375,25.314235552197573],[105.61431884765625,25.42839252919684],[105.3424072265625,25.492868271257123],[105.150146484375,25.44575478073712]],[[104.359130859375,24.933766759388817],[104.41131591796875,24.866502526926908],[104.47998046875,24.671978191593254],[104.57611083984375,24.63952788063341],[104.776611328125,24.47465024901041],[104.8370361328125,24.48714856317342],[104.97161865234375,24.459650633761882],[105.02105712890625,24.48714856317342],[105.0787353515625,24.482149386474248],[105.29296875,24.384625777615966],[105.5841064453125,24.329579224758987],[105.71044921875,24.27701247166408],[105.85052490234375,24.337086982410497],[105.9246826171875,24.42964604483518],[106.083984375,24.419642928396613]],[[105.05126953125,25.190029755362644],[105.062255859375,25.329131707091477],[105.14739990234375,25.440794392795965],[105.14739990234375,25.50526349022745],[105.11993408203125,25.596948323286142],[105.0897216796875,25.594471277418847],[105.09521484375,25.698462993261657],[105.05401611328125,25.83944940206318],[105.0677490234375,25.933347157371628],[105.03753662109375,25.958044673317843],[105.0457763671875,26.029638154881994],[105.13916015625,26.2145910237943],[105.27374267578125,26.204734267107597],[105.4412841796875,26.364802990757894],[105.3973388671875,26.453361257321603],[105.44952392578125,26.556593211456345],[105.4193115234375,26.571333057252076],[105.42205810546875,26.610630040149132],[105.35064697265625,26.750515745618387],[105.35614013671875,26.78484736105119],[105.303955078125,26.865730791177683],[105.26275634765625,26.865730791177683]],[[105.281982421875,25.468073997498138],[105.2655029296875,25.46311452925943]],[[104.0899658203125,26.27863958300398],[104.0350341796875,26.30572641742428],[103.97735595703125,26.406630642556763],[103.83453369140625,26.492698651939392],[103.743896484375,26.512362303867505],[103.699951171875,26.480407161007278],[103.64501953125,26.519735305660788],[103.6065673828125,26.48778221323812],[103.49945068359375,26.509904531413923],[103.392333984375,26.48778221323812],[103.326416015625,26.549222577692035],[103.2769775390625,26.56150670403794],[103.23577880859375,26.524650377182766],[103.238525390625,26.475490196773805],[103.1781005859375,26.453361257321603],[103.15338134765625,26.480407161007278],[103.16436767578125,26.448443137516435],[103.13690185546875,26.426308999847024],[103.0902099609375,26.50007291574437],[103.1011962890625,26.546765594479652],[103.04351806640625,26.610630040149132],[103.0517578125,26.571333057252076]],[[104.76287841796875,26.431228064506442],[104.7271728515625,26.421389725295015],[104.7216796875,26.39186967176903],[104.798583984375,26.318036522949072],[104.71893310546875,26.25893609446841],[104.732666015625,26.165298896316045],[104.64752197265625,26.083921329998333],[104.61181640625,26.014829289930987],[104.62005615234375,25.975329851614575],[104.54315185546875,25.77268724365814],[104.58709716796875,25.715786129968635],[104.578857421875,25.65143034703972],[104.6722412109375,25.567220388070027],[104.72442626953125,25.42343142633422],[104.80133056640625,25.361400420622516],[104.8095703125,25.27698715136924],[104.92767333984375,25.15025710411473]],[[104.37835693359375,26.799557733065356],[104.34814453125,26.743157621118215],[104.2877197265625,26.73579902043167],[104.293212890625,26.686729520004036],[104.23553466796875,26.620452177301217],[104.2327880859375,26.504988828743407],[104.16961669921875,26.448443137516435],[104.15863037109375,26.386948928734128],[104.1009521484375,26.335268473041793],[104.10369873046875,26.27125116671496]],[[104.84527587890625,26.50253089853325],[104.7821044921875,26.53693713526569],[104.79583740234375,26.571333057252076],[104.754638671875,26.630273470591902],[104.776611328125,26.716173757934087],[104.81781005859375,26.770135082241453],[104.81231689453125,26.92451880638491],[104.78759765625,26.951453083498265],[104.8150634765625,27.012643405861155],[104.79583740234375,27.04444921765402],[104.87823486328125,27.08602783570744],[104.81231689453125,27.130035441479365],[104.8040771484375,27.225325836903366],[104.76287841796875,27.274161117374675],[104.9029541015625,27.381523191705057],[104.9359130859375,27.46441351096277],[105.0732421875,27.530193813187935],[105.10345458984375,27.59836886857363],[104.9908447265625,27.768620944918666],[105.05126953125,27.928900753321884],[104.98809814453125,27.97499795326776],[104.93316650390625,27.965294915211132],[104.92767333984375,27.996826597738718],[104.842529296875,28.059862287671137],[104.8040771484375,28.139815912754443],[104.83428955078125,28.25842489476814],[104.820556640625,28.28019589809702],[104.8809814453125,28.391400375817753]],[[105.0018310546875,26.53693713526569],[105.12542724609375,26.492698651939392],[105.18585205078125,26.426308999847024],[105.24627685546875,26.404170611853445],[105.260009765625,26.364802990757894],[105.33416748046875,26.36726386012937],[105.37261962890625,26.342652809380596],[105.58685302734375,26.12585018568035],[105.76812744140625,26.10365442903843],[105.85052490234375,26.039509693208814],[105.92742919921875,26.027170140497375],[106.02630615234375,26.04938040062953],[106.2652587890625,26.027170140497375],[106.446533203125,26.088854916793622],[106.5728759765625,26.086388149394878]],[[105.0018310546875,26.53939432901703],[104.91943359375,26.617996722116757],[104.853515625,26.617996722116757],[104.81231689453125,26.652368294008866],[104.73541259765625,26.64991352472505],[104.66949462890625,26.73334604773261],[104.56512451171875,26.78239544697975],[104.4964599609375,26.809363588053785],[104.38934326171875,26.797106136843354],[104.293212890625,26.95390133505323],[104.150390625,26.95879767857089],[104.1064453125,26.93921102789467],[104.02679443359375,26.961245770526972],[103.94439697265625,27.039556602163188],[103.875732421875,27.05423380878584],[103.82904052734375,27.0982539061379],[103.77960205078125,27.227768109976566],[103.64227294921875,27.25462957780006],[103.57635498046875,27.24242062344483],[103.42803955078125,27.125146562094343],[103.3209228515625,27.130035441479365],[103.20281982421875,27.217998696328692],[103.24127197265625,27.26683719214357],[103.20831298828125,27.379084299555316]],[[105.3204345703125,26.833874515058582],[105.369873046875,26.794654487638084],[105.556640625,26.843677401113],[105.56488037109375,26.82407078047018],[105.6884765625,26.804460766546157],[105.72967529296875,26.74561038219902],[105.80657958984375,26.752968347950258]],[[105.87249755859375,26.1850182500783],[105.73516845703125,26.051847947629483],[105.66375732421875,26.014829289930987],[105.64453125,25.965452917841787],[105.4522705078125,25.891349498323137],[105.41656494140625,25.930877120921792],[105.36712646484375,25.940756956019044],[105.2655029296875,25.86663800946613],[105.20782470703125,25.86416657624642],[105.1226806640625,25.762793355586624],[105.0457763671875,25.74547706736861],[104.9578857421875,25.80236395792228],[104.80133056640625,25.79494547564967],[104.63653564453125,25.824616618232156],[104.40032958984375,25.733106744589705],[104.31243896484375,25.62419244121199],[104.26025390625,25.63905025115193],[104.19158935546875,25.708362237278735],[104.13665771484375,25.8345053473399],[104.073486328125,25.911114965615425],[104.07073974609375,26.069119321860896],[104.007568359375,26.106120832355515]],[[105.93292236328125,26.322960198925372],[105.77362060546875,26.30572641742428],[105.732421875,26.364802990757894],[105.76263427734375,26.426308999847024],[105.732421875,26.546765594479652],[105.80657958984375,26.67200454772943],[105.80657958984375,26.750515745618387]],[[105.94390869140625,26.32788366558414],[106.25152587890625,26.475490196773805],[106.32568359375,26.554136386183785]],[[105.8203125,26.298339726417737],[105.84503173828125,26.1899475672235],[106.0565185546875,26.207198534534058],[106.1334228515625,26.1899475672235],[106.23779296875,26.231838339013294],[106.41632080078125,26.249083096330665],[106.44927978515625,26.283564932531377],[106.63055419921875,26.340191416286572],[106.66351318359375,26.372185441695592]],[[106.19659423828125,25.86169509134365],[106.14990234375,26.093788295583906],[106.1663818359375,26.180088724387304],[106.08123779296875,26.27617682983724],[105.941162109375,26.325421958421146]],[[106.45477294921875,26.088854916793622],[106.39984130859375,26.2466197162221]],[[106.65252685546875,26.096254906968525],[106.58935546875,26.10365442903843],[106.45477294921875,25.990143696977995],[106.31744384765625,25.96298355482267],[106.259765625,25.876523225444387],[106.204833984375,25.86169509134365],[106.1773681640625,25.797418354662938],[106.1114501953125,25.752898642900433],[106.02081298828125,25.728158254981707],[105.94390869140625,25.747950977397593],[105.92193603515625,25.728158254981707],[105.9356689453125,25.69103802005013],[105.897216796875,25.584562581016684],[105.79559326171875,25.497826512321026],[105.7598876953125,25.495347417365963],[105.699462890625,25.413508608042292],[105.64727783203125,25.403584973186696],[105.6060791015625,25.443274612305743],[105.61981201171875,25.596948323286142],[105.57037353515625,25.678662036031568],[105.6005859375,25.723209559418265],[105.6060791015625,25.8345053473399],[105.5126953125,25.965452917841787],[105.46600341796875,26.143110637100634],[105.50994873046875,26.197341151857387]],[[106.81732177734375,26.50253089853325],[106.8914794921875,26.477948705162902],[106.9354248046875,26.48778221323812],[107.00408935546875,26.448443137516435],[107.105712890625,26.46319686677677],[107.259521484375,26.58852714730861],[107.36114501953125,26.566419985978882],[107.51220703125,26.62536292944273],[107.55889892578125,26.595895252653804]],[[106.7376708984375,26.470573022375078],[106.74591064453125,26.39679020510266],[106.70745849609375,26.35003667450789],[106.72119140625,26.266325294563856],[106.69921875,26.18748293472086],[106.5618896484375,25.911114965615425],[106.578369140625,25.88393659458397],[106.57012939453125,25.715786129968635],[106.6278076171875,25.616762843108532],[106.611328125,25.567220388070027],[106.7047119140625,25.43335342783216],[106.6552734375,25.373809171543982],[106.64703369140625,25.25214852883525],[106.688232421875,25.187544344824488],[106.7047119140625,25.103010240530736],[106.65802001953125,25.04579224030344],[106.6552734375,24.90138485280086],[106.63055419921875,24.883944921181765],[106.63055419921875,24.786734541988906],[106.6058349609375,24.7493256266972],[106.64154052734375,24.614560364814565],[106.622314453125,24.44464923209823],[106.54815673828125,24.3596075853508],[106.6058349609375,24.149259828083544],[106.52618408203125,24.06151244228103]],[[106.7816162109375,26.49761488038017],[106.9134521484375,26.436146919246013],[106.995849609375,26.441065564038425],[107.09197998046875,26.406630642556763],[107.17987060546875,26.332806922897873],[107.314453125,26.286027528885214],[107.42706298828125,26.27617682983724],[107.5726318359375,26.177623883345746],[107.7484130859375,26.157903278765218],[108.21258544921875,25.965452917841787],[108.270263671875,25.965452917841787],[108.4185791015625,25.893820362797484],[108.48724365234375,25.893820362797484]],[[106.6827392578125,26.696545111585152],[106.66900634765625,26.679367271566832]],[[106.68548583984375,26.696545111585152],[106.70745849609375,26.809363588053785],[106.68548583984375,26.946556420812627],[106.71295166015625,27.056679823247492],[106.69921875,27.122702042259462],[106.74041748046875,27.19845729876721]],[[106.600341796875,26.691637421472706],[106.58935546875,26.713720362159577],[106.4520263671875,26.74070480712784],[106.3421630859375,26.74070480712784],[106.15814208984375,26.826521793655658],[106.094970703125,26.88288045572338],[106.083984375,26.926967642880527],[105.9576416015625,27.029770731463543],[105.88348388671875,27.04689544542316],[105.831298828125,27.100698960063966],[105.75439453125,27.11047864179214],[105.69122314453125,27.186242185608734],[105.60882568359375,27.191128391422254],[105.5841064453125,27.281484559967126],[105.44677734375,27.366889032381295],[105.38360595703125,27.37664535363959],[105.29022216796875,27.337614909451986],[105.216064453125,27.25218789411693]],[[106.58660888671875,26.66709580110482],[106.5618896484375,26.71862710083593],[106.578369140625,26.851029008675013],[106.53717041015625,26.95390133505323],[106.54815673828125,27.007749404729424],[106.51519775390625,27.03221727909495],[106.51519775390625,27.10558890772988],[106.45477294921875,27.222883510268815],[106.46026611328125,27.313213898568264],[106.358642578125,27.379084299555316],[106.22955322265625,27.410785702577016],[106.1993408203125,27.432727501179997],[106.2103271484375,27.471724374230234],[106.0455322265625,27.542371035269653],[105.9356689453125,27.63730702015522],[105.985107421875,27.717573198352596],[105.98236083984375,27.7661906423875],[105.92742919921875,27.858503954841254],[105.9356689453125,27.95316489069384],[105.92193603515625,28.04774290722655],[105.89996337890625,28.06470965729666]],[[106.57562255859375,26.593439270241788],[106.28997802734375,26.465655637838367],[106.24603271484375,26.41155054662258],[106.051025390625,26.313112637682664],[105.9796142578125,26.239229262573588],[105.875244140625,26.1850182500783]],[[106.64154052734375,26.480407161007278],[106.58935546875,26.448443137516435],[106.59759521484375,26.40171052870771],[106.64154052734375,26.372185441695592],[106.71844482421875,26.377106813670053]],[[106.36688232421875,26.509904531413923],[106.32843017578125,26.554136386183785],[106.33941650390625,26.57870226910056],[106.58111572265625,26.632728662035916]],[[106.32843017578125,26.554136386183785],[106.28173828125,26.573789513879802],[106.2652587890625,26.617996722116757],[106.0015869140625,26.647458702659378],[105.8697509765625,26.711266913515743],[105.8203125,26.706359857633544],[105.80657958984375,26.752968347950258],[105.82855224609375,26.78484736105119],[105.92193603515625,26.81671742280699],[105.963134765625,26.900027518368518],[105.98785400390625,27.03221727909495],[106.13616943359375,27.071354789865012],[106.29547119140625,27.02243076878952],[106.4410400390625,27.10558890772988],[106.4794921875,27.09580879882074],[106.5673828125,27.12759102850208],[106.5838623046875,27.1618079465197],[106.71295166015625,27.21311366818236],[106.75140380859375,27.18868531527167],[106.87225341796875,27.2009001608357],[106.91619873046875,27.176469131898898]],[[106.69097900390625,26.929416426216292],[106.68548583984375,26.946556420812627]],[[106.9573974609375,26.843677401113],[107.07000732421875,26.71862710083593],[107.1331787109375,26.60326288363106],[107.09197998046875,26.204734267107597]],[[107.5616455078125,26.50744670637141],[107.841796875,26.524650377182766],[108.21807861328125,26.598351182358286],[108.2537841796875,26.642548900196076],[108.533935546875,26.762778228014156],[108.61907958984375,26.8730809659384],[108.6273193359375,26.93186515638891]],[[107.0892333984375,26.204734267107597],[107.08648681640625,26.140645014531373],[107.11944580078125,26.083921329998333],[107.10845947265625,25.98767485238497],[107.22930908203125,25.916055815010864],[107.237548828125,25.827088877957934],[107.3309326171875,25.653906212095094],[107.24578857421875,25.386216648026647],[107.2869873046875,25.09306120481608],[107.24029541015625,25.030861410390443],[107.2430419921875,24.993526387488927],[107.19085693359375,24.941238299396304],[107.1881103515625,24.76678452287446],[107.138671875,24.706915241066326],[107.08648681640625,24.339589469425164],[107.1551513671875,24.287026865376433],[107.17987060546875,24.244460240645708],[107.17987060546875,24.169307925368145],[107.21832275390625,24.1166749617513],[107.46002197265625,23.983743179882865],[107.5067138671875,23.75266786383142],[107.66876220703125,23.702379629984165],[107.76763916015625,23.508589226762282],[107.7813720703125,23.395202782287825],[107.841796875,23.32964630439146],[107.940673828125,23.327124254593286],[107.9791259765625,23.304423652549673],[108.03131103515625,23.18833789991561]],[[107.50946044921875,26.379567421051803],[107.6495361328125,26.300802009052887],[107.72369384765625,26.293415004265796],[107.7264404296875,26.23430203240673],[107.66876220703125,26.13078200354765],[107.45452880859375,26.093788295583906],[107.37762451171875,26.106120832355515],[107.3309326171875,26.167763997953386],[107.16888427734375,26.175158990178133],[107.04803466796875,26.207198534534058],[106.9903564453125,26.192412147582772],[106.8914794921875,26.108587183647046],[106.75689697265625,26.076520559856974],[106.6552734375,26.093788295583906]],[[107.90496826171875,26.54430855862742],[107.88848876953125,26.72108039086173],[107.91046142578125,26.760325837394433],[107.8857421875,26.78239544697975],[107.9022216796875,26.885330195427926],[107.8692626953125,26.900027518368518],[107.918701171875,27.14225670479398],[107.90496826171875,27.178912475578528],[107.8692626953125,27.193571414057217],[107.874755859375,27.217998696328692],[107.83355712890625,27.25707120788273],[107.6220703125,27.308333052145457],[107.5726318359375,27.35469242146165],[107.435302734375,27.410785702577016],[107.30621337890625,27.42297612892041],[107.11669921875,27.500962976461636],[107.02056884765625,27.500962976461636]],[[107.68798828125,26.517277690994334],[107.764892578125,26.605718655192618],[107.88299560546875,26.63518380072172],[107.940673828125,26.61554121419435],[108.006591796875,26.62536292944273],[108.07525634765625,26.566419985978882]],[[107.764892578125,26.605718655192618],[107.73468017578125,26.632728662035916],[107.5726318359375,26.637638886645917]],[[108.446044921875,26.95390133505323],[108.720703125,26.919620973927493],[109.02008056640625,26.941659545381512],[109.10247802734375,26.929416426216292],[109.1436767578125,26.89512862317936],[109.171142578125,26.8216197142647],[109.15191650390625,26.716173757934087],[109.23431396484375,26.630273470591902],[109.2205810546875,26.600807059351837],[109.25628662109375,26.573789513879802],[109.26177978515625,26.522192867724726],[109.1546630859375,26.41155054662258],[109.12994384765625,26.354958989429576],[109.11895751953125,26.313112637682664],[109.14093017578125,26.27125116671496],[109.0997314453125,26.207198534534058],[109.15191650390625,26.155437968713542],[109.1656494140625,26.101187973699254],[109.09698486328125,25.92099645737912]],[[109.566650390625,25.829561086053516],[109.51171875,25.63409785324474],[109.42657470703125,25.453194979524866],[109.434814453125,25.37629076881005],[109.3414306640625,25.130365915065],[109.28375244140625,25.053256973596106],[109.2755126953125,24.851549944184725],[109.31396484375,24.761796517185815],[109.26177978515625,24.55711616430962],[109.22607421875,24.47465024901041],[109.17388916015625,24.437147861615614],[109.1162109375,24.284523340980442],[109.03656005859375,24.229433323625585],[109.02008056640625,24.141740980504323],[108.9239501953125,24.09160403287902],[108.84979248046875,23.958646291584927],[108.83880615234375,23.70489450232492],[108.78936767578125,23.672197382983015],[108.73443603515625,23.51110781919418],[108.6932373046875,23.465765790247943],[108.720703125,23.322080011378446],[108.6932373046875,23.251440517055997],[108.6492919921875,23.21610672456478],[108.65203857421875,23.11004929735674],[108.5504150390625,22.965980167474115],[108.50372314453125,22.938159639316396]],[[108.5504150390625,26.041977447970154],[108.52569580078125,26.032106117348945],[108.27301025390625,26.13571361317392],[108.23455810546875,26.17269404488789],[108.22906494140625,26.24415628389076],[108.1109619140625,26.29095256475584],[108.0780029296875,26.345114150117766],[108.13568115234375,26.428768558415],[108.0999755859375,26.563963371340193]],[[108.48724365234375,25.896291175546608],[108.577880859375,25.86169509134365],[108.7152099609375,25.896291175546608],[108.80859375,25.891349498323137],[108.87451171875,25.935817142040122],[108.98162841796875,25.94322678532245],[109.43206787109375,25.891349498323137],[109.54742431640625,25.85675196650314],[109.57489013671875,25.827088877957934],[109.720458984375,25.86416657624642],[109.8358154296875,25.8592235547614],[109.92095947265625,25.797418354662938],[109.99786376953125,25.79494547564967],[110.0445556640625,25.765266904920963],[110.0555419921875,25.542441470124828],[110.093994140625,25.393660521998015],[110.159912109375,25.28443774698306]],[[109.33868408203125,25.13782549072222],[109.12445068359375,25.289404556494816],[109.072265625,25.386216648026647]],[[107.611083984375,24.993526387488927],[107.567138671875,24.956180020055925],[107.33917236328125,24.993526387488927],[107.1551513671875,25.110471486223346],[106.85028076171875,25.05574511701532],[106.710205078125,25.090573819461]],[[107.93243408203125,25.430873004044713],[108.0340576171875,25.393660521998015],[108.09722900390625,25.329131707091477],[108.11920166015625,25.15025710411473],[108.1878662109375,25.02090651422749],[108.16864013671875,24.891419479211137],[108.204345703125,24.814160581042984],[108.28948974609375,24.771772328228806],[108.30596923828125,24.68445683348716]],[[107.65777587890625,25.32664914186938],[107.67425537109375,25.304303764403613]],[[107.43255615234375,25.373809171543982],[107.698974609375,25.331614221401054],[107.7264404296875,25.35891851754525],[107.79510498046875,25.35395455852668],[107.83905029296875,25.391179281675832],[107.8802490234375,25.38869799035082],[107.93243408203125,25.43583380055557],[107.962646484375,25.497826512321026],[107.94342041015625,25.641526373065773],[107.8912353515625,25.723209559418265],[107.89947509765625,25.84439325019514],[107.84454345703125,25.94569656283052],[107.8033447265625,25.967922229034045]],[[107.4957275390625,25.676186684959887],[107.5177001953125,25.713311550538407],[107.5067138671875,25.73805502821388]],[[107.17987060546875,24.244460240645708],[107.27325439453125,24.246964554300916]],[[107.2869873046875,24.08658925822803],[107.25128173828125,23.966175871265037],[107.30621337890625,23.76272318167679],[107.2650146484375,23.71495350699027],[107.259521484375,23.631943543199654],[107.18536376953125,23.518663307493853],[107.149658203125,23.347299312167777],[107.08648681640625,23.264057460884302],[107.07000732421875,23.12773136572592],[107.09747314453125,22.948276856880895],[107.171630859375,22.902743425252353],[107.26776123046875,22.793907258498933],[107.259521484375,22.669778674332306],[107.171630859375,22.65964075875479],[107.07275390625,22.59372606392931],[106.97662353515625,22.583582537733903],[106.88873291015625,22.502407459497746],[106.76513671875,22.446571932178983],[106.75689697265625,22.40341089271213]],[[107.44903564453125,23.988761970899688],[107.3419189453125,24.22692866497637],[107.2705078125,24.246964554300916]],[[107.4847412109375,23.92852357663793],[107.56988525390625,23.89588270368263],[107.6824951171875,23.93103407144254],[107.984619140625,23.83057624407452],[108.094482421875,23.84564988765935]],[[108.08074951171875,23.890860299280362],[108.08624267578125,23.915970370510223]],[[108.094482421875,23.848161991218277],[108.248291015625,23.88834902394626],[108.38836669921875,24.003817170108704],[108.489990234375,24.013852991071445],[108.59161376953125,23.986252599841805],[108.8800048828125,24.01134410923636]],[[107.281494140625,23.85820991853467],[107.083740234375,23.83057624407452],[106.995849609375,23.767750549280976]],[[106.99310302734375,23.634459770994653],[107.00958251953125,23.70992410160494],[106.99310302734375,23.772777722631233],[106.80633544921875,23.825551306884762],[106.69097900390625,23.910948746482546]],[[107.2210693359375,22.34753553043207],[107.32269287109375,22.451648819126206]],[[107.21832275390625,22.281472122783825],[107.2265625,22.195034406936216],[107.14691162109375,22.067823457478667],[107.1441650390625,21.940497902605983],[107.0562744140625,21.82070785387502]],[[107.2540283203125,22.31196681097761],[107.21832275390625,22.344995208437894],[107.14691162109375,22.33229290409173],[107.1002197265625,22.35769635535354],[107.05352783203125,22.344995208437894],[106.78436279296875,22.380555501421526],[106.644287109375,22.471954507739227]],[[108.193359375,22.4846440518709],[108.16864013671875,22.45672552018891],[108.14666748046875,22.299261499741192],[108.08349609375,22.182318484171503],[108.138427734375,22.06527806776583],[108.13568115234375,21.999081858361535],[108.2098388671875,21.89718120023508],[108.25653076171875,21.779905342529645]],[[108.2647705078125,22.743256140281986],[108.17138671875,22.624152158090425],[107.97637939453125,22.560756873100104],[107.86376953125,22.56836584796153],[107.66876220703125,22.520168585994384],[107.42706298828125,22.360236445799373],[107.35565185546875,22.352616035512156],[107.13043212890625,22.261138634744498],[107.02056884765625,22.1543394041216],[106.8255615234375,22.088184924507615],[106.75689697265625,22.088184924507615],[106.71295166015625,21.988895080569193]],[[108.09173583984375,22.629222519460498],[108.12744140625,22.68245001521504],[108.19061279296875,22.717923537632174],[108.20709228515625,22.760986169250472]],[[107.8472900390625,23.094891385016638],[107.984619140625,23.183288403039526],[108.19061279296875,23.25901082664879],[108.44879150390625,23.26153416765183],[108.5943603515625,23.18581317530291],[108.6712646484375,23.17823871557667],[108.74267578125,23.21610672456478],[108.819580078125,23.180763583129448]],[[108.0340576171875,23.18833789991561],[108.0120849609375,23.099944212531398],[108.15216064453125,22.84453956677055]],[[107.9461669921875,22.986209684312342],[107.93243408203125,22.89768321064807],[108.0120849609375,22.707789183072975],[108.0560302734375,22.68751822367979],[108.160400390625,22.560756873100104],[108.193359375,22.4846440518709],[108.39385986328125,22.405950148725722]],[[108.82232666015625,23.200960808078563],[108.77838134765625,23.062043375744096],[108.80035400390625,23.003908026630654],[108.77838134765625,22.953335182044682],[108.79486083984375,22.879970973215123],[108.83331298828125,22.85466376836665],[108.8525390625,22.801503304669694],[108.84429931640625,22.72805714175105],[108.88275146484375,22.64696731112366],[108.87176513671875,22.578510494507483],[108.9129638671875,22.520168585994384],[108.91571044921875,22.30688482518366],[108.885498046875,22.248428704383628],[108.88275146484375,22.174688378110645],[108.73443603515625,22.004174972902007],[108.720703125,21.838555296256004],[108.68499755859375,21.78245583990747]],[[108.81683349609375,23.17823871557667],[108.89923095703125,23.125205498602313],[109.07501220703125,23.13530868172967],[109.22332763671875,23.193387206172915],[109.522705078125,23.13530868172967],[109.6600341796875,23.190862576873627],[109.73968505859375,23.26910390402152],[109.8358154296875,23.301901124188873],[109.830322265625,23.200960808078563],[109.78363037109375,23.13783435859517],[109.75067138671875,23.019076187293038],[109.70672607421875,22.981152589020397],[109.65728759765625,22.79643932091949],[109.67376708984375,22.712856454141274],[109.63531494140625,22.662175307872076],[109.6490478515625,22.581046539461326],[109.58587646484375,22.517631421923767],[109.5501708984375,22.324670966133212],[109.37164306640625,21.92775906405204],[109.24530029296875,21.818158037483215],[109.2425537109375,21.779905342529645]],[[108.9129638671875,22.887562215174484],[109.00909423828125,23.029187346744592],[109.05853271484375,23.274150156028497],[109.1217041015625,23.435529112916896],[109.15740966796875,23.468285200853245],[109.17938232421875,23.62187814853651],[109.25628662109375,23.722497251447336],[109.259033203125,23.840625534492915],[109.36065673828125,24.006326198751125],[109.40185546875,24.154272147387545],[109.53094482421875,24.344594295127962],[109.6435546875,24.409639018963105]],[[108.54217529296875,22.707789183072975],[108.66302490234375,22.60640442085196],[108.69873046875,22.543000965921863],[108.83056640625,22.464340223177103],[108.92120361328125,22.438956253296936],[109.0338134765625,22.355156218589755],[109.2425537109375,22.098364557136506],[109.4622802734375,22.039821650237045],[109.55291748046875,21.973613542607552],[109.6710205078125,21.937950226141936],[109.7314453125,21.881889807629264],[109.93194580078125,21.856400510965784]],[[108.54766845703125,22.733123662313673],[109.0228271484375,22.598797546832557],[109.171142578125,22.59372606392931],[109.31121826171875,22.667244265664934],[109.50897216796875,22.667244265664934],[109.63531494140625,22.63936268105668],[109.742431640625,22.66470981017683],[110.00885009765625,22.611475436593366]],[[108.30047607421875,22.900213341547982],[108.2537841796875,22.93057122993814],[108.25927734375,23.203485246703025],[108.2318115234375,23.385119279739683],[108.17962646484375,23.49599554229019],[108.17138671875,23.58412603264412],[108.08074951171875,23.76272318167679],[108.094482421875,23.848161991218277],[108.028564453125,24.026396666017334],[108.06427001953125,24.21440463276275],[108.050537109375,24.29453714238271],[108.0999755859375,24.329579224758987],[108.0999755859375,24.48714856317342],[108.028564453125,24.644520785197557]],[[108.314208984375,22.717923537632174],[108.270263671875,22.62161690727673],[108.22357177734375,22.611475436593366],[108.19610595703125,22.652036830568676]],[[108.4075927734375,22.669778674332306],[108.3856201171875,22.37547601556477],[108.4295654296875,22.29417905166038],[108.446044921875,22.06527806776583],[108.53118896484375,21.948140658190283],[108.720703125,21.869145728216196]],[[108.39385986328125,22.40341089271213],[108.48175048828125,22.36277648992308],[108.60260009765625,22.350075806124863],[108.75640869140625,22.36277648992308],[109.08050537109375,22.334833457530493],[109.1326904296875,22.35769635535354],[109.29473876953125,22.35769635535354],[109.34967041015625,22.309425841200195],[109.4073486328125,22.299261499741192],[109.46502685546875,22.233175265402792],[109.6160888671875,22.217920166311018],[109.79461669921875,22.25351281497474],[109.9676513671875,22.174688378110645]],[[108.47900390625,22.016906958779018],[108.4130859375,22.01945321869661],[108.2867431640625,22.12635475991968],[108.160400390625,22.128899048260692],[108.0780029296875,22.18740499139878],[107.940673828125,22.151795575397756],[107.8143310546875,22.172144917381758],[107.786865234375,22.263680482353237],[107.55889892578125,22.30434376293222],[107.4627685546875,22.344995208437894],[107.3858642578125,22.471954507739227],[107.3199462890625,22.45418719289519],[107.27874755859375,22.47956837376377],[107.26226806640625,22.54046422124226],[107.15789794921875,22.667244265664934],[107.14141845703125,22.72299043351299],[106.99859619140625,22.85213278864117],[106.875,22.9331007469804],[106.754150390625,22.950806043101025],[106.66900634765625,23.003908026630654],[106.47125244140625,23.036770218630025],[106.3421630859375,23.112575449747098],[106.160888671875,23.147936590271485],[106.00982666015625,23.27919621687336],[105.74615478515625,23.417887855721773],[105.677490234375,23.60174503930736]],[[108.8031005859375,22.09327483259048],[108.7152099609375,22.139075742154034],[108.643798828125,22.13653163760968],[108.59710693359375,22.11872161928126],[108.56414794921875,22.052550431714693],[108.48175048828125,22.011814301673397]],[[109.22882080078125,22.626687362153035],[109.149169921875,22.82175735786123],[109.08599853515625,22.87237930678816],[109.04754638671875,23.026659627974098],[109.01458740234375,23.05446192669382]],[[109.37713623046875,23.168138769018753],[109.4073486328125,22.88503184835787]],[[109.67926025390625,23.722497251447336],[109.58038330078125,23.702379629984165],[109.44854736328125,23.717468136962665],[109.28375244140625,23.815500848699656],[109.10247802734375,23.818013536211907],[108.9459228515625,23.89588270368263],[108.69873046875,23.86825706659377]],[[109.0997314453125,23.818013536211907],[109.07501220703125,23.777804701696354],[109.0777587890625,23.702379629984165],[109.0338134765625,23.672197382983015],[109.03656005859375,23.64452419857369]],[[108.7261962890625,23.334690260349376],[108.88824462890625,23.339734024762862],[109.05853271484375,23.274150156028497]],[[108.55865478515625,24.34209190699893],[108.39385986328125,24.447149589730813],[108.38836669921875,24.504644117002115],[108.36090087890625,24.534630829559177],[108.37738037109375,24.622051143216936]],[[109.20135498046875,24.42714534008205],[109.32769775390625,24.409639018963105],[109.5172119140625,24.44464923209823],[109.6270751953125,24.42714534008205],[109.65728759765625,24.34209190699893],[109.61883544921875,24.181836387890982]],[[109.423828125,24.18935287502559],[109.3359375,24.20187936928663],[109.2974853515625,24.239451465450188],[109.28375244140625,24.337086982410497],[109.21234130859375,24.382124181118243],[109.18212890625,24.44214882486564],[109.0887451171875,24.524636054156844],[108.91845703125,24.51713945052515],[108.775634765625,24.47465024901041],[108.61083984375,24.47715001114868],[108.511962890625,24.504644117002115],[108.31146240234375,24.67946552658519],[108.13568115234375,24.709410369765152],[108.02581787109375,24.64951349015864],[107.8802490234375,24.676969798202677],[107.82257080078125,24.7493256266972],[107.7703857421875,24.76678452287446],[107.77313232421875,24.836595553891186],[107.720947265625,24.9262947663956],[107.54241943359375,25.0482805352365],[107.51220703125,25.10798445491342],[107.5177001953125,25.170145051503127],[107.479248046875,25.182573371634845],[107.42431640625,25.25214852883525],[107.43255615234375,25.487909825592325],[107.48199462890625,25.55483156959417],[107.48199462890625,25.65143034703972],[107.54241943359375,25.898761936567027]],[[109.5062255859375,24.021379342900303],[109.2535400390625,23.978724193277245],[109.149169921875,23.92852357663793],[108.9678955078125,23.951116272177757],[108.8800048828125,24.008835178461624]],[[109.50347900390625,24.021379342900303],[109.36614990234375,24.194363620393617]],[[109.522705078125,24.307053283225912],[109.6051025390625,24.21440463276275],[109.62982177734375,24.109154198477526],[109.76165771484375,24.06151244228103],[109.8797607421875,24.079066728347783],[110.00335693359375,24.134221690669207],[110.0994873046875,24.287026865376433],[110.1873779296875,24.329579224758987],[110.23681640625,24.384625777615966],[110.28350830078125,24.379622535115118]],[[109.44580078125,24.43464730560575],[109.47601318359375,24.48714856317342],[109.4677734375,24.577099744289427],[109.51171875,24.622051143216936],[109.57763671875,24.637031353509528],[109.6051025390625,24.70192483368993],[109.57763671875,24.80668135385197],[109.6160888671875,24.891419479211137],[109.60784912109375,25.003483503351504]],[[109.76165771484375,24.06151244228103],[109.85504150390625,24.021379342900303],[109.88525390625,23.961156200342018],[109.962158203125,23.913459582890837],[109.9896240234375,23.86574535264795],[110.08026123046875,23.840625534492915],[110.181884765625,23.76523688975867],[110.29998779296875,23.747639913652662],[110.3466796875,23.639492081512188],[110.4730224609375,23.591677325244078],[110.58013916015625,23.571539579477786],[110.66802978515625,23.59922818323939],[110.76141357421875,23.563987128451217],[110.9893798828125,23.548880923858746],[111.0662841796875,23.569022144054955],[111.3299560546875,23.563987128451217],[111.368408203125,23.51110781919418],[111.500244140625,23.483400654325635],[111.544189453125,23.357385691338706],[111.7364501953125,23.211058276488203],[111.8682861328125,23.21610672456478],[111.96990966796875,23.26910390402152],[112.060546875,23.274150156028497],[112.26104736328125,23.208533980911852],[112.3406982421875,23.27919621687336],[112.47802734375,23.334690260349376],[112.598876953125,23.44056903977156],[112.67578125,23.55895191986295]],[[110.42083740234375,24.30455015382509],[110.28350830078125,24.379622535115118],[110.23681640625,24.47215043722686],[110.2532958984375,24.507143283102835]],[[111.08551025390625,23.563987128451217],[111.11846923828125,23.49095773149581],[111.07452392578125,23.39016112696072],[111.082763671875,23.314513287569497],[110.972900390625,23.226203048301542],[110.77239990234375,23.15298742058208],[110.6597900390625,22.907803451058385],[110.665283203125,22.862256424791937]],[[110.4840087890625,23.352342597581114],[110.3631591796875,23.372513822359466],[110.3192138671875,23.349820978829413],[110.18463134765625,23.344777597600157]],[[110.4840087890625,23.349820978829413],[110.5609130859375,23.306946133072103],[110.7257080078125,23.274150156028497],[111.0113525390625,23.339734024762862],[111.17340087890625,23.314513287569497]],[[110.181884765625,23.34225583513053],[110.0390625,23.11004929735674],[110.028076171875,23.0216040482443],[109.99786376953125,22.973566591155148],[110.03082275390625,22.879970973215123],[109.9896240234375,22.712856454141274],[110.00885009765625,22.692586244730677],[110.01434326171875,22.555683989943702],[110.11322021484375,22.477030464933307]],[[110.30548095703125,23.631943543199654],[110.09124755859375,23.604261847070177],[109.9896240234375,23.639492081512188],[109.720458984375,23.62187814853651]],[[109.71221923828125,23.508589226762282],[109.70672607421875,23.672197382983015],[109.60784912109375,23.828063799808106],[109.5721435546875,23.963666060236676],[109.5062255859375,24.021379342900303],[109.53369140625,24.04144746013874],[109.654541015625,24.021379342900303],[109.7589111328125,24.06151244228103]],[[110.27252197265625,22.781246241104412],[110.2587890625,22.565829569662966],[110.11322021484375,22.477030464933307],[110.04180908203125,22.34753553043207],[110.04180908203125,22.29417905166038],[109.7369384765625,21.828357030435427],[109.6380615234375,21.779905342529645]],[[110.12420654296875,22.66470981017683],[110.12969970703125,22.758453448852336]],[[110.006103515625,22.783778538608644],[110.12969970703125,22.758453448852336],[110.23681640625,22.768584048597106],[110.44281005859375,22.81416244082486],[110.5718994140625,22.89515303255672],[110.731201171875,22.849601761797317],[110.81634521484375,22.905273461757176],[110.9014892578125,22.910333393151916],[111.05804443359375,22.887562215174484],[111.26953125,22.89768321064807],[111.34918212890625,22.83694592094386],[111.5167236328125,22.791375149053493],[111.8133544921875,22.773649066580973],[111.87652587890625,22.73565685220649],[111.9342041015625,22.738189995168213],[111.98089599609375,22.778713896595676],[112.02484130859375,22.783778538608644],[112.16217041015625,22.73059042549383]],[[110.006103515625,22.786310789104277],[109.7918701171875,22.842008398595794],[109.64080810546875,22.910333393151916],[109.28375244140625,22.87237930678816],[109.12994384765625,22.89768321064807],[108.97613525390625,22.874909909420126],[108.9129638671875,22.887562215174484],[108.76190185546875,22.831883254915766],[108.55316162109375,22.81922576591333]],[[110.21759033203125,22.22046279807357],[110.4071044921875,22.24334440923569],[110.621337890625,22.207749178410864],[110.90972900390625,22.26876403907397],[111.00860595703125,22.3221302276135],[111.06353759765625,22.319589442833916],[111.1212158203125,22.37547601556477],[111.17889404296875,22.37547601556477],[111.2969970703125,22.43134015636062],[111.43157958984375,22.570902079599392],[111.5386962890625,22.586118489321095],[111.6595458984375,22.72299043351299]],[[110.21759033203125,22.223005383742787],[110.0665283203125,22.207749178410864],[110.028076171875,22.172144917381758],[109.9676513671875,22.172144917381758]],[[110.181884765625,22.512556954051448],[110.23406982421875,22.43134015636062],[110.24505615234375,22.334833457530493],[110.19287109375,22.139075742154034],[110.1983642578125,22.05509605057584],[110.159912109375,21.988895080569193],[110.1708984375,21.86149873437256],[110.14617919921875,21.779905342529645]],[[110.93170166015625,22.223005383742787],[110.9344482421875,21.84620351827813],[111.0003662109375,21.779905342529645]],[[111.01959228515625,22.890092534815892],[111.0223388671875,22.771116581083135],[110.9893798828125,22.73565685220649],[110.9674072265625,22.575974402876483],[110.98114013671875,22.34753553043207],[110.9454345703125,22.30434376293222],[110.928955078125,22.22554792331448]],[[110.96466064453125,22.912863288033748],[110.994873046875,22.938159639316396],[110.994873046875,22.978623970384916],[111.04705810546875,23.019076187293038],[111.0662841796875,23.11004929735674],[111.16790771484375,23.183288403039526],[111.1651611328125,23.274150156028497],[111.20086669921875,23.33721216650116],[111.181640625,23.435529112916896],[111.20635986328125,23.498514375479786],[111.14044189453125,23.541327170505454],[111.1376953125,23.634459770994653],[111.10748291015625,23.67722824181564],[111.126708984375,23.79288447286916],[111.09100341796875,23.910948746482546],[111.10748291015625,23.976214626638296]],[[110.51971435546875,22.86731796007561],[110.467529296875,23.059516273509303],[110.48126220703125,23.175713800385196],[110.44830322265625,23.274150156028497],[110.4840087890625,23.349820978829413],[110.48675537109375,23.470804563362307],[110.5828857421875,23.569022144054955]],[[110.8355712890625,23.175713800385196],[110.82183837890625,23.354864168418857],[110.7916259765625,23.40780608086142],[110.8135986328125,23.48843875389896],[110.77789306640625,23.561469548278183]],[[110.83831787109375,23.175713800385196],[110.90423583984375,23.07973176244988],[111.01409912109375,22.991266590272033]],[[112.26104736328125,23.208533980911852],[112.26104736328125,23.17823871557667],[112.2088623046875,23.13025718529103],[112.181396484375,23.0216040482443],[112.1868896484375,22.773649066580973],[112.0440673828125,22.560756873100104],[111.86004638671875,22.438956253296936]],[[112.37640380859375,23.183288403039526],[112.3956298828125,23.228727009959016],[112.38189697265625,23.334690260349376],[112.4395751953125,23.503551897424117]],[[111.302490234375,23.34225583513053],[111.3739013671875,23.43300907742035],[111.37939453125,23.508589226762282]],[[111.21185302734375,23.36494997255116],[111.26678466796875,23.372513822359466],[111.33544921875,23.284242086524202],[111.4947509765625,23.24134610238613],[111.5386962890625,23.150462029224087],[111.6156005859375,23.069624397708267],[111.70623779296875,22.99632330686717],[111.7529296875,23.001379834065432],[111.81610107421875,22.95839331808635]],[[111.2420654296875,23.508589226762282],[111.20635986328125,23.48843875389896]],[[111.3189697265625,23.56650466037813],[111.42333984375,23.669681880942306],[111.43157958984375,23.70489450232492],[111.5496826171875,23.780318118362246],[111.62933349609375,23.890860299280362],[111.6705322265625,23.908437861289215],[111.67327880859375,24.001308092538196],[111.71722412109375,24.069036001915165]],[[111.25579833984375,24.40463676694894],[111.28875732421875,24.562112357996895],[111.236572265625,24.73685348477069],[111.23931884765625,24.956180020055925],[111.31072998046875,25.080623772444838],[111.51397705078125,25.23227397301963],[111.51947021484375,25.331614221401054],[111.588134765625,25.430873004044713],[111.588134765625,25.47303326127951]],[[111.20086669921875,24.382124181118243],[110.9783935546875,24.329579224758987],[110.93719482421875,24.236947003917507],[110.79986572265625,24.18935287502559],[110.731201171875,24.216909537721747],[110.6048583984375,24.194363620393617],[110.49224853515625,24.229433323625585]],[[111.20086669921875,24.384625777615966],[111.22833251953125,24.3596075853508],[111.2091064453125,24.327076540018638],[111.22833251953125,24.249468818656027],[111.21185302734375,24.094111346612223],[111.1102294921875,23.976214626638296]],[[111.73095703125,24.424644585755388],[111.44256591796875,24.50214490121087],[111.2860107421875,24.579597467728235]],[[112.093505859375,24.419642928396613],[111.97540283203125,24.394631668477132],[111.90948486328125,24.432146700011003],[111.7803955078125,24.44964989775967],[111.697998046875,24.387127324604492],[111.6265869140625,24.372117300111313],[111.38763427734375,24.374619094607866],[111.2860107421875,24.402135566630747],[111.20086669921875,24.384625777615966],[111.11846923828125,24.42964604483518],[111.04156494140625,24.522137235995245],[110.92620849609375,24.567108352575985],[110.86578369140625,24.63952788063341],[110.81634521484375,24.657002173279082],[110.70648193359375,24.63952788063341],[110.7421875,24.47465024901041],[110.70648193359375,24.367113562651255],[110.76416015625,24.27450874986185],[110.731201171875,24.199374168881917],[110.82733154296875,24.08909667008301],[111.02508544921875,23.983743179882865],[111.170654296875,23.976214626638296],[111.2530517578125,23.936054914599808],[111.40411376953125,23.805449612314632],[111.57989501953125,23.82052617508276]],[[111.97540283203125,23.981233711026718],[111.9232177734375,23.92099179936676],[111.88751220703125,23.79791067448197],[111.807861328125,23.70489450232492],[111.78863525390625,23.586643178460292],[111.68701171875,23.417887855721773],[111.61834716796875,23.332168306311473],[111.46453857421875,23.25901082664879]],[[112.10723876953125,23.956136333969283],[112.1484375,24.21440463276275],[112.115478515625,24.279516144120464],[112.12646484375,24.369615456124507],[112.06878662109375,24.51713945052515],[112.11822509765625,24.582095141363695],[112.137451171875,24.669482313373848],[112.2747802734375,24.734358906253803],[112.29949951171875,24.933766759388817],[112.16766357421875,25.237242916673054],[112.1759033203125,25.383735254706863],[112.15667724609375,25.455674943606667],[112.1209716796875,25.48295117535531],[112.1044921875,25.63409785324474],[111.94244384765625,25.871580720842417],[111.939697265625,25.92099645737912],[111.8792724609375,25.965452917841787],[111.86004638671875,26.037041886515837],[111.8133544921875,26.086388149394878],[111.81060791015625,26.194876675795214],[111.71722412109375,26.31557460647541],[111.66229248046875,26.485323915048284],[111.5826416015625,26.527107834031526],[111.55242919921875,26.583614813585854]],[[112.33245849609375,24.761796517185815],[112.291259765625,24.78424096495712]],[[112.31597900390625,24.674474019870786],[112.31597900390625,24.726874870506975]],[[110.51422119140625,24.69942955501979],[110.4949951171875,24.622051143216936],[110.423583984375,24.547123179730747],[110.31097412109375,24.514640483224184],[110.0830078125,24.507143283102835],[110.02532958984375,24.47215043722686],[109.82208251953125,24.50214490121087]],[[110.64605712890625,24.652009767778694],[110.67352294921875,24.741842491684054],[110.7586669921875,24.791721545708782],[110.87127685546875,24.95119964792312],[110.885009765625,25.068185076358617],[110.91796875,25.13782549072222],[110.906982421875,25.25214852883525],[110.9893798828125,25.289404556494816],[110.99212646484375,25.3216838587021],[111.12945556640625,25.480471773531207],[111.13494873046875,25.55978725072876],[111.10748291015625,25.653906212095094]],[[110.70648193359375,24.63952788063341],[110.53619384765625,24.70192483368993],[110.445556640625,24.706915241066326],[110.38787841796875,24.819146481739068],[110.335693359375,24.864010555361574],[110.24505615234375,25.110471486223346],[110.11322021484375,25.187544344824488]],[[110.423583984375,24.547123179730747],[110.44830322265625,24.49464695573168],[110.423583984375,24.29453714238271],[110.49224853515625,24.229433323625585],[110.5169677734375,24.141740980504323],[110.40985107421875,24.003817170108704],[110.40435791015625,23.83057624407452],[110.36590576171875,23.77026416023979],[110.36041259765625,23.692319656040908],[110.20660400390625,23.45064831681647],[110.18463134765625,23.344777597600157],[110.1104736328125,23.304423652549673],[109.852294921875,23.322080011378446],[109.830322265625,23.41284706430993],[109.72869873046875,23.460726824764436],[109.720458984375,23.50103316052575],[109.67926025390625,23.523700058824133],[109.4403076171875,23.51110781919418],[109.34967041015625,23.55391651832163],[109.25079345703125,23.55391651832163],[109.1217041015625,23.639492081512188],[109.02557373046875,23.642008164226908],[109.00360107421875,23.606778606523974],[108.86077880859375,23.59922818323939],[108.79486083984375,23.561469548278183],[108.55316162109375,23.541327170505454],[108.49822998046875,23.541327170505454],[108.37738037109375,23.596711278870245],[108.32794189453125,23.591677325244078],[108.23455810546875,23.639492081512188],[108.1219482421875,23.62187814853651],[108.04779052734375,23.543845136505837],[107.9022216796875,23.47332387777118],[107.841796875,23.41284706430993],[107.7044677734375,23.42292845506526],[107.65228271484375,23.362428593408836],[107.479248046875,23.352342597581114]],[[109.940185546875,24.883944921181765],[109.90447998046875,24.844072974931862],[109.9127197265625,24.79920167537385],[109.88525390625,24.776759933219168],[109.8193359375,24.512141466217628],[109.6435546875,24.41214007065153]],[[110.24505615234375,25.110471486223346],[110.379638671875,25.160201483133378],[110.3851318359375,25.20991121382768],[110.32470703125,25.363882272740256],[110.25604248046875,25.346508237892778],[110.1214599609375,25.244695951306042],[110.10772705078125,25.182573371634845],[110.03631591796875,25.10798445491342],[109.97039794921875,24.986058021167594],[109.97039794921875,24.931276145384558],[109.93743896484375,24.911349421850602],[109.9127197265625,24.829117681162728]],[[110.10772705078125,25.182573371634845],[109.77813720703125,25.127879288597555],[109.68475341796875,25.040815498949115],[109.588623046875,25.00846175868834],[109.4952392578125,25.01343981225635],[109.32220458984375,24.911349421850602],[109.1162109375,24.913840438375942],[109.0118408203125,24.79920167537385],[108.9459228515625,24.76678452287446],[108.6328125,24.731864277701746],[108.380126953125,24.629541472815617]],[[110.1214599609375,25.244695951306042],[110.05279541015625,25.23475847023373]],[[110.0390625,25.770213848960253],[110.14068603515625,26.014829289930987]],[[110.91522216796875,25.782580306888633],[111.104736328125,25.6588577880551],[111.2255859375,25.683612583917593],[111.29974365234375,25.668760323272963],[111.500244140625,25.497826512321026],[111.5936279296875,25.458154856592074],[112.29949951171875,25.530050090109015],[112.63458251953125,25.646478462796154]],[[109.7698974609375,25.8592235547614],[109.786376953125,25.903703303407667],[109.77264404296875,26.029638154881994],[109.81109619140625,26.17269404488789],[109.86328125,26.239229262573588],[109.918212890625,26.377106813670053],[109.88525390625,26.482865564303538],[109.786376953125,26.53693713526569],[109.75067138671875,26.534479888888043],[109.70123291015625,26.581158567686842],[109.69024658203125,26.62536292944273],[109.72320556640625,26.66218684325854],[109.73968505859375,26.8706309607671],[109.76165771484375,26.900027518368518],[109.72320556640625,27.09580879882074],[109.75067138671875,27.222883510268815],[109.8028564453125,27.24974615683658],[109.896240234375,27.3571318511258],[109.93743896484375,27.503399176197846],[109.89349365234375,27.56915617290143],[109.8797607421875,27.693256343091576],[109.786376953125,27.778341612236332],[109.7808837890625,27.82693191514393],[109.6820068359375,27.941033503267164],[109.6051025390625,28.001676807403086],[109.6160888671875,28.103480741227457],[109.66827392578125,28.207608595327372],[109.7259521484375,28.263263279931962]],[[110.3302001953125,26.423849388805877],[110.3411865234375,26.517277690994334]],[[109.88800048828125,26.438606267887295],[110.1324462890625,26.53939432901703],[110.34942626953125,26.519735305660788],[110.5828857421875,26.73579902043167],[110.599365234375,26.77503938699961],[110.654296875,26.792202785452886]],[[109.70947265625,26.566419985978882],[109.5556640625,26.53939432901703],[109.42657470703125,26.41893000931786],[109.4073486328125,26.36972467710973],[109.2535400390625,26.322960198925372],[109.21783447265625,26.35742006833118],[109.10797119140625,26.352497858154024],[108.95965576171875,26.409090620814297],[108.84429931640625,26.566419985978882],[108.74542236328125,26.630273470591902],[108.69049072265625,26.637638886645917],[108.6383056640625,26.70145259031436],[108.57513427734375,26.73089302213735]],[[110.69000244140625,27.024877476307523],[110.6817626953125,26.853479438420024],[110.654296875,26.799557733065356],[110.6927490234375,26.76523056569748],[110.74493408203125,26.640093919805153],[110.76690673828125,26.50253089853325],[110.83282470703125,26.406630642556763],[110.83831787109375,26.352497858154024],[110.8026123046875,26.268788256766285],[110.7257080078125,26.209662749792983],[110.709228515625,26.101187973699254],[110.60760498046875,25.948166288539724],[110.61859130859375,25.750424835909385],[110.55267333984375,25.626668871238564]],[[111.33270263671875,26.93921102789467],[111.17889404296875,26.836325316130583],[111.13494873046875,26.74070480712784],[111.038818359375,26.657277674217582],[110.84381103515625,26.39186967176903]],[[111.5496826171875,26.583614813585854],[111.45904541015625,26.75787339384165],[111.346435546875,26.88288045572338],[111.33270263671875,26.949004778750293],[111.3629150390625,27.024877476307523],[111.368408203125,27.16669522225311],[111.35467529296875,27.261954307233637],[111.40960693359375,27.342494467201007],[111.610107421875,27.48878116893799],[111.64581298828125,27.57889460266786],[111.71722412109375,27.634873791342528],[111.73370361328125,27.792920984444535],[111.78863525390625,27.85364731612738],[111.796875,28.02107546265988],[111.654052734375,28.178559849396976],[111.71173095703125,28.25842489476814],[111.70623779296875,28.314053058069618],[111.76666259765625,28.37931857241108],[111.67327880859375,28.659261153016075],[111.68426513671875,28.78210367383126],[111.7584228515625,28.91922722072124],[111.79412841796875,29.063372175852237],[111.75567626953125,29.149762585277657],[111.77764892578125,29.305561325527705],[111.7584228515625,29.449164826924672],[111.81610107421875,29.568679425235132],[111.81884765625,29.699982298744374],[111.8682861328125,29.852555290064018],[112.0220947265625,29.981107684467247],[112.1044921875,30.00489545954622],[112.14569091796875,30.045321590268856],[112.17864990234375,30.225848323247703],[112.2418212890625,30.344435586368462],[112.25006103515625,30.401306519203587],[112.20611572265625,30.462879341709893],[112.203369140625,30.581179257386978],[112.2637939453125,30.911651004518248],[112.26104736328125,31.088222024691504],[112.29400634765625,31.248030044481112],[112.3406982421875,31.292634058899523],[112.3406982421875,31.416944229585397],[112.26654052734375,31.611287945395063],[112.17041015625,31.714149409807092],[112.071533203125,31.872892847840674],[112.07427978515625,32.10118973232095]],[[111.5057373046875,26.448443137516435],[111.29974365234375,26.41647024087777],[111.2530517578125,26.445983998856377],[111.21185302734375,26.617996722116757],[111.1541748046875,26.725986812271756],[111.10748291015625,26.760325837394433],[111.05804443359375,26.75787339384165],[111.00311279296875,26.804460766546157],[110.9674072265625,26.89757809733392],[110.9674072265625,27.015090326515107],[110.94268798828125,27.05178774099234],[110.950927734375,27.09091842402647],[111.05255126953125,27.0982539061379],[111.2255859375,27.20578572438332],[111.29150390625,27.183799002436714],[111.50299072265625,27.18868531527167],[111.60736083984375,27.235094607795503]],[[111.5277099609375,26.26139921341148],[111.46453857421875,26.23430203240673],[111.3409423828125,26.12585018568035],[111.22833251953125,26.088854916793622],[111.18988037109375,26.046912801683987],[111.14593505859375,26.044445150796363],[111.01959228515625,25.970391488395933],[111.005859375,25.92099645737912],[110.8795166015625,25.755372398367243],[110.709228515625,25.663809158457227],[110.555419921875,25.626668871238564],[110.44281005859375,25.50030555611866],[110.31646728515625,25.44575478073712],[110.28900146484375,25.361400420622516]],[[111.522216796875,27.586197857692667],[111.52496337890625,27.554546907810334],[111.566162109375,27.520451064122113],[111.5496826171875,27.48878116893799],[111.58538818359375,27.379084299555316],[111.5606689453125,27.313213898568264]],[[111.71722412109375,27.66163633191522],[111.82159423828125,27.627573780299002],[111.89300537109375,27.664068965384516],[112.11273193359375,27.639740194861716],[112.25006103515625,27.59836886857363],[112.37640380859375,27.60810470430411],[112.49725341796875,27.668934069896224],[112.67578125,27.634873791342528]],[[111.19537353515625,27.72486719795934],[111.1431884765625,27.66163633191522],[111.0003662109375,27.649472352561872],[110.95367431640625,27.615406013399593],[110.92620849609375,27.42541405272958],[110.950927734375,27.09091842402647]],[[111.12396240234375,27.94588622176194],[111.10748291015625,28.040470623280086],[111.060791015625,28.12528332196176],[111.09649658203125,28.37448546561231],[110.9783935546875,28.497660832963476],[110.9674072265625,28.548338387631418]],[[111.126708984375,27.94588622176194],[111.16241455078125,27.785631542688833],[111.21185302734375,27.705415448162256],[111.33819580078125,27.705415448162256],[111.4068603515625,27.63730702015522],[111.500244140625,27.588632167960085],[111.65679931640625,27.668934069896224],[111.71722412109375,27.664068965384516]],[[112.489013671875,28.52420925694493],[112.5823974609375,28.425222099239036],[112.67578125,28.367235392522986]],[[112.37091064453125,28.478348692223165],[112.32696533203125,28.396232711680426],[112.31048583984375,28.294707428421205],[112.17041015625,28.14950321154457],[112.15667724609375,27.987125523564288],[112.08251953125,27.7661906423875],[112.07977294921875,27.688392321785656],[112.12646484375,27.65190525668953]],[[112.30499267578125,28.504901974894565],[111.95343017578125,28.478348692223165],[111.50299072265625,28.504901974894565],[111.3079833984375,28.434883464940086],[111.2091064453125,28.430052892335723],[111.104736328125,28.37448546561231]],[[112.2308349609375,28.680949728554964],[112.357177734375,28.61828159998386],[112.43682861328125,28.54351300356734],[112.54119873046875,28.33823014702584],[112.6702880859375,28.28019589809702]],[[112.2308349609375,28.683359293140597],[112.05780029296875,28.721904784758905],[111.97265625,28.78932520786553],[111.77215576171875,28.873539463162658],[111.73370361328125,28.916823103291662],[111.57989501953125,28.962491801855165],[111.54144287109375,29.173747044774984],[111.11297607421875,29.441989466225706],[111.0003662109375,29.382175075145284],[110.89874267578125,29.3678143847754],[110.55816650390625,29.142566155107062],[110.39337158203125,29.166552295200148],[110.28900146484375,29.13536922092716],[110.25054931640625,29.111375801265368],[110.21209716796875,29.029756331252756],[109.95941162109375,28.95287901179664],[109.7918701171875,28.849485201023],[109.65728759765625,28.690587654250706],[109.43756103515625,28.589345223446188],[109.4183349609375,28.57246199119784],[109.423828125,28.52662241864813]],[[112.34344482421875,29.38456832654707],[112.37091064453125,29.144965021168815],[112.35443115234375,29.063372175852237],[112.29949951171875,29.024953173722608],[112.2857666015625,28.940861769405572],[112.3187255859375,28.784510907407807],[112.23907470703125,28.700224692776985],[112.22808837890625,28.615870539671818],[112.2967529296875,28.548338387631418],[112.31597900390625,28.490419194161674],[112.40936279296875,28.485591158961483],[112.48626708984375,28.52420925694493]],[[112.14569091796875,29.33908692734107],[112.0660400390625,29.444381309488833],[111.961669921875,29.441989466225706],[111.90948486328125,29.49937814274338],[111.7254638671875,29.566290516578164],[111.65679931640625,29.518500480769006],[111.26129150390625,29.547177213315805],[111.20361328125,29.518500480769006],[111.17340087890625,29.41567547121788]],[[111.7694091796875,29.012944302424856],[112.0001220703125,28.798953141916442],[112.21435546875,28.73876397137029],[112.423095703125,28.62310355452992],[112.46978759765625,28.586933499067968],[112.48626708984375,28.52420925694493],[112.587890625,28.615870539671818],[112.67578125,28.654440859984476]],[[111.566162109375,29.116174932997197],[111.75567626953125,29.149762585277657],[111.83258056640625,29.221699149280653],[112.0001220703125,29.238477085928054],[112.203369140625,29.386961521657497],[112.4560546875,29.413282951826233],[112.5164794921875,29.544787796199472],[112.67578125,29.547177213315805]],[[110.3741455078125,29.164153933278044],[110.3302001953125,29.228890030194222],[110.33294677734375,29.284003336047164],[110.25604248046875,29.348663646523633],[110.2423095703125,29.410890376108995],[110.2093505859375,29.430029404571755],[109.82208251953125,29.45633968030988],[109.71771240234375,29.41806793428114],[109.62158203125,29.41567547121788],[109.544677734375,29.363027037783752]],[[110.21759033203125,27.856075662679814],[110.19561767578125,27.958017064071754],[110.247802734375,28.081673729044283],[110.25604248046875,28.272939391283685]],[[110.94818115234375,27.088473156555892],[110.76141357421875,27.017537193890007],[110.57464599609375,27.039556602163188],[110.47027587890625,27.120257469000634],[110.40435791015625,27.220441130076168],[110.28350830078125,27.2936892248524],[110.14892578125,27.25951278436169],[110.10498046875,27.318094530276994],[109.962158203125,27.37664535363959],[109.5721435546875,27.44004046509707],[109.43206787109375,27.366889032381295],[109.302978515625,27.342494467201007],[109.12994384765625,27.35225293806384],[108.9678955078125,27.25951278436169],[108.8580322265625,27.227768109976566],[108.76190185546875,27.137368359795587],[108.74267578125,27.049341619870376],[108.63006591796875,26.93186515638891]],[[110.0665283203125,27.617839674947277],[110.0665283203125,27.561851783388505],[109.93743896484375,27.48878116893799]],[[109.896240234375,27.586197857692667],[109.632568359375,27.454664938983143],[109.63531494140625,27.43516520966034]],[[109.03656005859375,27.298570715261533],[109.017333984375,27.364449817684076],[109.13818359375,27.53262936554833],[109.11895751953125,27.62270683579733],[109.149169921875,27.666501544712574],[109.12994384765625,27.729729593266242]],[[109.0283203125,27.38883954552591],[108.83331298828125,27.35469242146165],[108.544921875,27.437602864300445],[108.47900390625,27.51801524196567],[108.30322265625,27.52775820686189],[108.26751708984375,27.59836886857363],[108.20159912109375,27.65190525668953],[108.2373046875,27.72486719795934],[108.2318115234375,27.78806141091127],[108.27301025390625,27.858503954841254],[108.19610595703125,27.97742357642852]],[[109.1436767578125,28.185822775955288],[109.08599853515625,28.142237819593163],[109.00634765625,28.14708146899133],[108.9129638671875,28.103480741227457],[108.8909912109375,28.12286103189841],[108.8140869140625,28.09136628140695],[108.753662109375,28.11801628757283]],[[109.2755126953125,27.89492180820605],[109.21783447265625,28.076827124762374],[109.16015625,28.130127737874005],[109.16290283203125,28.171296429593482],[109.0283203125,28.282614623837404],[109.0118408203125,28.362401735238237],[109.02557373046875,28.495247008566707]],[[109.20684814453125,27.778341612236332],[109.35516357421875,27.72243591897343],[109.4183349609375,27.65190525668953],[109.5062255859375,27.632440508426797],[109.5941162109375,27.55941687886545],[109.71221923828125,27.5521118412847],[109.73419189453125,27.513143435807194]],[[108.6383056640625,27.693256343091576],[108.5614013671875,27.78806141091127],[108.56689453125,27.86821657951407],[108.38836669921875,27.98227465910408],[108.32244873046875,27.955591004642557],[108.2208251953125,27.967720756531094],[108.1658935546875,28.04774290722655],[108.050537109375,28.0501668926037],[107.940673828125,28.120438687101057],[107.7593994140625,28.004101830368654],[107.71820068359375,27.93132741229364],[107.5286865234375,27.841504767610218],[107.37762451171875,27.707847106603438],[107.2705078125,27.671366540932326],[107.0947265625,27.659203644307922],[107.00958251953125,27.639740194861716],[106.9573974609375,27.600802908597018],[106.65802001953125,27.59350062636446],[106.50146484375,27.530193813187935],[106.2652587890625,27.503399176197846],[106.19110107421875,27.46928747369202],[106.1279296875,27.47659801363777],[106.08123779296875,27.432727501179997],[106.06475830078125,27.371767300523047],[105.919189453125,27.315654241263488],[105.8807373046875,27.279043466068245],[105.8258056640625,27.274161117374675],[105.7489013671875,27.2009001608357],[105.34515380859375,27.25462957780006],[105.26275634765625,27.227768109976566],[105.2105712890625,27.24974615683658],[105.1116943359375,27.2009001608357],[104.9853515625,27.20822842585592],[104.87823486328125,27.134924107129393],[104.75738525390625,27.14958882140732],[104.65576171875,27.11047864179214],[104.47723388671875,27.000408003521756],[104.35089111328125,26.971037606255564],[104.3096923828125,26.922069916732823]],[[108.44329833984375,27.943459889766487],[108.47625732421875,27.996826597738718],[108.5174560546875,28.004101830368654],[108.58062744140625,28.07198030177986],[108.75091552734375,28.113171324335966],[108.74267578125,28.21002896775545]],[[108.89373779296875,27.37420635396107],[108.83880615234375,27.47659801363777],[108.70147705078125,27.574025495831123],[108.6383056640625,27.685960229871625]],[[108.3416748046875,27.06401754660868],[108.1878662109375,27.071354789865012],[108.050537109375,26.98327620345266],[107.81982421875,26.978380924258815],[107.720947265625,26.900027518368518],[107.69073486328125,26.836325316130583],[107.59735107421875,26.797106136843354],[107.43804931640625,26.789751030291114],[107.3309326171875,26.73334604773261],[106.97662353515625,26.679367271566832],[106.91619873046875,26.613085653537325],[106.8255615234375,26.620452177301217]],[[108.21807861328125,27.466850519268462],[108.24005126953125,27.498526722798317],[108.577880859375,27.625140335093292],[108.720703125,27.749177005163986],[108.8031005859375,27.75889940916045],[108.8470458984375,27.712710260887476],[108.87451171875,27.729729593266242],[109.16839599609375,27.734591771665478],[109.22607421875,27.807498401524754],[109.27276611328125,27.82693191514393],[109.28375244140625,27.899776596718084],[109.6051025390625,27.989550873955807]],[[108.2208251953125,27.46928747369202],[107.9681396484375,27.320534765605473],[107.90771484375,27.24974615683658],[107.64129638671875,27.144700797119597],[107.3638916015625,27.093363638115846],[107.32269287109375,27.049341619870376],[107.20733642578125,27.04689544542316],[107.061767578125,26.890229515523643],[106.973876953125,26.843677401113],[106.9024658203125,26.843677401113]],[[108.2318115234375,27.620273282414246],[108.2098388671875,27.327855149448382],[108.3306884765625,27.183799002436714],[108.33892822265625,27.06890909546337],[108.3966064453125,27.03221727909495],[108.41033935546875,26.971037606255564],[108.43505859375,26.96858972714439],[108.511962890625,26.833874515058582],[108.58062744140625,26.814266197561466],[108.56964111328125,26.684275490019488],[108.6328125,26.598351182358286],[108.58612060546875,26.436146919246013],[108.55316162109375,26.409090620814297],[108.53668212890625,26.249083096330665],[108.5833740234375,26.16283374256993],[108.56414794921875,26.05925027692119],[108.4515380859375,25.84933689170761],[108.369140625,25.841921351954852],[108.24554443359375,25.770213848960253],[108.2208251953125,25.715786129968635],[107.95166015625,25.60933278304438]],[[107.93243408203125,27.56915617290143],[107.91046142578125,27.664068965384516],[107.97637939453125,27.822073862795605],[107.95440673828125,27.948312499250406],[108.04229736328125,28.059862287671137]],[[107.8033447265625,27.261954307233637],[107.78411865234375,27.298570715261533],[107.7978515625,27.35469242146165],[107.8363037109375,27.37664535363959],[107.86651611328125,27.457102162785134],[107.93792724609375,27.53506486393991],[107.9461669921875,27.583763493386016],[108.06427001953125,27.639740194861716],[108.22906494140625,27.62270683579733]],[[107.40234375,27.10314396059573],[107.37213134765625,27.130035441479365],[107.1661376953125,27.147144835991796],[107.1002197265625,27.19845729876721],[107.0233154296875,27.19845729876721],[106.97662353515625,27.227768109976566]],[[107.30072021484375,27.790491224830873],[107.26226806640625,27.77348138714521],[107.32818603515625,27.78806141091127],[107.3968505859375,27.705415448162256],[107.501220703125,27.65677090256574],[107.5616455078125,27.65677090256574],[107.6824951171875,27.59836886857363],[107.9351806640625,27.56915617290143]],[[107.0947265625,27.74674626852638],[107.05902099609375,27.78806141091127],[106.9189453125,27.78806141091127],[106.86126708984375,27.77348138714521],[106.80084228515625,27.710278710846225]],[[107.0947265625,27.685960229871625],[107.09197998046875,27.70055196869741]],[[106.94091796875,27.780771643348217],[107.1112060546875,27.909485520346962],[107.16064453125,27.972572275562527],[107.26776123046875,28.030773479899125],[107.28973388671875,28.142237819593163],[107.41607666015625,28.23180985121182]],[[106.962890625,28.09136628140695],[106.962890625,28.06713326012151]],[[108.0450439453125,28.057438520876673],[108.094482421875,28.202767685948402],[108.05877685546875,28.26568239014648],[108.193359375,28.376902046539783],[108.24554443359375,28.490419194161674],[108.34442138671875,28.553163550610677],[108.41583251953125,28.52662241864813],[108.48724365234375,28.531448576319235],[108.54766845703125,28.46144767187984],[108.5723876953125,28.340647553430927],[108.55316162109375,28.229389972499916],[108.60809326171875,28.08409694916473]],[[108.07525634765625,28.289870471423555],[108.0010986328125,28.289870471423555],[107.91595458984375,28.3285599713617]],[[107.86102294921875,28.504901974894565],[107.87200927734375,28.550750996758154]],[[107.4737548828125,28.509729126769045],[107.523193359375,28.52179604000068],[107.55340576171875,28.488005204159464],[107.6934814453125,28.490419194161674],[107.7703857421875,28.516969440401056],[107.86651611328125,28.50007460215238],[107.89398193359375,28.468691297348144],[107.874755859375,28.357567857801698],[107.91046142578125,28.330977597778215]],[[107.47100830078125,28.66408122441068],[107.43255615234375,28.71226974306188],[107.325439453125,28.683359293140597],[107.19085693359375,28.736355682639356],[106.995849609375,28.7267219726982],[106.89971923828125,28.637568089327843],[106.9134521484375,28.611048252984673],[106.82830810546875,28.478348692223165]],[[107.09747314453125,29.23128687829248],[107.01507568359375,29.178543264303002]],[[107.32269287109375,29.295980558715698],[107.4847412109375,29.295980558715698],[107.59185791015625,29.35105768570503],[107.73193359375,29.295980558715698],[107.8582763671875,29.288794393648303],[107.95989990234375,29.319930789777587],[108.07525634765625,29.2792120537612],[108.12744140625,29.23608040616226],[108.25927734375,29.1881350308025],[108.32244873046875,29.10657644568026],[108.31695556640625,28.972103699395348],[108.43231201171875,28.815799886487298],[108.6328125,28.767659105691223],[108.7646484375,28.803766775462208],[108.7261962890625,28.794139286043006]],[[107.35015869140625,29.329509308364706],[107.39959716796875,29.48503401918107],[107.36663818359375,29.566290516578164],[107.3199462890625,29.611670115197384],[107.3199462890625,29.688052749856794],[107.25677490234375,29.76437737516312]],[[107.841796875,29.295980558715698],[107.83905029296875,29.224096165685424],[107.78961181640625,29.19532826709913],[107.82806396484375,29.137768254983342],[107.81707763671875,29.111375801265368],[107.742919921875,29.08977693862319],[107.7044677734375,29.036960648558264],[107.65228271484375,29.02255151116836],[107.64404296875,28.960088688006792],[107.5726318359375,28.904801680303535],[107.56988525390625,28.849485201023],[107.5341796875,28.84707946871795]],[[108.720703125,29.52567042617582],[108.775634765625,29.45633968030988],[108.753662109375,29.099376992628493],[108.80859375,29.027354780418392],[108.73443603515625,28.868729056028982],[108.80859375,28.758028282691143],[108.79486083984375,28.697815516327992],[108.92669677734375,28.625514448757897],[108.91571044921875,28.560400880492836],[109.14642333984375,28.446958931637894],[109.34417724609375,28.54592572323348],[109.41558837890625,28.531448576319235],[109.49798583984375,28.46144767187984],[109.4842529296875,28.43246820620095],[109.54193115234375,28.396232711680426],[109.56390380859375,28.333395169196464],[109.67926025390625,28.318888915773826],[109.72869873046875,28.26568239014648],[110.1214599609375,28.256005619824975],[110.313720703125,28.28019589809702],[110.48675537109375,28.43246820620095],[110.665283203125,28.480762902990307],[110.78338623046875,28.54351300356734],[110.8905029296875,28.550750996758154],[110.9344482421875,28.531448576319235],[111.0333251953125,28.586933499067968],[111.2640380859375,28.652030630362262],[111.44805908203125,28.760436071745815],[111.61834716796875,28.933650754875586]],[[108.48724365234375,28.531448576319235],[108.59161376953125,28.61828159998386],[108.62457275390625,28.6785401085332],[108.6328125,28.767659105691223]],[[109.45404052734375,29.575845812137388],[109.2755126953125,29.599730094380433],[109.1986083984375,29.652255607121887],[109.10797119140625,29.649868677972307]],[[109.41558837890625,29.95255483195099],[109.1876220703125,29.785833211631726],[109.17388916015625,29.711910431038035],[109.061279296875,29.611670115197384],[108.91571044921875,29.59734192056736],[108.84429931640625,29.551955878093025],[108.775634765625,29.55434512574827],[108.74267578125,29.52567042617582],[108.6932373046875,29.535229562948473],[108.58612060546875,29.492206334848717],[108.47625732421875,29.504159065872628],[108.36639404296875,29.477861195816843],[108.21533203125,29.348663646523633],[108.0670166015625,29.398926652739164],[108.0010986328125,29.386961521657497],[107.91046142578125,29.315141193187273],[107.7923583984375,29.319930789777587],[107.6385498046875,29.379781767454972],[107.4957275390625,29.37499498322019],[107.44354248046875,29.331903797454444],[107.3583984375,29.33908692734107],[107.2210693359375,29.17614518255975],[107.05902099609375,29.13536922092716],[107.03155517578125,29.087376785271672],[106.97113037109375,29.06577288841541],[106.90521240234375,28.960088688006792],[106.8585205078125,28.974506534302407]],[[108.8580322265625,30.27330042806993],[108.81134033203125,30.327842001072668],[108.77838134765625,30.424992973925598],[108.720703125,30.453409130203596],[108.68499755859375,30.578814670835015],[108.61083984375,30.647364258243186],[108.599853515625,30.734753566735037],[108.55316162109375,30.741835717889785],[108.53118896484375,30.774878871959743],[108.46527099609375,30.777238663227422],[108.46527099609375,30.8456474201826],[108.4185791015625,30.895154371444704]],[[108.446044921875,30.70169664654607],[108.424072265625,30.614277412827747],[108.34442138671875,30.53624225473493],[108.29498291015625,30.439202087235586],[108.21533203125,30.377614317774785],[108.12469482421875,30.223475116500154],[108.072509765625,30.192618218499277]],[[108.358154296875,30.734753566735037],[108.31146240234375,30.72058770289763],[108.15765380859375,30.763079047459016],[108.08074951171875,30.722948824772516],[107.9241943359375,30.734753566735037],[107.86651611328125,30.718226523201352],[107.72918701171875,30.619004797647804]],[[108.358154296875,30.73711434162705],[108.3306884765625,30.85272140721844],[108.6163330078125,30.98231864302754],[108.94317626953125,30.975254231355862],[109.22607421875,31.003508740016287],[109.2755126953125,31.038815104128687],[109.44305419921875,31.029401353028902],[109.48150634765625,31.06469812035374],[109.62158203125,31.085869896208322],[109.68475341796875,31.12349696406733],[109.77264404296875,31.090574094954192],[109.9237060546875,31.118794395989525],[109.94293212890625,31.144655636341597],[110.06378173828125,31.16345938198471],[110.1544189453125,31.208103321325254],[110.2093505859375,31.210452419007567],[110.28350830078125,31.14700630855657],[110.5389404296875,31.17520982831084],[110.62957763671875,31.128199299111955],[110.709228515625,31.149356922488067],[110.72296142578125,31.17520982831084],[110.84381103515625,31.165809587861958],[110.90972900390625,31.198706347135243],[110.9783935546875,31.17520982831084],[111.0882568359375,31.177559742645514],[111.2255859375,31.095278060807942],[111.280517578125,31.034108344903515],[111.302490234375,30.923432573007346]],[[108.314208984375,30.713503990354965],[108.30596923828125,30.680439786468128],[108.36639404296875,30.642638258763256],[108.45977783203125,30.70878122625409],[108.4844970703125,30.76071890894447]],[[108.8470458984375,29.55673431691085],[108.819580078125,29.434813598289637],[108.76190185546875,29.42046034101314]],[[108.21533203125,30.023921574501372],[108.21807861328125,29.940655389125],[108.3306884765625,29.79536766320929],[108.3526611328125,29.733377498237076],[108.4954833984375,29.711910431038035],[108.55865478515625,29.611670115197384],[108.6767578125,29.530450107491063]],[[107.46826171875,29.55434512574827],[107.37213134765625,29.573457073017565],[107.41607666015625,29.57106827738255]],[[106.9189453125,29.630771207229003],[106.97113037109375,29.74768632486993]],[[106.9189453125,29.62599627366079],[106.99859619140625,29.60928222414313],[106.995849609375,29.508939763268387],[107.05902099609375,29.45633968030988],[107.039794921875,29.27202470909843],[107.08099365234375,29.252855985973767],[107.14141845703125,29.164153933278044],[107.259521484375,29.113775395114388],[107.30621337890625,29.024953173722608],[107.3638916015625,28.98411731593083],[107.4407958984375,28.972103699395348],[107.4737548828125,28.895183539081444],[107.53143310546875,28.849485201023],[107.490234375,28.77488163974644],[107.48199462890625,28.676130433078256],[107.435302734375,28.598991567705653],[107.47650146484375,28.52179604000068],[107.44354248046875,28.490419194161674],[107.40509033203125,28.268101445445325],[107.49298095703125,28.151924899329828],[107.490234375,28.108326142212576],[107.52044677734375,28.06470965729666],[107.48199462890625,27.882783884259112],[107.5286865234375,27.841504767610218],[107.51495361328125,27.768620944918666],[107.545166015625,27.60323689456203],[107.52593994140625,27.52775820686189],[107.5396728515625,27.48147143746533],[107.5286865234375,27.4132238954746],[107.45452880859375,27.308333052145457],[107.4627685546875,27.061571692162204],[107.42156982421875,26.95879767857089],[107.479248046875,26.843677401113],[107.46826171875,26.811814919309285],[107.5286865234375,26.750515745618387],[107.567138671875,26.64991352472505],[107.5616455078125,26.583614813585854],[107.58087158203125,26.573789513879802],[107.51220703125,26.39679020510266],[107.49847412109375,26.1899475672235],[107.4517822265625,26.106120832355515],[107.4627685546875,26.041977447970154],[107.56439208984375,25.967922229034045],[107.545166015625,25.898761936567027]],[[106.91619873046875,29.616445727622548],[106.99859619140625,29.60928222414313],[107.05902099609375,29.645094649860752],[107.21282958984375,29.661802757613785],[107.2760009765625,29.699982298744374],[107.391357421875,29.67134900220094],[107.41607666015625,29.683280533733637],[107.413330078125,29.742916942840566],[107.44354248046875,29.783449456820605],[107.54791259765625,29.83587894592995],[107.5836181640625,29.819199817513834],[107.73468017578125,29.84540862642845],[107.7813720703125,29.87637380707133],[107.841796875,29.988244615509032],[108.06976318359375,29.976349445485468],[108.09722900390625,30.01916538794235],[108.17138671875,30.031055426540206]],[[106.89971923828125,29.695210649161083],[106.864013671875,29.65464247966365],[106.8255615234375,29.661802757613785],[106.77886962890625,29.633158589140564],[106.644287109375,29.618833448987814],[106.58935546875,29.635545914466675],[106.490478515625,29.611670115197384],[106.4410400390625,29.53283986345339]],[[106.9134521484375,29.721451916690995],[106.8804931640625,29.668962525992498]],[[107.149658203125,29.93827532971899],[107.2100830078125,29.928754522717014]],[[107.1112060546875,29.916852233070173],[107.04254150390625,29.916852233070173],[106.99310302734375,29.88589962169624],[106.9189453125,29.73099249532227]],[[107.07550048828125,29.8549373975967],[107.2265625,29.76676158398577],[107.34466552734375,29.745301662213592]],[[107.314453125,30.261439550638755],[107.1881103515625,30.069093964438878],[107.171630859375,29.978728593469924],[107.08648681640625,29.859701442126763],[106.9683837890625,29.809667637269612],[106.89971923828125,29.699982298744374]],[[107.72918701171875,30.616641134091196],[107.3199462890625,30.261439550638755]],[[107.6275634765625,30.522047300137658],[107.59185791015625,30.555165634175708],[107.60009765625,30.680439786468128]],[[108.072509765625,30.190244210263998],[107.8912353515625,30.05245390181146],[107.874755859375,29.995381033568137]],[[107.91046142578125,31.06469812035374],[107.8802490234375,30.9611238394114],[107.80059814453125,30.881012137733634],[107.7154541015625,30.85036346950237],[107.60284423828125,30.680439786468128]],[[107.11944580078125,31.40522387758132],[107.039794921875,31.194007509998826],[106.94091796875,31.036461753598545],[106.92718505859375,30.99173704508671],[106.951904296875,30.918720119722195],[107.0233154296875,30.87865489577827],[107.1881103515625,30.86922534804083],[107.4517822265625,30.791396195188923],[107.523193359375,30.713503990354965],[107.72918701171875,30.619004797647804],[107.73468017578125,30.51494904517773],[107.7099609375,30.451041433506944],[107.742919921875,30.396568538569383],[107.75665283203125,30.301760686320705]],[[107.3858642578125,32.10118973232095],[107.24853515625,31.84723225173113],[107.13043212890625,31.870560361529584],[106.97662353515625,31.835565983656224]],[[107.98187255859375,32.10118973232095],[107.9351806640625,32.061627957476404],[107.874755859375,32.05231681645637],[107.75665283203125,31.959153316146654],[107.5836181640625,31.91719886741916],[107.51495361328125,31.93351676190369],[107.4407958984375,31.88455439374627],[107.26226806640625,31.863562548378965]],[[108.4185791015625,31.10233357287177],[108.45703125,31.12114570915631],[108.489990234375,31.31375491407894],[108.51470947265625,31.33487103395059],[108.50921630859375,31.37943395059564],[108.47625732421875,31.402879631499857],[108.47076416015625,31.489577718501934],[108.58062744140625,31.57151553151978],[108.621826171875,31.693118831385902],[108.599853515625,31.714149409807092],[108.60809326171875,31.76320220989608],[108.64654541015625,31.814562984184235],[108.64105224609375,31.900878077763068],[108.731689453125,31.961483557268537],[108.78936767578125,31.968473925845103],[108.83880615234375,32.03369169193891],[108.93768310546875,32.10118973232095]],[[108.7811279296875,31.090574094954192],[108.73443603515625,31.022340429043638]],[[109.5062255859375,31.074108380573307],[109.45953369140625,31.154057975490815],[109.4512939453125,31.332525032307842],[109.54193115234375,31.39350206165392]],[[109.50897216796875,32.10118973232095],[109.54193115234375,32.07559289203769],[109.53094482421875,31.924192605327704],[109.5062255859375,31.88455439374627],[109.53369140625,31.814562984184235],[109.51995849609375,31.749189774957088],[109.53369140625,31.704803074739218],[109.6380615234375,31.620643692450557],[109.64630126953125,31.590234076606848],[109.57763671875,31.391157522824713],[109.02008056640625,31.41460027631321],[108.9788818359375,31.327832853583544],[108.9239501953125,31.332525032307842],[108.863525390625,31.30436845183098],[108.8525390625,31.273855991548857],[108.7371826171875,31.203404950917403],[108.6273193359375,31.17990959866414],[108.48175048828125,31.21984822620118]],[[110.48126220703125,32.10118973232095],[110.5169677734375,32.0732655510424],[110.60760498046875,32.0639555946604],[110.65155029296875,32.08490166354831],[110.7586669921875,32.08257455954592],[110.80810546875,32.04067655771746],[111.00860595703125,32.043004727894],[111.14593505859375,31.987112306515527],[111.2530517578125,32.10118973232095]],[[110.71197509765625,32.10118973232095],[110.7147216796875,32.0732655510424]],[[110.94818115234375,30.85036346950237],[110.9674072265625,30.791396195188923],[111.14044189453125,30.663903437451623],[111.33819580078125,30.62373195163005],[111.37664794921875,30.566990873153344],[111.3629150390625,30.49838443460378],[111.390380859375,30.375244781665316],[111.4727783203125,30.251949817104972],[111.7034912109375,30.161751648356898],[111.88201904296875,30.04294403895716],[112.05780029296875,29.883518253353174],[112.1539306640625,29.84540862642845],[112.34344482421875,29.67850809103362],[112.49176025390625,29.599730094380433],[112.51922607421875,29.547177213315805]],[[111.0113525390625,30.87629759582876],[111.104736328125,30.862152578397655],[111.15692138671875,30.881012137733634],[111.21185302734375,30.942280064232108],[111.30523681640625,30.923432573007346]],[[110.2532958984375,31.165809587861958],[110.2313232421875,31.182259396364202]],[[109.8577880859375,31.114091594898696],[109.80560302734375,31.222197032103168]],[[109.76715087890625,30.69697330439986],[109.7479248046875,30.578814670835015],[109.66827392578125,30.50785027187169]],[[109.69024658203125,30.486550842588485],[109.63531494140625,30.51494904517773],[109.55841064453125,30.47234863264083],[109.43206787109375,30.29701788337205],[109.456787109375,30.15700208716163],[109.4183349609375,29.950175057288817],[109.44580078125,29.866847082542137],[109.5172119140625,29.783449456820605],[109.49249267578125,29.733377498237076],[109.51446533203125,29.6761217847243],[109.44854736328125,29.563901551414418],[109.47601318359375,29.506549442788597],[109.47052001953125,29.398926652739164],[109.544677734375,29.363027037783752],[109.63531494140625,29.26244079669891],[109.6490478515625,29.226493125990913],[109.62158203125,29.140167233044266],[109.79736328125,28.940861769405572],[109.83306884765625,28.839861937967967],[109.9676513671875,28.765251483248832],[109.940185546875,28.70745188935186],[109.98687744140625,28.661671216419506],[109.81109619140625,28.43729866855007],[109.67926025390625,28.321306762152958]],[[110.21484375,29.954934549656144],[110.0775146484375,29.92161331969558],[109.99237060546875,29.84540862642845],[109.93194580078125,29.83587894592995],[109.84954833984375,29.77629785183136],[109.775390625,29.76914573606669],[109.57763671875,29.673735421779128],[109.51446533203125,29.668962525992498]],[[111.43157958984375,30.59063702689292],[111.55242919921875,30.732392734006083],[111.8572998046875,30.78195807210956],[112.10174560546875,30.90693797089463],[112.26654052734375,30.954057859276134],[112.66754150390625,31.019986671412497]],[[111.544189453125,30.73003184344276],[111.4398193359375,30.774878871959743],[111.28875732421875,30.939924331023448]],[[111.0992431640625,30.18074760506076],[111.15692138671875,30.185496022109447]],[[112.11822509765625,29.869228848968305],[112.29400634765625,29.995381033568137],[112.3297119140625,30.083354648756156],[112.38189697265625,30.121373087823045],[112.4066162109375,30.33258331240559]],[[112.38739013671875,30.14037682159973],[112.67578125,30.009652330442933]],[[111.22833251953125,31.75386082228445],[111.05804443359375,31.756196257571347],[110.96466064453125,31.723494802828597],[110.92071533203125,31.749189774957088],[110.82183837890625,31.735175219118688]],[[111.27227783203125,31.833232553025212],[111.214599609375,31.77721252341864],[111.22833251953125,31.64636714691636],[111.32171630859375,31.524702726970617],[111.33544921875,31.431006719178512],[111.4617919921875,31.36067319160631],[111.5386962890625,31.271508470221193],[111.52496337890625,31.224545779641602],[111.588134765625,31.114091594898696],[111.60186767578125,31.062345409804408],[111.58538818359375,31.034108344903515],[111.6595458984375,30.8904405255621],[111.64031982421875,30.83385628265907],[111.654052734375,30.75127777625781],[111.58538818359375,30.611913633860112],[111.53594970703125,30.4297295750316],[111.3848876953125,30.261439550638755],[111.36566162109375,30.211608223816924],[111.192626953125,30.194992169502896],[111.0992431640625,30.130875412002325],[111.082763671875,30.07622456354285],[111.1102294921875,29.995381033568137],[111.06353759765625,29.89304338543417],[111.11572265625,29.79536766320929],[111.07177734375,29.745301662213592],[111.0113525390625,29.504159065872628],[111.05804443359375,29.45155650109173],[111.05804443359375,29.41567547121788]],[[112.06878662109375,31.898546300090374],[112.18414306640625,31.900878077763068],[112.2308349609375,31.954492656522532],[112.3406982421875,31.982453066235763],[112.3516845703125,32.10118973232095]],[[111.9781494140625,31.786551553613975],[112.02484130859375,31.835565983656224],[112.027587890625,31.877557643340012],[112.06878662109375,31.89621446335144]],[[112.56591796875,32.10118973232095],[112.67578125,32.04067655771746]],[[112.67578125,31.71882222408327],[112.35992431640625,31.80289258670676],[112.2198486328125,31.781882156411044],[112.1868896484375,31.75386082228445],[112.027587890625,31.76320220989608],[111.92596435546875,31.809895002118836],[111.7584228515625,31.814562984184235],[111.48651123046875,31.756196257571347],[111.37115478515625,31.823898240526958],[111.28875732421875,31.814562984184235],[111.170654296875,31.926523733115943],[111.148681640625,31.984782715952377]],[[112.67578125,31.29732799140426],[112.61810302734375,31.613626970322684],[112.67578125,31.77721252341864]],[[112.67578125,31.132901401103325],[112.67578125,31.283245492650792]],[[112.67578125,31.06940336686411],[112.65106201171875,30.965834202421135],[112.5494384765625,30.85272140721844],[112.5054931640625,30.711142637210045],[112.51373291015625,30.588272671026985],[112.59613037109375,30.403675423321417],[112.598876953125,30.29464639587171],[112.55218505859375,30.066716983885613],[112.510986328125,29.983486718474694],[112.510986328125,29.8382614512946],[112.48077392578125,29.714295887474805],[112.42034912109375,29.65464247966365]],[[112.62908935546875,30.725309888823375],[112.67578125,30.711142637210045]],[[112.67578125,30.36576606287575],[112.48077392578125,30.33258331240559],[112.32421875,30.35628642525117],[112.22259521484375,30.391830328088133],[111.94793701171875,30.424992973925598],[111.851806640625,30.477082932837675],[111.49749755859375,30.557530797259176],[111.36566162109375,30.63318556699761],[111.30523681640625,30.76071890894447],[111.20635986328125,30.79847417956782],[111.1541748046875,30.848005473822894],[111.08001708984375,30.85743710875022]],[[112.67578125,28.057438520876673],[112.30499267578125,27.967720756531094],[112.2418212890625,27.926474039865013],[112.05780029296875,27.890066801929024],[111.73919677734375,27.768620944918666],[111.65679931640625,27.841504767610218],[111.54693603515625,27.892494332286603],[111.4892578125,27.885211577912173],[111.4288330078125,27.93132741229364],[111.3519287109375,27.909485520346962],[111.0552978515625,27.97499795326776],[110.98388671875,27.943459889766487],[110.64605712890625,27.96286901935916],[110.577392578125,27.94588622176194],[110.5389404296875,27.89492180820605],[110.423583984375,27.86093219260853],[110.24505615234375,27.86821657951407],[110.16265869140625,27.80992778090838],[110.1544189453125,27.734591771665478],[110.06378173828125,27.62270683579733],[109.99786376953125,27.60323689456203],[109.89349365234375,27.615406013399593]],[[112.67578125,27.873072565422788],[112.510986328125,27.775911526834264],[112.203369140625,27.705415448162256],[112.13470458984375,27.66163633191522],[112.10174560546875,27.561851783388505],[111.99188232421875,27.457102162785134],[111.97540283203125,27.4132238954746],[111.83258056640625,27.320534765605473],[111.7254638671875,27.288807519833142],[111.6485595703125,27.235094607795503],[111.60736083984375,27.237536666590685]],[[112.554931640625,27.90705837112199],[112.63458251953125,27.892494332286603],[112.65380859375,27.86821657951407]],[[112.56317138671875,27.909485520346962],[112.576904296875,28.04774290722655],[112.48626708984375,28.188243641850306],[112.47802734375,28.326142289949928],[112.53021240234375,28.362401735238237]],[[112.60986328125,27.42053815128712],[112.67578125,27.38883954552591]],[[112.67578125,26.81671742280699],[112.587890625,26.814266197561466],[112.313232421875,26.593439270241788],[112.08251953125,26.519735305660788],[111.79412841796875,26.354958989429576],[111.5277099609375,26.263862280111113]],[[112.67578125,27.05423380878584],[112.58514404296875,26.961245770526972]],[[112.6702880859375,26.966141794817034],[112.42584228515625,26.985723763197157],[112.225341796875,27.09091842402647],[112.005615234375,27.159364228436814],[111.9287109375,27.14958882140732],[111.632080078125,27.196014383173306],[111.55792236328125,27.322974947245683],[111.48651123046875,27.391278222579274]],[[112.52197265625,26.851029008675013],[112.3626708984375,26.8216197142647],[112.14019775390625,26.738251940231194],[111.92047119140625,26.70145259031436],[111.8463134765625,26.647458702659378],[111.64306640625,26.630273470591902],[111.5496826171875,26.583614813585854],[111.50299072265625,26.384488478587272],[111.53045654296875,26.194876675795214],[111.60186767578125,26.106120832355515]],[[112.52471923828125,26.75787339384165],[112.532958984375,26.838776064165856],[112.45330810546875,27.093363638115846],[112.46978759765625,27.178912475578528],[112.67578125,27.539935698803774]],[[112.52197265625,26.75542089735913],[112.5494384765625,26.53939432901703],[112.4505615234375,26.384488478587272],[112.52197265625,26.083921329998333],[112.489013671875,25.869109390999313],[112.5,25.676186684959887],[112.44232177734375,25.43583380055557],[112.45330810546875,25.38869799035082],[112.54119873046875,25.32416652573839],[112.587890625,25.31671837192806],[112.67578125,25.190029755362644]],[[112.67578125,26.48778221323812],[112.4285888671875,26.468114356372283],[112.3681640625,26.480407161007278],[112.236328125,26.56887654795065],[112.20611572265625,26.804460766546157],[112.25006103515625,26.975933204816087],[112.21435546875,27.08602783570744],[112.21160888671875,27.203342969375484],[112.181396484375,27.217998696328692],[112.12921142578125,27.318094530276994],[112.1319580078125,27.427851922711383],[112.0989990234375,27.556981920338316]],[[112.67303466796875,25.64895443060557],[112.6373291015625,25.646478462796154]],[[112.67578125,25.083111360030927],[112.5823974609375,24.956180020055925],[112.56317138671875,24.88145330131796],[112.576904296875,24.794214972389483],[112.65106201171875,24.734358906253803],[112.64556884765625,24.689447940546827],[112.67303466796875,24.659498301151928]],[[112.53570556640625,24.489648077028676],[112.57415771484375,24.484648999654027]],[[112.67578125,24.33458444595871],[112.67303466796875,24.266997288418167]],[[112.67578125,24.409639018963105],[112.60711669921875,24.48714856317342],[112.5164794921875,24.492147541216028],[112.445068359375,24.53962791886123],[112.40386962890625,24.614560364814565],[112.3516845703125,24.62704474615603],[112.29949951171875,24.69194341912649],[112.4176025390625,24.903876070498157],[112.4615478515625,24.90885835502671],[112.56591796875,25.01841766402613],[112.67578125,25.0507687796686]],[[112.67578125,24.106647179201786],[112.55767822265625,24.106647179201786],[112.48077392578125,24.064020344514205],[112.45330810546875,24.013852991071445],[112.32696533203125,24.006326198751125],[112.28302001953125,23.978724193277245],[112.02484130859375,23.963666060236676],[111.785888671875,24.006326198751125],[111.71722412109375,24.071543757075247],[111.6265869140625,24.372117300111313]],[[112.67578125,23.377556149176456],[112.56591796875,23.405285517133322],[112.313232421875,23.636975950433467],[112.2637939453125,23.657103644651258],[112.247314453125,23.7903712991571],[112.18963623046875,23.83057624407452],[112.10723876953125,23.961156200342018]],[[112.67578125,23.276673210348193],[112.5933837890625,23.233774790113884],[112.55767822265625,23.165613663312598],[112.5,23.120153621695607],[112.412109375,23.14288556959849],[112.2802734375,23.218630877057024]],[[112.67578125,22.988738160960736],[112.6483154296875,23.044352663791813],[112.67303466796875,23.13530868172967]],[[112.67578125,23.072151310102853],[112.50823974609375,22.988738160960736],[112.35992431640625,22.988738160960736],[112.2308349609375,22.922982395362837],[111.96441650390625,23.006436171834565],[111.86279296875,22.955864273707803],[111.81884765625,22.95839331808635],[111.77215576171875,22.862256424791937],[111.67877197265625,22.806567100271522],[111.66229248046875,22.738189995168213],[111.697998046875,22.641897604526804],[111.807861328125,22.588654394218807],[111.85455322265625,22.51001965025796],[111.8463134765625,22.378015781668722],[111.7144775390625,22.156883186860696],[111.785888671875,22.04745905654542],[111.7803955078125,21.965972156800262],[111.81884765625,21.89208425156147]],[[112.51922607421875,22.334833457530493],[112.4395751953125,22.471954507739227],[112.40936279296875,22.68498414287211],[112.467041015625,22.753387867156704],[112.56317138671875,22.783778538608644],[112.62359619140625,22.85972558644609],[112.67303466796875,22.87237930678816]],[[112.67578125,22.31196681097761],[112.60986328125,22.299261499741192],[112.4176025390625,22.337373964688652]],[[112.67578125,22.451648819126206],[112.4176025390625,22.33991442556203],[112.31597900390625,22.35769635535354],[112.26104736328125,22.33991442556203],[112.10174560546875,22.380555501421526],[111.98089599609375,22.301802654450015],[111.92047119140625,22.309425841200195],[111.8408203125,22.276389027850755],[111.73919677734375,22.31704861179864],[111.62933349609375,22.25097078275087],[111.55517578125,22.25605480105108],[111.41510009765625,22.11872161928126],[111.29425048828125,22.103454098112124],[111.11846923828125,22.139075742154034],[111.07177734375,22.159426923610894],[111.05255126953125,22.207749178410864],[110.9564208984375,22.21029199450504],[110.8465576171875,22.31450773451182],[110.76416015625,22.33991442556203],[110.73944091796875,22.378015781668722]],[[112.67578125,22.57343826457239],[112.5164794921875,22.624152158090425],[112.44232177734375,22.72045700902588],[112.32147216796875,22.717923537632174],[112.25006103515625,22.745789142425892],[112.1649169921875,22.733123662313673]],[[112.67578125,21.86149873437256],[112.554931640625,21.83090666506976],[112.44781494140625,21.88953570889518],[112.357177734375,21.89972960623399],[112.1923828125,21.823257624833815],[112.08251953125,21.818158037483215],[112.0220947265625,21.92521115949222]],[[111.86553955078125,21.779905342529645],[111.8682861328125,21.82070785387502],[111.82159423828125,21.89208425156147]],[[111.57440185546875,21.78245583990747],[111.76666259765625,21.88953570889518],[111.96441650390625,21.909922774544867],[112.18414306640625,22.009267904493797],[112.3077392578125,22.25351281497474],[112.4176025390625,22.33991442556203]],[[111.18438720703125,21.84620351827813],[111.23931884765625,21.779905342529645]],[[110.80810546875,21.779905342529645],[111.01959228515625,21.83090666506976],[111.16241455078125,21.83090666506976],[111.33270263671875,21.95578300297433],[111.5386962890625,22.050004767036484],[111.62384033203125,22.139075742154034],[111.719970703125,22.18740499139878]],[[109.7259521484375,21.815608175662646],[109.71221923828125,21.779905342529645]],[[108.7152099609375,21.871694635142717],[109.05029296875,21.78245583990747]],[[108.38836669921875,21.779905342529645],[108.50372314453125,21.971066459686156]],[[108.270263671875,21.779905342529645],[108.37738037109375,21.836005797984285],[108.4130859375,21.823257624833815]],[[107.545166015625,21.779905342529645],[107.87750244140625,22.07036880134926],[107.874755859375,22.1543394041216]],[[106.78985595703125,21.858949645417468],[106.754150390625,21.779905342529645]],[[104.77935791015625,21.779905342529645],[104.59808349609375,21.92521115949222],[104.4525146484375,22.085639901650325],[104.34814453125,22.151795575397756],[104.24102783203125,22.273847411104626],[104.0350341796875,22.38309517481906],[103.93341064453125,22.52270570348246]],[[101.07421875,21.920115213557352],[101.24176025390625,21.92266320932592],[101.28021240234375,21.866596775776173],[101.260986328125,21.838555296256004],[101.35711669921875,21.779905342529645]],[[101.27197265625,21.856400510965784],[101.304931640625,21.815608175662646]]]},"properties":{"kind":"highway","kind_detail":"motorway","source":"Protomaps / OpenStreetMap","source_zoom":5},"id":35184386549750},{"type":"Feature","geometry":{"type":"MultiLineString","coordinates":[[[103.6724853515625,29.65464247966365],[103.68896484375,29.62599627366079]],[[104.0185546875,30.15462722077598],[104.0185546875,30.15462722077598]],[[103.89495849609375,30.424992973925598],[103.87847900390625,30.44393799829119]],[[103.8372802734375,30.31361668993067],[103.83453369140625,30.330212685432727]],[[103.5845947265625,30.213981716870663],[103.5736083984375,30.23059456493219]],[[103.3868408203125,30.358656420788776],[103.3868408203125,30.349176094149826]],[[103.4033203125,30.372875188118044],[103.41705322265625,30.391830328088133]],[[103.44451904296875,30.379983796443767],[103.46649169921875,30.36813582872057]],[[104.03228759765625,30.588272671026985],[104.02130126953125,30.581179257386978]],[[103.9361572265625,30.668628397433352],[103.9306640625,30.682801890953783]],[[103.98284912109375,30.895154371444704],[103.97186279296875,30.89986798527889]],[[103.93890380859375,30.75599845832167],[103.92242431640625,30.76779915088146],[103.93890380859375,30.75599845832167]],[[103.831787109375,30.84093113902992],[103.81805419921875,30.82678090477978]],[[104.75738525390625,31.592573630393332],[104.7491455078125,31.592573630393332]],[[104.27947998046875,31.29967486999304],[104.26849365234375,31.29967486999304]],[[104.1558837890625,31.196356957735077],[104.1448974609375,31.182259396364202]],[[104.16412353515625,30.753638146218577],[104.17236328125,30.76779915088146]],[[104.3206787109375,30.88808351560904],[104.31243896484375,30.89986798527889]],[[104.55413818359375,31.114091594898696],[104.534912109375,31.10233357287177]],[[104.886474609375,31.37239910488053],[104.87274169921875,31.38412355509402]],[[106.842041015625,31.872892847840674],[106.8475341796875,31.863562548378965]],[[106.864013671875,31.823898240526958],[106.86126708984375,31.835565983656224]],[[106.63604736328125,31.130550379240574],[106.63330078125,31.14700630855657]],[[106.248779296875,30.843289308584104],[106.259765625,30.843289308584104]],[[106.10870361328125,30.76071890894447],[106.1114501953125,30.76779915088146]],[[106.00433349609375,30.902224705171434],[105.985107421875,30.911651004518248]],[[105.57037353515625,30.668628397433352],[105.567626953125,30.659178246433783]],[[105.589599609375,30.63791202834112],[105.57861328125,30.63791202834112]],[[106.65802001953125,30.42262458713084],[106.6552734375,30.427361303226718]],[[106.41082763671875,29.89304338543417],[106.40533447265625,29.89780561015587]],[[106.74591064453125,29.857319448285196],[106.74591064453125,29.84064389983442]],[[106.55914306640625,29.783449456820605],[106.54541015625,29.778681776917637]],[[106.776123046875,29.633158589140564],[106.78985595703125,29.640320395351395]],[[106.7376708984375,29.547177213315805],[106.74041748046875,29.537619205973428]],[[106.3970947265625,29.792984135470505],[106.4080810546875,29.79536766320929]],[[106.35040283203125,29.761993109601534],[106.336669921875,29.742916942840566]],[[106.24603271484375,29.788216909678937],[106.248779296875,29.788216909678937]],[[106.2158203125,29.74768632486993],[106.2158203125,29.738147333955524]],[[106.29547119140625,29.633158589140564],[106.30645751953125,29.647481692217653]],[[105.90545654296875,29.661802757613785],[105.9136962890625,29.65702929559474]],[[105.99334716796875,29.785833211631726],[105.98236083984375,29.788216909678937]],[[106.13616943359375,29.826348356278118],[106.1444091796875,29.823965566830694]],[[105.63079833984375,29.67134900220094],[105.62255859375,29.6594160549124]],[[105.1446533203125,29.60689427653149],[105.1666259765625,29.60689427653149]],[[104.96612548828125,29.537619205973428],[104.97161865234375,29.549566573947914]],[[105.1556396484375,30.116621582819377],[105.172119140625,30.121373087823045]],[[105.4083251953125,29.869228848968305],[105.4193115234375,29.8620833791186]],[[105.45501708984375,30.585908257485585],[105.43853759765625,30.59300132508085]],[[105.03204345703125,30.619004797647804],[105.05950927734375,30.619004797647804]],[[104.425048828125,30.199739899804584],[104.4140625,30.204487401147475]],[[104.45526123046875,30.358656420788776],[104.43603515625,30.363396239603716]],[[104.6063232421875,30.685163937659567],[104.62554931640625,30.682801890953783]],[[104.43328857421875,30.47234863264083],[104.42779541015625,30.458144351018078]],[[104.3975830078125,30.748917348441964],[104.39208984375,30.73711434162705]],[[104.21356201171875,30.649727171373286],[104.20257568359375,30.642638258763256]],[[104.21356201171875,30.70169664654607],[104.20257568359375,30.694611546632274]],[[104.1943359375,30.741835717889785],[104.18060302734375,30.746556862773616]],[[104.1064453125,30.6024579409996],[104.1229248046875,30.600093873550065]],[[104.1064453125,30.562260950499436],[104.10919189453125,30.57408532473883]],[[104.14764404296875,30.57408532473883],[104.1448974609375,30.559895902701285]],[[104.1888427734375,30.4936511705059],[104.19158935546875,30.512582844999528]],[[104.13116455078125,30.44393799829119],[104.1229248046875,30.436834045442225]],[[104.117431640625,30.33732439417902],[104.1119384765625,30.35154626192903]],[[104.38385009765625,30.358656420788776],[104.3646240234375,30.37050553713557]],[[104.1998291015625,30.13325085015049],[104.2108154296875,30.128499916692775]],[[104.3646240234375,30.00251693857068],[104.35638427734375,29.993002284551082]],[[104.7491455078125,29.79536766320929],[104.72991943359375,29.788216909678937]],[[104.5843505859375,29.537619205973428],[104.58160400390625,29.528060295064265]],[[104.74090576171875,29.465905362203003],[104.74639892578125,29.45633968030988]],[[104.60906982421875,29.334298230315667],[104.62005615234375,29.329509308364706]],[[104.501953125,28.644799609105903],[104.49920654296875,28.659261153016075]],[[104.89471435546875,28.396232711680426],[104.886474609375,28.413144152002786]],[[105.34515380859375,28.745988504505064],[105.34515380859375,28.72431340647347]],[[105.11444091796875,29.48503401918107],[105.1116943359375,29.473079031558157]],[[105.49896240234375,29.413282951826233],[105.4852294921875,29.410890376108995]],[[105.5072021484375,28.943265329407495],[105.49072265625,28.950475674848008]],[[106.094970703125,29.219302076779456],[106.1114501953125,29.226493125990913]],[[105.99609375,29.307956376745324],[106.007080078125,29.312746310577964]],[[105.908203125,29.257648503615542],[105.89996337890625,29.26483685902403]],[[105.853271484375,29.3893546604737],[105.8642578125,29.3893546604737]],[[106.30096435546875,29.45394811888775],[106.29547119140625,29.430029404571755]],[[106.27899169921875,29.348663646523633],[106.27899169921875,29.3678143847754]],[[106.446533203125,29.26244079669891],[106.468505859375,29.26723286520088]],[[106.71295166015625,29.437205610623266],[106.70745849609375,29.44677309638942]],[[106.77337646484375,29.27442054681336],[106.7596435546875,29.276816328368568]],[[106.59210205078125,29.37738840347899],[106.59210205078125,29.3965337391284]],[[106.58660888671875,29.363027037783752],[106.57562255859375,29.33669260694549]],[[106.28997802734375,29.19532826709913],[106.28173828125,29.19293057772775]],[[106.226806640625,29.132970130878633],[106.22955322265625,29.142566155107062]],[[106.77337646484375,28.661671216419506],[106.77886962890625,28.676130433078256]],[[106.78985595703125,28.41797549622403],[106.7926025390625,28.401064827220893]],[[105.93017578125,28.369652138600856],[105.9466552734375,28.359984824037397]],[[106.1773681640625,28.256005619824975],[106.182861328125,28.243908421619295]],[[106.83929443359375,28.08409694916473],[106.820068359375,28.09136628140695]],[[106.8035888671875,27.705415448162256],[106.79534912109375,27.702983735525862]],[[106.4190673828125,27.727298422724658],[106.42181396484375,27.739453733131754]],[[106.46026611328125,27.882783884259112],[106.47125244140625,27.86821657951407]],[[106.19110107421875,27.48147143746533],[106.18560791015625,27.46928747369202]],[[106.31744384765625,27.500962976461636],[106.35040283203125,27.510707451811598]],[[106.864013671875,27.60323689456203],[106.87225341796875,27.60810470430411]],[[106.776123046875,27.437602864300445],[106.78436279296875,27.444915505146938]],[[106.45477294921875,27.237536666590685],[106.46026611328125,27.239978671808203]],[[106.18011474609375,27.061571692162204],[106.1883544921875,27.05423380878584]],[[105.6060791015625,27.220441130076168],[105.61431884765625,27.215556209029685]],[[105.34515380859375,27.237536666590685],[105.35614013671875,27.24974615683658]],[[104.91119384765625,27.4132238954746],[104.92218017578125,27.42297612892041]],[[104.75189208984375,27.144700797119597],[104.732666015625,27.130035441479365]],[[103.76312255859375,27.4132238954746],[103.76861572265625,27.427851922711383]],[[103.6724853515625,27.235094607795503],[103.677978515625,27.25462957780006]],[[103.623046875,27.25218789411693],[103.634033203125,27.25218789411693]],[[103.43353271484375,28.529035525107247],[103.43353271484375,28.529035525107247]],[[103.88671875,29.01774801849605],[103.89495849609375,29.02014979275853]],[[102.2607421875,28.741172204593553],[102.25250244140625,28.760436071745815]],[[102.28546142578125,27.203342969375484],[102.30194091796875,27.220441130076168]],[[101.75537109375,26.441065564038425],[101.7608642578125,26.41893000931786]],[[101.513671875,26.598351182358286],[101.5301513671875,26.590983235125606]],[[103.326416015625,26.53202258988756],[103.32916259765625,26.54430855862742]],[[103.46923828125,25.975329851614575],[103.45550537109375,25.96051413998019]],[[102.9254150390625,25.185058883580666],[102.90069580078125,25.182573371634845]],[[102.96661376953125,25.16765923542178],[102.9693603515625,25.15771546436791]],[[103.10394287109375,25.3489903957134],[103.10394287109375,25.329131707091477]],[[103.0572509765625,25.18008780899065],[103.0517578125,25.170145051503127]],[[103.22479248046875,25.606855993715044],[103.2330322265625,25.606855993715044]],[[103.75213623046875,25.641526373065773],[103.74664306640625,25.636574077877043]],[[103.721923828125,25.10798445491342],[103.721923828125,25.10798445491342]],[[103.831787109375,24.592085337797215],[103.83453369140625,24.614560364814565]],[[103.1890869140625,24.916331404599077],[103.17535400390625,24.903876070498157]],[[103.02978515625,25.14031191468075],[103.0133056640625,25.130365915065]],[[102.88970947265625,25.003483503351504],[102.8924560546875,24.988547527022064]],[[102.87322998046875,25.053256973596106],[102.886962890625,25.068185076358617]],[[102.80181884765625,25.038327052535195],[102.81829833984375,25.0333500082522]],[[102.733154296875,24.95368985917014],[102.7166748046875,24.95867013057679]],[[102.77984619140625,24.986058021167594],[102.799072265625,24.988547527022064]],[[102.82379150390625,24.961160190729046],[102.8375244140625,24.968630068937273]],[[102.79083251953125,24.916331404599077],[102.777099609375,24.9262947663956]],[[102.81829833984375,24.868994448260295],[102.81829833984375,24.84905767130526]],[[102.57659912109375,24.676969798202677],[102.57659912109375,24.657002173279082]],[[102.25799560546875,24.961160190729046],[102.24700927734375,24.976099493695415]],[[102.513427734375,24.938747836398363],[102.513427734375,24.938747836398363]],[[102.62054443359375,24.988547527022064],[102.62603759765625,25.003483503351504]],[[102.6287841796875,25.0482805352365],[102.64251708984375,25.06320924418648]],[[102.59857177734375,25.07316070640961],[102.60406494140625,25.08559889706477]],[[102.64801025390625,25.120419105501256],[102.64251708984375,25.125392611512027]],[[102.3101806640625,25.170145051503127],[102.2991943359375,25.162687451233253]],[[102.3101806640625,25.383735254706863],[102.3046875,25.363882272740256]],[[102.42279052734375,25.458154856592074],[102.40631103515625,25.465594288934156]],[[102.24151611328125,25.222335476488183],[102.2607421875,25.212396167851168]],[[102.0849609375,25.170145051503127],[102.09320068359375,25.192515115191526]],[[101.2225341796875,25.214881071132595],[101.23626708984375,25.204941153569123]],[[102.557373046875,24.47715001114868],[102.54364013671875,24.489648077028676]],[[101.656494140625,23.41284706430993],[101.65374755859375,23.425448682701457]],[[101.44500732421875,23.780318118362246],[101.45050048828125,23.767750549280976]],[[104.02679443359375,22.39579284633251],[104.02679443359375,22.416106708771792]],[[103.64227294921875,23.011492320142253],[103.63128662109375,23.026659627974098]],[[103.40057373046875,23.301901124188873],[103.39508056640625,23.309468565752198]],[[103.22479248046875,23.470804563362307],[103.238525390625,23.480881532357074]],[[102.76885986328125,24.106647179201786],[102.78533935546875,24.08658925822803]],[[103.40606689453125,24.327076540018638],[103.41156005859375,24.30204697503656]],[[103.4417724609375,24.20438452045994],[103.4527587890625,24.21440463276275]],[[104.59259033203125,23.264057460884302],[104.58709716796875,23.27919621687336]],[[106.41632080078125,23.07720499247769],[106.402587890625,23.074678175027344]],[[106.7706298828125,23.745125865762915],[106.75140380859375,23.75266786383142]],[[106.5728759765625,23.875791916101022],[106.5618896484375,23.86825706659377]],[[105.6719970703125,23.59922818323939],[105.6884765625,23.594194326203834]],[[106.09222412109375,24.417142025372044],[106.08123779296875,24.424644585755388]],[[106.6168212890625,23.963666060236676],[106.6278076171875,23.94609601499839]],[[106.6827392578125,23.93103407144254],[106.65802001953125,23.92852357663793]],[[106.6168212890625,24.719390384544198],[106.63330078125,24.71689545585933]],[[106.5728759765625,24.769278450595266],[106.6058349609375,24.7493256266972]],[[106.55914306640625,24.80668135385197],[106.54815673828125,24.80917447973026]],[[106.7047119140625,25.105497373014686],[106.6937255859375,25.09306120481608]],[[106.72119140625,25.420950798326686],[106.70196533203125,25.420950798326686]],[[105.61431884765625,25.42839252919684],[105.60882568359375,25.440794392795965]],[[105.5291748046875,24.769278450595266],[105.5291748046875,24.791721545708782]],[[105.03753662109375,25.187544344824488],[105.0567626953125,25.190029755362644]],[[105.40008544921875,26.325421958421146],[105.38360595703125,26.322960198925372]],[[104.073486328125,25.923466700919278],[104.0460205078125,25.918526162075153]],[[104.79034423828125,26.728439943649306],[104.78759765625,26.713720362159577]],[[105.49896240234375,26.207198534534058],[105.51544189453125,26.199805575765808]],[[105.78460693359375,26.093788295583906],[105.7708740234375,26.093788295583906]],[[106.14166259765625,26.199805575765808],[106.14990234375,26.204734267107597]],[[105.8642578125,26.18748293472086],[105.87799072265625,26.1899475672235]],[[106.02630615234375,26.300802009052887],[106.02630615234375,26.29095256475584]],[[106.3916015625,26.2466197162221],[106.4080810546875,26.2466197162221]],[[106.226806640625,26.221983043453278],[106.22406005859375,26.209662749792983]],[[106.17462158203125,26.041977447970154],[106.14715576171875,26.039509693208814]],[[106.6717529296875,26.374646153883518],[106.6552734375,26.374646153883518]],[[106.78985595703125,26.524650377182766],[106.80908203125,26.509904531413923]],[[106.578369140625,26.67200454772943],[106.5948486328125,26.664641348582705]],[[106.57562255859375,26.583614813585854],[106.57562255859375,26.573789513879802]],[[106.65252685546875,26.465655637838367],[106.64154052734375,26.48778221323812]],[[106.380615234375,26.512362303867505],[106.3641357421875,26.50253089853325]],[[106.34490966796875,26.581158567686842],[106.32293701171875,26.546765594479652]],[[106.92169189453125,26.997960763263023],[106.93267822265625,27.007749404729424]],[[106.9134521484375,26.84612799001816],[106.89971923828125,26.833874515058582]],[[107.3199462890625,27.049341619870376],[107.303466796875,27.04444921765402]],[[107.5286865234375,26.694091292950134],[107.5396728515625,26.703906250401914]],[[107.1112060546875,26.386948928734128],[107.11395263671875,26.382027976025356]],[[107.11669921875,26.074053532504166],[107.09197998046875,26.064184903323948]],[[107.44903564453125,26.093788295583906],[107.45452880859375,26.093788295583906]],[[107.70721435546875,26.303264239389534],[107.698974609375,26.31557460647541]],[[107.68798828125,26.165298896316045],[107.68798828125,26.165298896316045]],[[107.91595458984375,26.630273470591902],[107.89947509765625,26.617996722116757]],[[108.55316162109375,26.811814919309285],[108.577880859375,26.82407078047018]],[[109.18212890625,26.93186515638891],[109.14093017578125,26.89757809733392]],[[108.8470458984375,25.893820362797484],[108.8525390625,25.916055815010864]],[[109.60784912109375,25.000994300028964],[109.610595703125,25.02090651422749]],[[107.64404296875,25.329131707091477],[107.6605224609375,25.32416652573839]],[[107.259521484375,25.79494547564967],[107.281494140625,25.792472545052036]],[[107.2540283203125,25.0333500082522],[107.24853515625,25.03583855563501]],[[107.1881103515625,24.824132181788883],[107.193603515625,24.80668135385197]],[[107.16888427734375,24.186847428521247],[107.1771240234375,24.18935287502559]],[[107.2979736328125,24.246964554300916],[107.31719970703125,24.266997288418167],[107.29522705078125,24.289530340411346]],[[108.08074951171875,23.84564988765935],[108.094482421875,23.84564988765935]],[[108.2373046875,23.251440517055997],[108.2373046875,23.266580706342197]],[[107.7813720703125,23.40780608086142],[107.77862548828125,23.40024424568925]],[[107.22930908203125,23.561469548278183],[107.2100830078125,23.55391651832163]],[[106.97113037109375,22.583582537733903],[106.96563720703125,22.570902079599392]],[[107.4407958984375,22.370396344320056],[107.44903564453125,22.370396344320056]],[[107.8253173828125,22.00672146156859],[107.81982421875,22.01945321869661]],[[108.10546875,22.6013332182212],[108.11920166015625,22.6013332182212]],[[108.26751708984375,22.743256140281986],[108.25927734375,22.733123662313673]],[[108.21533203125,22.758453448852336],[108.20709228515625,22.758453448852336]],[[108.26751708984375,22.912863288033748],[108.29498291015625,22.892622807277988]],[[108.14117431640625,22.84707068783908],[108.16314697265625,22.84453956677055]],[[108.6328125,23.180763583129448],[108.64105224609375,23.18581317530291]],[[108.8360595703125,22.849601761797317],[108.84429931640625,22.85719470096963]],[[108.5614013671875,22.72805714175105],[108.544921875,22.725523811089403]],[[108.56964111328125,22.81163070769243],[108.59161376953125,22.816694126899847]],[[108.30322265625,22.710322842052264],[108.314208984375,22.717923537632174]],[[108.86077880859375,22.45672552018891],[108.863525390625,22.44911039888609]],[[109.42108154296875,22.03472981704418],[109.43206787109375,22.04745905654542]],[[109.40460205078125,22.88503184835787],[109.40460205078125,22.88503184835787]],[[109.237060546875,22.629222519460498],[109.23980712890625,22.629222519460498]],[[109.08050537109375,22.905273461757176],[109.08050537109375,22.89515303255672]],[[109.16839599609375,23.60929531766476],[109.18487548828125,23.59922818323939]],[[108.82232666015625,23.873280348324172],[108.819580078125,23.86072177861452]],[[108.87451171875,24.013852991071445],[108.88824462890625,24.006326198751125]],[[109.19036865234375,24.44464923209823],[109.1766357421875,24.439648368036842]],[[109.03106689453125,24.14424731217538],[109.02008056640625,24.14675359470307]],[[109.412841796875,24.186847428521247],[109.41558837890625,24.174319457949082]],[[109.3414306640625,23.988761970899688],[109.3524169921875,23.996289790628424]],[[109.82208251953125,24.50214490121087],[109.808349609375,24.497146320571886]],[[110.8135986328125,23.47332387777118],[110.79437255859375,23.468285200853245]],[[110.83831787109375,23.289287764949123],[110.830078125,23.291810532441914]],[[110.17913818359375,23.34225583513053],[110.18463134765625,23.334690260349376]],[[109.720458984375,23.626910942556876],[109.70947265625,23.619361679019548]],[[109.86328125,23.322080011378446],[109.84405517578125,23.32964630439146]],[[110.00335693359375,22.624152158090425],[109.9951171875,22.616546265412552]],[[109.69573974609375,22.887562215174484],[109.6875,22.88503184835787]],[[110.709228515625,22.238259929564308],[110.70098876953125,22.228090416784482]],[[110.9454345703125,22.284013600962453],[110.93719482421875,22.266222283797774]],[[110.95367431640625,22.905273461757176],[110.97015380859375,22.902743425252353]],[[110.731201171875,23.132782957293628],[110.74493408203125,23.115101554603044]],[[111.32720947265625,22.464340223177103],[111.31622314453125,22.451648819126206]],[[111.807861328125,22.276389027850755],[111.8023681640625,22.284013600962453]],[[112.412109375,22.334833457530493],[112.412109375,22.3424548401465]],[[112.43408203125,22.715390019335942],[112.4285888671875,22.72299043351299]],[[112.20062255859375,22.9331007469804],[112.1923828125,22.9331007469804]],[[112.37640380859375,23.180763583129448],[112.37640380859375,23.180763583129448]],[[112.40386962890625,23.301901124188873],[112.38189697265625,23.291810532441914]],[[112.423095703125,23.470804563362307],[112.43682861328125,23.468285200853245]],[[111.983642578125,23.976214626638296],[111.9671630859375,23.981233711026718]],[[112.3406982421875,24.76678452287446],[112.3297119140625,24.756808311192714]],[[112.4725341796875,25.57960792510569],[112.48077392578125,25.589517031797257]],[[111.10198974609375,25.663809158457227],[111.1102294921875,25.6588577880551]],[[110.71197509765625,24.597080137096412],[110.69549560546875,24.59957746200348]],[[109.9786376953125,25.155229394940577],[109.9786376953125,25.155229394940577]],[[110.11871337890625,25.182573371634845],[110.11322021484375,25.19748568270687]],[[110.06378173828125,25.84439325019514],[110.06103515625,25.84933689170761]],[[111.533203125,26.256472923285344],[111.522216796875,26.25893609446841]],[[112.21710205078125,27.081137033889974],[112.21710205078125,27.100698960063966]],[[112.1099853515625,27.639740194861716],[112.12371826171875,27.64217331545882]],[[111.3519287109375,27.193571414057217],[111.3629150390625,27.2009001608357]],[[111.566162109375,27.46928747369202],[111.55792236328125,27.466850519268462]],[[111.71173095703125,27.664068965384516],[111.71722412109375,27.668934069896224]],[[111.10748291015625,28.018650821833063],[111.104736328125,28.030773479899125]],[[112.4725341796875,28.497660832963476],[112.4615478515625,28.50248831613041]],[[112.2198486328125,28.688178255991446],[112.25006103515625,28.6785401085332]],[[111.6375732421875,28.943265329407495],[111.6156005859375,28.9456688336505]],[[111.763916015625,29.154559925347584],[111.75018310546875,29.14736383122664]],[[111.15692138671875,29.42524498547202],[111.17340087890625,29.41567547121788]],[[111.73919677734375,28.9023972285585],[111.74468994140625,28.899992721104496]],[[110.25054931640625,28.241488817301672],[110.25604248046875,28.23180985121182]],[[110.95916748046875,27.09091842402647],[110.9454345703125,27.083582461484355]],[[108.3087158203125,27.51801524196567],[108.32244873046875,27.53506486393991]],[[107.92144775390625,27.56428663390436],[107.93243408203125,27.581329075043357]],[[107.36663818359375,27.139812559018225],[107.37213134765625,27.12759102850208]],[[107.00958251953125,27.503399176197846],[107.02056884765625,27.493654053703125]],[[107.0233154296875,27.556981920338316],[107.03704833984375,27.542371035269653]],[[107.105712890625,27.659203644307922],[107.09197998046875,27.654338106691895]],[[106.91619873046875,27.78320162016678],[106.9134521484375,27.785631542688833]],[[108.06976318359375,28.292288977397078],[108.08624267578125,28.294707428421205]],[[106.9134521484375,28.64962034533977],[106.92718505859375,28.671310915880838]],[[107.05078125,29.312746310577964],[107.04254150390625,29.305561325527705]],[[107.3309326171875,29.298375834704203],[107.314453125,29.293585226541637]],[[107.841796875,29.288794393648303],[107.841796875,29.30077105450428]],[[109.5281982421875,29.673735421779128],[109.5501708984375,29.683280533733637]],[[109.11346435546875,29.647481692217653],[109.11346435546875,29.65464247966365]],[[108.3306884765625,30.725309888823375],[108.31146240234375,30.711142637210045]],[[108.34442138671875,30.73003184344276],[108.358154296875,30.73947505867949]],[[107.874755859375,29.995381033568137],[107.874755859375,29.995381033568137]],[[106.94091796875,29.785833211631726],[106.96014404296875,29.79775113417307]],[[107.11395263671875,29.90971017627031],[107.105712890625,29.914471604382356]],[[107.6055908203125,30.685163937659567],[107.60833740234375,30.675715404167747]],[[107.7374267578125,30.621368403494955],[107.73193359375,30.611913633860112]],[[108.06976318359375,30.204487401147475],[108.0780029296875,30.194992169502896]],[[106.93817138671875,30.949346915468567],[106.94091796875,30.93756853975414]],[[106.99310302734375,31.12349696406733],[107.0013427734375,31.12584816072004]],[[107.5396728515625,31.330178972184655],[107.5286865234375,31.325486676506983]],[[107.2650146484375,31.926523733115943],[107.281494140625,31.919530172476954]],[[107.25128173828125,31.84956532831343],[107.26226806640625,31.86122982593092]],[[108.69873046875,31.931185811406294],[108.687744140625,31.940509258776473]],[[108.6273193359375,31.177559742645514],[108.64105224609375,31.184609135743244]],[[109.36065673828125,31.0317548780461],[109.390869140625,31.0317548780461]],[[110.7147216796875,32.080247396291796],[110.72296142578125,32.07559289203769]],[[111.42059326171875,30.583543786271377],[111.42608642578125,30.59300132508085]],[[111.55792236328125,30.734753566735037],[111.54144287109375,30.722948824772516]],[[112.38739013671875,30.147502278499246],[112.3956298828125,30.1380015549519]],[[112.467041015625,30.339694848974247],[112.44781494140625,30.34680586896208]],[[112.2528076171875,30.38472258144958],[112.2528076171875,30.372875188118044]],[[111.65130615234375,30.758358712564487],[111.65130615234375,30.76071890894447]],[[112.66204833984375,31.172859855662637],[112.6483154296875,31.17520982831084]],[[112.52197265625,29.544787796199472],[112.53570556640625,29.549566573947914]],[[112.53570556640625,28.12770555728798],[112.52471923828125,28.139815912754443]],[[112.587890625,26.95390133505323],[112.59613037109375,26.961245770526972]],[[112.5164794921875,26.750515745618387],[112.5274658203125,26.748063090366855]],[[112.54669189453125,23.420408179404035],[112.5604248046875,23.410326596588277]],[[112.03033447265625,21.9328547363353],[112.0111083984375,21.930306923001126]],[[111.9671630859375,21.912470952680266],[111.95343017578125,21.907374550828308]],[[111.82708740234375,21.89208425156147],[111.8243408203125,21.88698712068158]],[[109.75341796875,21.871694635142717],[109.7479248046875,21.87934108279903]],[[109.7259521484375,21.88953570889518],[109.7369384765625,21.87934108279903]],[[108.40484619140625,21.825807350355362],[108.4185791015625,21.83090666506976]]]},"properties":{"kind":"highway","kind_detail":"motorway_link","source":"Protomaps / OpenStreetMap","source_zoom":5},"id":35184402685940},{"type":"Feature","geometry":{"type":"MultiLineString","coordinates":[[[112.32421875,43.25120449088752],[112.6043701171875,42.81958071579592],[112.6318359375,42.70262285884388],[112.74169921875,42.619812573672164],[112.90374755859375,42.36057345238456],[113.0108642578125,42.04317376494973],[113.01361083984375,41.97174336327967],[113.0548095703125,41.92271616673921],[113.0712890625,41.828642001860544],[113.1427001953125,41.73852846935915],[113.12896728515625,41.46331197668624],[113.15643310546875,41.43037188265282],[113.170166015625,41.34588656996286],[113.23333740234375,41.28399850538594],[113.26629638671875,41.20552261955811],[113.2305908203125,41.153842357114485],[113.060302734375,41.05864414643028],[113.07952880859375,40.91143695415644],[113.3514404296875,40.93011520598304],[113.40911865234375,40.91351257612757],[113.46405029296875,40.84706035607121]],[[112.5714111328125,41.24270715552137],[112.33245849609375,41.16211393939693]],[[112.32421875,40.98611828780412],[112.4560546875,40.9550113304862],[112.532958984375,40.8865244080599],[112.620849609375,40.857447913031194],[112.8021240234375,40.87406461663042],[112.98065185546875,40.977824533189505],[113.2855224609375,40.96952973563833],[113.4283447265625,40.934265211779405],[113.59588623046875,40.94048973170135],[113.7139892578125,40.91351257612757],[113.7359619140625,40.96123389519332],[113.83209228515625,41.04414536431318],[113.9996337890625,41.13315883477398],[114.09576416015625,41.15591035054504],[114.67803955078125,41.16211393939693]],[[112.32421875,41.042073848901026],[112.56317138671875,41.03378713521863],[112.59613037109375,41.02135510866603],[112.60986328125,40.963307953073524],[112.6593017578125,40.92804010533237],[112.818603515625,40.89067715064627],[113.0877685546875,40.91143695415644]],[[113.15643310546875,41.43037188265282],[113.37615966796875,41.46742831254426],[113.53546142578125,41.60517452129932],[113.64532470703125,41.60517452129932],[113.68377685546875,41.6831688352589],[113.87603759765625,41.902277040963696],[114.30450439453125,42.0207328526443],[114.33746337890625,42.07987816698548],[114.4171142578125,42.13693172716145],[114.609375,42.19393393313973],[114.8291015625,42.16951070521657],[115.08453369140625,42.210210843876325],[115.26580810546875,42.382894009614034],[115.54046630859375,42.4862765753214],[115.697021484375,42.587466447848556],[115.9716796875,42.664261073794705],[116.44134521484375,42.863886280785835],[116.7352294921875,42.92425175387069],[116.806640625,42.97451117489916],[117.13348388671875,43.076913126087106],[117.31475830078125,43.20517581723732]],[[115.6475830078125,41.54353338440558],[115.5816650390625,41.57436130598913],[115.19989013671875,41.545589036668105],[114.9169921875,41.55175560133367],[114.8565673828125,41.57230656872437],[114.6258544921875,41.76311744700587],[114.2523193359375,41.887965758804484],[114.158935546875,41.89614402699485],[113.90350341796875,41.9942015603157],[113.8568115234375,42.05541092308215],[113.8677978515625,42.10433598038486],[113.8348388671875,42.19596877629178],[113.63433837890625,42.32606244456201],[113.499755859375,42.33824496335083],[113.4503173828125,42.38086519582322],[113.3624267578125,42.39912215986001],[113.25531005859375,42.45994035221656],[112.81585693359375,42.5045028529905]],[[117.806396484375,41.01721057822843],[117.79815673828125,41.0689984631062],[117.6416015625,41.100051630930466],[117.6690673828125,41.160046141686905],[117.6141357421875,41.20552261955811],[117.46856689453125,41.18692242290297],[117.3724365234375,41.22618330551458],[117.2955322265625,41.22205169039091],[117.11151123046875,41.27574232416012],[117.10052490234375,41.29844430929418],[116.88629150390625,41.38711263243965],[116.82037353515625,41.37474755643598],[116.7681884765625,41.3252637439476],[116.65008544921875,41.337638223081086],[116.58966064453125,41.40153558289845],[116.5264892578125,41.399475357337565],[116.4825439453125,41.44066745847658],[116.43035888671875,41.44478523154319],[116.39739990234375,41.53736603550382],[115.7080078125,41.557921577804194],[115.631103515625,41.53531012183376],[115.59814453125,41.485948589931354],[115.499267578125,41.44272637767213],[115.4937744140625,41.37474755643598],[115.4278564453125,41.27367811566259],[115.455322265625,41.160046141686905],[115.39215087890625,41.112468789180895],[115.38116455078125,41.07313973329343],[115.30975341796875,41.042073848901026],[115.25482177734375,40.93634011692373],[115.18341064453125,40.896905775860006],[115.1312255859375,40.91351257612757],[115.10101318359375,40.857447913031194],[114.98291015625,40.84706035607121]],[[118.114013671875,41.51474739095224],[118.0645751953125,41.61133539944177],[118.10302734375,41.66675682554944],[118.10302734375,41.70777900286711],[117.960205078125,41.777456667491066],[117.894287109375,41.842966567859406],[117.79266357421875,41.857287927691345],[117.73773193359375,41.97786911170172]],[[116.90277099609375,42.391008609205045],[117.0208740234375,42.5045028529905],[117.0208740234375,42.534868177587015],[117.0648193359375,42.56926437219383],[117.0703125,42.63193804106214],[117.169189453125,42.716750176811615],[117.17742919921875,42.8215952943695],[117.2296142578125,42.86589941517494],[117.2296142578125,42.91821786558452],[117.2625732421875,42.94033923363182],[117.22686767578125,43.03476830455952],[117.25433349609375,43.08293145035435],[117.24884033203125,43.1270477646888]],[[116.13372802734375,43.89789239125798],[116.27105712890625,43.82065657651688],[116.4385986328125,43.782992628905816],[116.58416748046875,43.71553472620511],[116.6583251953125,43.64005063334696],[116.69403076171875,43.51868025160499],[116.7572021484375,43.454912713790264],[116.9110107421875,43.379101335002645],[116.9879150390625,43.367122441110695],[117.22137451171875,43.22319117678927],[117.31475830078125,43.20517581723732],[117.44384765625,43.23719944365308],[117.61962890625,43.239200361809],[117.7349853515625,43.18515250937298],[118.0755615234375,43.23519845979044],[118.25408935546875,43.297198404646366],[118.4381103515625,43.29919735147067],[118.5205078125,43.35314407444699],[118.60015869140625,43.46288733737438],[118.7567138671875,43.460893780082586],[118.905029296875,43.50872101129687],[119.00390625,43.59033826146751],[119.0313720703125,43.68177726516811],[119.10552978515625,43.74927318111472],[119.25933837890625,43.79290649613753],[119.39666748046875,43.88799595502641],[119.6630859375,43.838489106168026],[119.98443603515625,43.84245116699037],[120.10528564453125,43.95723647202564],[120.12176513671875,43.99874209952105],[120.29754638671875,44.13491344375072],[120.41015625,44.25897020133368]],[[118.49853515625,43.341160054123065],[118.6029052734375,43.29320031385282],[118.6248779296875,43.23119629494613],[118.6962890625,43.169129132721],[118.89404296875,43.09496632541337],[118.95172119140625,43.04881979669318],[118.9764404296875,42.93430692117158],[118.9544677734375,42.77524338069969],[118.97369384765625,42.716750176811615],[118.89404296875,42.623854658556496],[118.89129638671875,42.54498667313237],[118.85009765625,42.50652766705062],[118.84735107421875,42.34433533786171],[118.8226318359375,42.28340504748081],[118.85833740234375,42.230551085522876],[119.0423583984375,42.204107493733176],[119.28680419921875,42.112486489041856],[119.4708251953125,42.077839590175046],[119.63836669921875,42.00440721296357],[119.78668212890625,41.89001042401827],[120.1519775390625,41.759019938155404],[120.179443359375,41.726230448600035],[120.29754638671875,41.67906622516412],[120.39093017578125,41.539421883822854],[120.46234130859375,41.48800607185427],[120.50628662109375,41.37268648186466],[120.61614990234375,41.319075622951374],[120.71502685546875,41.22411753058293],[121.0638427734375,41.06692773019344],[121.1187744140625,40.99855696412672]],[[118.8446044921875,42.3280930282246],[119.11376953125,42.30778424213693],[119.2236328125,42.386951440524854],[119.4158935546875,42.429538632268276],[119.58343505859375,42.43359304732317],[119.82513427734375,42.494377798972465],[120.20965576171875,42.51260171573665],[120.57220458984375,42.575332321109954],[120.75347900390625,42.68849232550869],[120.904541015625,42.91218338638018],[121.08306884765625,43.08293145035435],[121.26708984375,43.193162620926074],[121.5362548828125,43.30319504797305],[121.91802978515625,43.35114690203122],[122.11578369140625,43.415023819646535],[122.17071533203125,43.5007524356904],[122.39044189453125,43.626135311774135]],[[119.05059814453125,42.311846523695095],[119.02313232421875,42.2183477267933]],[[118.92974853515625,42.20817645934741],[118.91876220703125,42.120635949743644],[118.8006591796875,42.03501434990213],[118.69903564453125,41.906365389709634],[118.6138916015625,41.855242215446594],[118.531494140625,41.849104686103885],[118.443603515625,41.78974487671897],[118.37493896484375,41.7200805552871],[118.38043212890625,41.668808555620586],[118.3172607421875,41.61133539944177],[118.18267822265625,41.61954898843081],[118.157958984375,41.564086966064366],[118.12774658203125,41.55175560133367],[118.08929443359375,41.4386084739572],[118.09478759765625,41.36444153054222],[118.04534912109375,41.314949882509666],[118.0316162109375,41.246837465376245],[118.06182861328125,41.15797827873607],[118.0535888671875,41.07935114946898]],[[121.3165283203125,41.08142149109682],[121.28082275390625,41.135227480564936],[121.2945556640625,41.24270715552137],[121.2615966796875,41.40153558289845],[121.26983642578125,41.588742636696765],[121.39068603515625,41.78155299890034],[121.52801513671875,41.912497421968425],[121.58843994140625,42.063567718832786]],[[121.93450927734375,41.230314659594455],[121.8658447265625,41.3252637439476],[121.81915283203125,41.49829250139854],[121.83013916015625,41.62776153144344],[121.871337890625,41.73237975329553],[121.8603515625,41.78769700539064],[121.88507080078125,41.82250192071109],[121.87957763671875,41.93906275484858],[121.69830322265625,42.049292638686836],[121.74224853515625,42.14304156290942],[121.7230224609375,42.17561739661684],[121.58294677734375,42.30778424213693],[121.41265869140625,42.40520663447066],[121.25335693359375,42.41940144722477],[121.124267578125,42.488301979602284],[121.01715087890625,42.58544425738492],[120.73150634765625,42.66830027189084]],[[121.92901611328125,41.2323802387414],[122.025146484375,41.0607151401866],[122.2064208984375,40.96538194577488],[122.32177734375,40.86991083161536],[122.4755859375,40.84913799774759]],[[122.332763671875,41.399475357337565],[122.23388671875,41.512690758458575],[122.2283935546875,41.56614196476838],[122.1734619140625,41.646235928686764]],[[123.26385498046875,41.40977583200956],[123.10455322265625,41.42831257152292],[122.97271728515625,41.50446357504802],[122.89031982421875,41.60312076451183]],[[123.45611572265625,41.7200805552871],[123.53302001953125,41.65649719441146],[123.55499267578125,41.609281838764815],[123.69232177734375,41.52297326747376],[123.74176025390625,41.42625319507269],[123.81866455078125,41.35619553438906],[123.7994384765625,41.24064190269473],[123.7335205078125,41.18898937242474]],[[123.25836181640625,41.795888098191426],[123.10455322265625,41.73852846935915],[122.80792236328125,41.557921577804194],[122.1734619140625,41.354133872100476],[121.92901611328125,41.2323802387414],[121.7724609375,41.24270715552137],[121.4703369140625,41.153842357114485],[121.06658935546875,40.971603532799094],[120.904541015625,40.84706035607121]],[[123.46435546875,41.914541301823334],[123.46160888671875,42.05745022024681],[123.52203369140625,42.10229818948116],[123.4149169921875,42.17968819665961],[123.41217041015625,42.44170109062159],[123.46710205078125,42.56926437219383],[123.42315673828125,43.14107810634587],[123.4698486328125,43.22519255488632],[123.47259521484375,43.3131881391964],[123.607177734375,43.4589001570545],[123.63739013671875,43.60028402353632],[123.87359619140625,43.93746169031664],[123.92578125,44.101393064498495]],[[123.54400634765625,41.88183137050558],[123.59893798828125,41.95540515378059],[123.67034912109375,42.147114459221],[123.78570556640625,42.23868534753649],[123.8653564453125,42.26714700815231],[123.90655517578125,42.36463232550284]],[[122.91778564453125,42.039094188385945],[122.969970703125,42.00440721296357],[123.12652587890625,41.97582726102573],[123.343505859375,41.87160608117938]],[[122.91778564453125,42.0411340094081],[122.8106689453125,42.08395512413708],[122.74200439453125,42.19189902447192],[122.56072998046875,42.378836316476026],[122.50579833984375,42.71473218539458],[122.42889404296875,42.83972354764083],[122.41241455078125,42.97250158602597],[122.420654296875,43.20317378210581],[122.37945556640625,43.436965965218235],[122.41241455078125,43.60227297869275],[122.28057861328125,43.72545977417781],[122.0965576171875,43.76712702120528],[121.92901611328125,44.028371212791996],[121.20391845703125,44.45927020309884],[120.97320556640625,44.547420158668245]],[[123.662109375,43.63209941555775],[123.59344482421875,43.67780454967291],[123.55224609375,43.763159961572654],[123.52203369140625,43.9255936635507],[123.409423828125,44.06982710133289],[123.3984375,44.199928128583025],[123.3544921875,44.27863773055188],[123.12103271484375,44.50825885600571],[123.02490234375,44.6920880417278],[122.99468994140625,44.79742899855563],[123.00567626953125,44.865603015341975],[122.99468994140625,44.97839955494439],[122.9644775390625,45.038596546452595],[122.9754638671875,45.083217949268374],[122.860107421875,45.31159750379206],[122.9205322265625,45.544831492424635],[122.89031982421875,45.65052836822275],[122.7886962890625,45.675482175606476],[122.7117919921875,45.66780526567163],[122.51678466796875,45.742610220905334],[122.39593505859375,45.83262678266152],[122.3052978515625,45.99886962627588],[122.1514892578125,46.07323062540834],[122.1240234375,46.12465270201173]],[[123.65936279296875,43.63408731864001],[123.80218505859375,43.5346116174328],[123.92578125,43.48281929474004]],[[122.38494873046875,43.624147145668076],[122.54974365234375,43.636075155965784],[122.8106689453125,43.59630591596547],[123.0853271484375,43.58834891179794],[123.68682861328125,43.6599240747891],[123.92578125,43.72148995228582]],[[122.1954345703125,44.890904253917114],[122.27783203125,44.86170952963971],[122.75299072265625,44.832499993490615],[123.0413818359375,44.87728189251396],[123.28582763671875,44.84029065139799],[123.6346435546875,44.87533557756194],[123.75274658203125,44.86170952963971],[123.92578125,44.90063253713748]],[[122.0635986328125,44.88117432492584],[122.14599609375,44.898687012155165]],[[123.35174560546875,44.288469027276506],[123.70330810546875,44.26683800273895],[123.92578125,44.31402269883776]],[[122.23388671875,46.04464208297014],[122.05535888671875,45.985512188145634],[121.83013916015625,46.052267141590704]],[[123.42041015625,48.074408734783646],[123.310546875,48.022998321048874],[123.07159423828125,48.00278733106708],[122.958984375,47.953144950155945],[122.86834716796875,47.9678587799925],[122.7886962890625,47.94762618352868],[122.7117919921875,47.88319702351612],[122.6348876953125,47.85924575819686],[122.58270263671875,47.608014819732716],[122.3876953125,47.49308072945064],[122.36846923828125,47.403926366033716],[122.3876953125,47.33696140898502],[122.4810791015625,47.24940695788845],[122.4810791015625,47.04954010021555],[122.607421875,46.86206904322293],[122.68707275390625,46.80945943904217],[122.6898193359375,46.766205874237414],[122.6129150390625,46.63057868059482],[122.47283935546875,46.49650154751427],[122.4041748046875,46.37535928611456],[122.25311279296875,46.29950860500901],[122.1240234375,46.12465270201173],[122.00592041015625,46.132266708957104],[121.88507080078125,46.05989114762073],[121.68731689453125,46.01985337287633],[121.67633056640625,45.96451541476296],[121.6241455078125,45.93778073466328],[121.585693359375,45.801999166661545],[121.6131591796875,45.71193311776844],[121.59393310546875,45.61403741135092],[121.62139892578125,45.489020245373695],[121.54449462890625,45.419660306409895],[121.52801513671875,45.375302350525516],[121.5362548828125,45.33090957287155],[121.5802001953125,45.29034662473612],[121.53350830078125,45.054120984258844],[121.4813232421875,44.99199795382438],[121.33575439453125,44.9414733548025],[121.10504150390625,44.78378451819762],[121.05560302734375,44.67841867818859],[120.992431640625,44.62566377574353],[120.98968505859375,44.52784279845551],[120.92926025390625,44.49650533109349],[120.79193115234375,44.51609322284929],[120.72601318359375,44.478870600803134]],[[123.92578125,47.413220330169025],[123.75823974609375,47.413220330169025],[123.66485595703125,47.46709298382174],[123.65936279296875,47.56911375866716],[123.53302001953125,47.76517619125414],[123.55499267578125,47.91634204016114],[123.39019775390625,48.11476663187631],[123.3819580078125,48.299639647771045],[123.2061767578125,48.45835188280867],[122.98370361328125,48.59477574898105],[122.8436279296875,48.622016428468385],[122.72003173828125,48.687334111863066],[122.640380859375,48.70002494609139],[122.45635986328125,48.67101262432598],[122.2503662109375,48.712712581452365],[122.18994140625,48.786961645533296],[122.0635986328125,48.857487002645485],[121.8658447265625,48.89000369970677],[121.7120361328125,48.967596939155555],[121.6571044921875,49.03786794532644]],[[123.92303466796875,47.15050142570564],[123.782958984375,46.991494313050424],[123.75274658203125,46.83013364044737],[123.607177734375,46.64377960861833],[123.497314453125,46.55130547880643],[123.44512939453125,46.441642327624976],[123.47259521484375,46.37535928611456],[123.4039306640625,46.31658418182218],[123.3709716796875,46.185535288805255],[123.2611083984375,45.99314540468518],[122.89306640625,45.65436813946474]],[[123.92578125,45.61595858036836],[123.37646484375,45.544831492424635],[123.2501220703125,45.54098421805074],[123.0303955078125,45.579445114377876],[122.816162109375,45.546755030882395],[122.750244140625,45.58136746810095],[122.6953125,45.66780526567163]],[[123.92578125,42.90816007196054],[123.22265625,42.66224137632747],[122.882080078125,42.492352591428215],[122.7777099609375,42.48425110546248],[122.68157958984375,42.40317854182803],[122.486572265625,42.32200108060303],[122.3162841796875,42.30778424213693],[121.7999267578125,42.11452395246425],[121.65435791015625,42.10433598038486],[121.5362548828125,42.05948945192711],[121.35772705078125,42.063567718832786],[121.24786376953125,42.02277326296911],[121.08856201171875,41.912497421968425],[120.88531494140625,41.83478149415484],[120.79193115234375,41.75492216766298],[120.62164306640625,41.75287318430239],[120.45135498046875,41.63186741069748],[120.201416015625,41.54764462357738],[120.06683349609375,41.4509614012039],[119.893798828125,41.382991201666044],[119.72076416015625,41.39329428878486],[119.5751953125,41.354133872100476],[119.42962646484375,41.24890252240323],[119.3994140625,41.17245194931263],[119.20989990234375,41.00477542222947],[118.99017333984375,40.977824533189505],[118.9105224609375,40.99855696412672],[118.68804931640625,40.921814412378495],[118.399658203125,40.99026477399687],[118.32000732421875,40.96952973563833],[118.24310302734375,41.00062984868538],[118.20465087890625,41.050359519318874],[118.0426025390625,41.07728074262536],[117.97943115234375,41.04621681452065],[117.9656982421875,40.90520969727359],[117.79815673828125,40.88029480552825],[117.61688232421875,40.896905775860006],[117.4713134765625,40.84706035607121]],[[123.92578125,42.378836316476026],[123.8873291015625,42.33012354634198]],[[123.92578125,41.91045347666417],[123.56048583984375,41.85933357450054]],[[123.7994384765625,41.37680856570236],[123.89556884765625,41.465370177280676],[123.8818359375,41.57847058443443],[123.92578125,41.68727118379141]],[[123.92578125,41.27367811566259],[123.81317138671875,41.337638223081086]],[[123.90380859375,40.84706035607121],[123.89556884765625,40.89898185395097],[123.76922607421875,40.948788179193485],[123.74725341796875,40.979898069620134],[123.75274658203125,41.08556197870254],[123.71429443359375,41.153842357114485],[123.7335205078125,41.18898937242474],[123.71978759765625,41.20758898181023],[123.62640380859375,41.213787677032144],[123.497314453125,41.15797827873607],[123.3819580078125,41.211721510547875],[123.1512451171875,41.18072118284584],[122.9095458984375,41.3397004077442],[122.88482666015625,41.382991201666044],[122.68157958984375,41.48389104267176],[122.618408203125,41.54764462357738],[122.61566162109375,41.60722821271716],[122.71453857421875,41.81431422987254],[122.8765869140625,41.96357478222518],[122.92877197265625,42.063567718832786],[123.15399169921875,42.19393393313973],[123.35723876953125,42.2183477267933],[123.61541748046875,42.20003826604676],[123.89556884765625,42.12267315117256],[123.92578125,42.085993504477216]],[[122.63214111328125,40.84706035607121],[122.89031982421875,41.15797827873607],[123.07159423828125,41.29638081886435],[123.2611083984375,41.40153558289845],[123.299560546875,41.453019993771335],[123.32977294921875,41.52091689636251],[123.31329345703125,41.69342421615133],[123.2666015625,41.785649068644375],[123.28582763671875,41.842966567859406],[123.4588623046875,41.91045347666417],[123.56048583984375,41.86956082699456],[123.59344482421875,41.795888098191426],[123.57696533203125,41.750824135532895],[123.43414306640625,41.69547509615208],[123.31329345703125,41.70367796221137]],[[122.32177734375,40.86991083161536],[122.33551025390625,40.84706035607121]],[[122.222900390625,40.942564441333275],[122.113037109375,40.84706035607121]],[[120.01190185546875,40.84706035607121],[119.95697021484375,40.86367966548167],[119.88006591796875,40.84706035607121],[119.8883056640625,40.93011520598304],[119.82513427734375,41.01928287604562],[119.6905517578125,41.1290213474951],[119.64111328125,41.14350141139076],[119.60540771484375,41.19932314127607],[119.4598388671875,41.27574232416012],[119.4268798828125,41.37474755643598],[119.36920166015625,41.42625319507269]],[[117.960205078125,40.903133814658474],[118.00689697265625,40.84706035607121]],[[117.82562255859375,40.884447939035624],[117.806396484375,40.84913799774759]],[[117.77069091796875,40.89275342420697],[117.77069091796875,40.93011520598304],[117.7459716796875,40.94048973170135]],[[117.6470947265625,40.89482963261176],[117.7459716796875,40.94048973170135],[117.77618408203125,41.00892073500489],[117.91351318359375,41.054501963290505],[117.9931640625,41.0565730874647]],[[117.4273681640625,40.84913799774759],[117.4658203125,40.84706035607121]],[[115.82611083984375,40.85537053192493],[115.7354736328125,40.87198775669742],[115.70526123046875,40.84706035607121]],[[115.6585693359375,40.84706035607121],[115.64208984375,40.867833841384936],[115.5377197265625,40.88029480552825],[115.5267333984375,40.90105786688403],[115.5487060546875,40.903133814658474],[115.5322265625,40.89067715064627],[115.48004150390625,40.91766362458114],[115.38665771484375,41.00477542222947],[115.38665771484375,41.029643387166374],[115.3399658203125,41.050359519318874]],[[114.774169921875,40.84706035607121],[114.7247314453125,40.94048973170135],[114.75494384765625,40.9964840143779],[114.67803955078125,41.17658669657101],[114.8291015625,41.29431726315258],[114.95819091796875,41.49417812559719],[115.00762939453125,41.63186741069748],[115.301513671875,41.83273506215261],[115.31524658203125,41.879786443521795],[115.28228759765625,41.98195261665717],[115.29876708984375,42.0207328526443],[115.35369873046875,42.067645723795266],[115.51025390625,42.11656135038899],[115.82061767578125,42.443727937524756],[115.8233642578125,42.48222557002592],[115.927734375,42.611727616655855],[115.93048095703125,42.64406114661688],[115.83709716796875,42.79338522116174],[115.91949462890625,42.884014670442525],[115.938720703125,42.95441233121332],[116.026611328125,43.084937427075914],[116.103515625,43.129052296285636],[116.1419677734375,43.22519255488632],[116.08978271484375,43.38109758727856],[116.13922119140625,43.63408731864001],[116.07879638671875,43.8503744993026]],[[113.8787841796875,40.84706035607121],[113.7139892578125,40.91351257612757]],[[113.60137939453125,40.85121557428246],[113.71124267578125,40.91351257612757]],[[113.3514404296875,40.93011520598304],[113.35693359375,41.0130657870063],[113.29925537109375,41.112468789180895],[113.2415771484375,41.160046141686905]],[[113.1207275390625,40.84706035607121],[113.0767822265625,40.90936126702326]]]},"properties":{"kind":"highway","kind_detail":"motorway","source":"Protomaps / OpenStreetMap","source_zoom":5},"id":35184402815020},{"type":"Feature","geometry":{"type":"MultiLineString","coordinates":[[[113.16192626953125,41.40153558289845],[113.18939208984375,41.40771586770285]],[[113.23333740234375,41.15591035054504],[113.24432373046875,41.16624933909199]],[[114.02435302734375,41.953362583018475],[114.049072265625,41.953362583018475]],[[114.5928955078125,41.78360106648077],[114.58465576171875,41.77950486590359]],[[114.9774169921875,41.533254142813206],[114.98565673828125,41.54970014513273],[114.96917724609375,41.54764462357738]],[[115.92498779296875,42.65416193033991],[115.92498779296875,42.65416193033991]],[[115.9332275390625,42.63597933867726],[115.94146728515625,42.621833648916635]],[[115.43060302734375,41.27780646738182],[115.43060302734375,41.26542062892668]],[[117.806396484375,41.01928287604562],[117.8173828125,41.02135510866603]],[[118.1195068359375,41.51886045990477],[118.114013671875,41.51474739095224]],[[117.24609375,43.00062985445004],[117.257080078125,42.984558134256076]],[[117.24609375,43.13105676219152],[117.24884033203125,43.14709012452764]],[[119.5697021484375,43.86225752441794],[119.57244873046875,43.90778718292444]],[[119.95147705078125,43.83452678223682],[119.97344970703125,43.838489106168026]],[[120.1080322265625,43.96514454266273],[120.10528564453125,43.953282041980174]],[[118.92974853515625,43.54058479482876],[118.93798828125,43.54854811091286]],[[119.20989990234375,43.779026621608295],[119.19342041015625,43.76911045236619]],[[118.59466552734375,43.4569064682903],[118.6083984375,43.46488082892955]],[[118.50677490234375,43.345154990451135],[118.4930419921875,43.333169392817354]],[[118.91876220703125,42.20817645934741],[118.92974853515625,42.20003826604676]],[[118.91876220703125,42.10841136570585],[118.91326904296875,42.11656135038899]],[[119.46807861328125,41.2798705453271],[119.45709228515625,41.27780646738182]],[[119.67681884765625,41.382991201666044],[119.6685791015625,41.38917324986403]],[[120.3936767578125,41.617495689242446],[120.40740966796875,41.613388894747345]],[[120.73150634765625,42.67637788071963],[120.72052001953125,42.66224137632747]],[[121.72576904296875,42.09822241118974],[121.7230224609375,42.10229818948116]],[[121.58294677734375,42.06560675405717],[121.5966796875,42.069684628046616]],[[121.9427490234375,41.24064190269473],[121.92901611328125,41.234445752625504]],[[122.34100341796875,41.40153558289845],[122.3272705078125,41.39741506646462]],[[122.9150390625,42.0329743324414],[122.91778564453125,42.03705430188381]],[[122.87933349609375,41.60312076451183],[122.89031982421875,41.613388894747345]],[[122.65411376953125,41.512690758458575],[122.66510009765625,41.502406615839305]],[[123.0303955078125,41.2592268285089],[123.04412841796875,41.27367811566259]],[[123.08807373046875,41.44272637767213],[123.07708740234375,41.44272637767213]],[[123.3160400390625,41.20965527880702],[123.3270263671875,41.2158537782592]],[[123.4918212890625,41.15797827873607],[123.475341796875,41.160046141686905]],[[123.7335205078125,41.18485540813214],[123.7445068359375,41.19725651800891]],[[123.46435546875,41.711879781934556],[123.45611572265625,41.718030460048084]],[[123.31878662109375,41.62981450375864],[123.30780029296875,41.61954898843081]],[[123.2940673828125,41.72213058512577],[123.31329345703125,41.68932225997045]],[[123.3544921875,41.87365126992506],[123.321533203125,41.85319643776674]],[[123.2720947265625,41.78155299890034],[123.26934814453125,41.80203073088393]],[[123.475341796875,41.91045347666417],[123.486328125,41.89818843043048]],[[123.41766357421875,41.89614402699485],[123.40118408203125,41.89001042401827]],[[123.57147216796875,41.85933357450054],[123.56048583984375,41.86751550737105]],[[123.52203369140625,41.885921028147436],[123.50555419921875,41.89614402699485]],[[123.54949951171875,41.885921028147436],[123.55499267578125,41.87569639323101]],[[122.58544921875,42.36057345238456],[122.5799560546875,42.35448465106745]],[[123.4423828125,42.73692648169268],[123.46160888671875,42.742978093466434]],[[123.431396484375,42.96647242540857],[123.42864990234375,42.978530155644734]],[[123.662109375,43.63011144671921],[123.65386962890625,43.62812341212461]],[[123.6126708984375,43.657937026558216],[123.629150390625,43.649988176045895]],[[123.63189697265625,43.59630591596547],[123.64013671875,43.60426186809619]],[[122.684326171875,43.61818225281826],[122.67059326171875,43.61619382369187]],[[122.10205078125,43.763159961572654],[122.10205078125,43.763159961572654]],[[121.00341796875,44.52980083067868],[120.99517822265625,44.541547641743705]],[[122.19818115234375,44.88895839978045],[122.18170166015625,44.88117432492584]],[[123.01666259765625,44.867549659447235],[122.9974365234375,44.863656305406096]],[[123.09356689453125,44.56112039434717],[123.14300537109375,44.559163415291806]],[[123.34075927734375,44.294367015580036],[123.3544921875,44.288469027276506]],[[123.05511474609375,44.87728189251396],[123.046875,44.88117432492584]],[[122.8985595703125,45.19171574701542],[122.91229248046875,45.19171574701542]],[[122.9095458984375,45.56598679541139],[122.9315185546875,45.57560020947801]],[[122.89306640625,45.656287926364485],[122.89306640625,45.63900747494935]],[[122.69805908203125,45.66588587365462],[122.68157958984375,45.677401238557394]],[[123.19244384765625,45.939690782339994],[123.18695068359375,45.92822950933618]],[[121.81640625,46.052267141590704],[121.83563232421875,46.05607927617888]],[[122.222900390625,46.04654844630619],[122.24761962890625,46.040829158935196]],[[122.74749755859375,47.91818280779199],[122.75848388671875,47.92738566360356]],[[123.4259033203125,48.07807894349861],[123.4149169921875,48.068902930815625]],[[123.81317138671875,41.36031866306709],[123.79119873046875,41.380930388318006]],[[122.23388671875,40.93841495689796],[122.22564697265625,40.94671366508001]],[[117.9656982421875,40.90520969727359],[117.94921875,40.91351257612757]],[[115.2301025390625,40.9259649395143],[115.24658203125,40.932190241465634]],[[113.70574951171875,40.91766362458114],[113.70574951171875,40.907285514728756]],[[113.08502197265625,40.90520969727359],[113.0767822265625,40.91558813293605]]]},"properties":{"kind":"highway","kind_detail":"motorway_link","source":"Protomaps / OpenStreetMap","source_zoom":5},"id":35184414699320},{"type":"Feature","geometry":{"type":"MultiLineString","coordinates":[[[112.32421875,41.042073848901026],[112.56317138671875,41.03378713521863],[112.59613037109375,41.02135510866603],[112.60986328125,40.963307953073524],[112.6593017578125,40.92804010533237],[112.818603515625,40.89067715064627],[113.0877685546875,40.91143695415644]],[[112.32421875,40.98611828780412],[112.4560546875,40.9550113304862],[112.532958984375,40.8865244080599],[112.620849609375,40.857447913031194],[112.8021240234375,40.87406461663042],[112.98065185546875,40.977824533189505],[113.2855224609375,40.96952973563833],[113.4283447265625,40.934265211779405],[113.59588623046875,40.94048973170135],[113.7139892578125,40.91351257612757],[113.7359619140625,40.96123389519332],[113.83209228515625,41.04414536431318],[113.9501953125,41.110399425867314]],[[113.0767822265625,40.90936126702326],[113.12896728515625,40.82835864973049],[113.115234375,40.73268976628569],[113.17840576171875,40.63896734381723],[113.16741943359375,40.52423878069865],[113.08502197265625,40.44067626268239],[113.08502197265625,40.40931350359071],[113.1427001953125,40.37375136672051],[113.2196044921875,40.260664746608455],[113.2745361328125,40.22082997283286],[113.29376220703125,40.16208338164617],[113.40362548828125,40.10118506258701],[113.40911865234375,40.02551125229786]],[[113.3514404296875,40.93011520598304],[113.35693359375,41.0130657870063],[113.29925537109375,41.112468789180895]],[[113.49700927734375,40.81796653313177],[113.42010498046875,40.90520969727359],[113.3514404296875,40.93011520598304],[113.07952880859375,40.91143695415644],[113.060302734375,41.05864414643028],[113.1536865234375,41.112468789180895]],[[113.7139892578125,40.91351257612757],[113.741455078125,40.8865244080599],[114.114990234375,40.76182096906601],[114.180908203125,40.69105162801023],[114.7137451171875,40.74101426921152],[114.9224853515625,40.69938133866614],[115.015869140625,40.63271449655062],[115.1312255859375,40.60769725157613],[115.14495849609375,40.55763465737647]],[[113.609619140625,40.15158756460002],[113.5821533203125,40.15368685779404]],[[113.2855224609375,40.17047886718112],[113.23883056640625,40.08647729380883],[113.18115234375,40.0549499439995],[113.203125,39.996059851694355],[113.2855224609375,39.97080568052772]],[[112.32421875,40.41976938144623],[112.40386962890625,40.46575594018435],[112.44781494140625,40.53885152535466],[112.54669189453125,40.57224011776901],[112.66754150390625,40.651471281440564],[112.83782958984375,40.659805938378526],[112.8900146484375,40.68688638215113],[112.8900146484375,40.709792012434946],[113.0767822265625,40.778461640903544],[113.1976318359375,40.747256962804215],[113.2745361328125,40.77222187732903],[113.3349609375,40.75766014997032],[113.5821533203125,40.83459313808024],[113.71124267578125,40.91351257612757]],[[112.32421875,40.18516846826054],[112.36541748046875,40.164182350374176],[112.3956298828125,40.06546068206555],[112.4285888671875,40.04023218690452],[112.6483154296875,40.03602652981169],[112.80487060546875,40.09067983779909],[112.862548828125,40.16208338164617],[112.950439453125,40.19985488905769],[113.2415771484375,40.24179856487035]],[[112.3956298828125,40.06546068206555],[112.3406982421875,40.019201307686785],[112.37640380859375,39.97080568052772],[112.37091064453125,39.87812720644828],[112.42584228515625,39.80642611729937],[112.42584228515625,39.76632525654492],[112.32421875,39.616267889997005]],[[112.32421875,39.5908738659559],[112.42584228515625,39.62049932196811],[112.5933837890625,39.552765371831015],[112.70050048828125,39.58240712203528],[112.8955078125,39.56123573632482],[113.15093994140625,39.58875727696545],[113.28826904296875,39.55488305992401],[113.40911865234375,39.563353165829284],[113.54644775390625,39.63319206567459],[113.675537109375,39.650112101863726],[113.763427734375,39.61838363831916],[113.818359375,39.56123573632482],[113.83209228515625,39.50615988027491],[113.94195556640625,39.42770738465603],[114.11773681640625,39.425585819514396],[114.20562744140625,39.47224533091449],[114.2578125,39.4743654748612],[114.40338134765625,39.395877126120354],[114.7357177734375,39.31942523123951],[114.9169921875,39.42346418978383],[115.0433349609375,39.434071692537714],[115.17791748046875,39.43195032116864],[115.26031494140625,39.334297429807236],[115.4388427734375,39.30667511534216],[115.55419921875,39.3385460484798],[115.66131591796875,39.33217302364838],[115.8343505859375,39.39375459224348],[116.1859130859375,39.39375459224348]],[[112.4560546875,39.3385460484798],[112.7032470703125,39.334297429807236],[112.81036376953125,39.30667511534216]],[[112.57965087890625,39.3385460484798],[112.5384521484375,39.25777815028337],[112.34344482421875,39.27904189436677]],[[112.32421875,39.249270846223396],[112.34344482421875,39.27904189436677],[112.32421875,39.317300373271024]],[[112.32421875,39.04691915968502],[112.3736572265625,38.99784130750072],[112.45330810546875,39.004244698497246],[112.52471923828125,38.97649248553938],[112.5384521484375,38.94872939211095],[112.6263427734375,38.953001345359894],[113.09600830078125,39.185433170302105],[113.45855712890625,39.24501680713314],[113.66180419921875,39.334297429807236],[113.79913330078125,39.36403233804799],[113.84033203125,39.41709891306772],[113.90350341796875,39.44255653207739]],[[113.61785888671875,39.65434146406167],[113.5546875,39.78321267821704],[113.5491943359375,39.835959162479554],[113.59039306640625,39.93290692296978],[113.543701171875,39.987642831840844],[113.5546875,40.06546068206555],[113.6041259765625,40.11588965267845],[113.61785888671875,40.17467622056341],[113.82110595703125,40.33188951824974],[113.8568115234375,40.4176783358555],[114.07379150390625,40.47411375247884],[114.1094970703125,40.543026009955014],[114.09027099609375,40.636883126464085],[114.1424560546875,40.684803661591275]],[[114.3731689453125,39.808536041445905],[114.14794921875,39.78954439311164],[114.0216064453125,39.82541310342478],[113.88153076171875,39.77054750039528],[113.79638671875,39.808536041445905],[113.5821533203125,39.72620102617506]],[[114.15069580078125,38.858958910448536],[114.10125732421875,38.820451107114735],[114.0765380859375,38.73051855149163],[114.02984619140625,38.68122173079789],[114.04083251953125,38.62545397209084],[113.994140625,38.48154475346391],[114.00787353515625,38.3954915329719],[114.04632568359375,38.36104152859602],[114.0545654296875,38.261906416376576],[114.158935546875,38.186386774115505]],[[115.28228759765625,40.4176783358555],[115.25482177734375,40.38002840251184],[115.25482177734375,40.319325896602095],[115.213623046875,40.29838133090669],[115.30975341796875,40.222927124178],[115.3179931640625,40.14948820651526],[115.40313720703125,40.00868343656941],[115.3948974609375,39.966595744487506]],[[114.5654296875,40.22921818870117],[114.62860107421875,40.168380093142446],[114.66156005859375,40.096983167279575],[114.708251953125,39.90762941952988],[114.7027587890625,39.829631721333726],[114.63958740234375,39.740986355883564],[114.66705322265625,39.601455840969976],[114.6533203125,39.563353165829284],[114.6807861328125,39.51675478434245],[114.65057373046875,39.35341418045877]],[[114.86480712890625,40.60769725157613],[114.7467041015625,40.647303562522495],[114.5050048828125,40.659805938378526],[114.40887451171875,40.6410514961004],[114.12322998046875,40.68896903762433],[113.92547607421875,40.67647212850005],[113.57666015625,40.75349907043139],[113.4942626953125,40.815887914415896]],[[114.93896484375,40.68688638215113],[114.96917724609375,40.726445705514465],[114.92523193359375,40.8138092305696],[114.99664306640625,40.85537053192493],[115.10650634765625,40.85952522899319],[115.13671875,40.91558813293605],[115.18341064453125,40.896905775860006],[115.25482177734375,40.93634011692373],[115.29327392578125,40.977824533189505],[115.30426025390625,41.035858911443],[115.38116455078125,41.07313973329343],[115.3948974609375,41.112468789180895]],[[115.3399658203125,41.050359519318874],[115.38665771484375,41.029643387166374],[115.38665771484375,41.00477542222947],[115.48004150390625,40.91766362458114],[115.5322265625,40.89067715064627],[115.5487060546875,40.903133814658474],[115.5267333984375,40.90105786688403],[115.5377197265625,40.88029480552825],[115.64208984375,40.867833841384936],[115.68603515625,40.78054143186034],[115.7244873046875,40.75766014997032],[115.7244873046875,40.68063802521456],[115.66680908203125,40.60978237983301],[115.64483642578125,40.50753459933617],[115.73272705078125,40.486648520560834],[115.90576171875,40.51797520038852],[115.94146728515625,40.32560799973206],[116.00189208984375,40.25856876391262],[115.982666015625,40.22082997283286],[116.03759765625,40.19146303804064],[116.05133056640625,40.157885249506535],[116.16668701171875,40.16208338164617]],[[115.82611083984375,40.85537053192493],[115.7354736328125,40.87198775669742],[115.675048828125,40.82835864973049]],[[115.982666015625,40.486648520560834],[115.90301513671875,40.50544628405211],[115.7794189453125,40.44276659332215]],[[115.33721923828125,40.45321727150386],[115.2850341796875,40.4176783358555]],[[115.33447265625,40.13479088304851],[115.13671875,40.13479088304851],[115.0927734375,40.075969798703085],[114.89227294921875,39.92658842190943],[114.37591552734375,39.808536041445905]],[[115.39764404296875,39.96449067924024],[115.39215087890625,39.93501296038255],[115.3839111328125,39.95606977009004],[115.3619384765625,39.94975340768178]],[[115.40313720703125,40.00868343656941],[115.3509521484375,39.94343646197419],[115.33721923828125,39.86126309800852],[115.41412353515625,39.80431612840033],[115.39764404296875,39.753656971363085],[115.43060302734375,39.67337039176559],[115.54046630859375,39.59722324495564],[115.5487060546875,39.55488305992401],[115.6365966796875,39.47648555419738],[115.7080078125,39.46164364205549]],[[115.77117919921875,40.44485685896177],[115.69976806640625,40.37165889150609],[115.63385009765625,40.38839687388361],[115.499267578125,40.369566351317616],[115.28228759765625,40.4176783358555],[115.21636962890625,40.449037195237594],[115.1861572265625,40.51797520038852],[114.8675537109375,40.603526799885884]],[[115.97991943359375,40.3570097457756],[116.07330322265625,40.28162100214797],[116.21337890625,40.21873275657035],[116.37542724609375,39.966595744487506]],[[116.180419921875,40.3004760797495],[116.1749267578125,40.243895066997766],[116.19964599609375,40.23760536584024],[116.21063232421875,40.15158756460002],[116.32049560546875,40.019201307686785]],[[116.07330322265625,40.28162100214797],[116.026611328125,40.27743027053822],[115.9661865234375,40.36328834091583],[115.77117919921875,40.32141999593438],[115.62835693359375,40.34445080136368],[115.543212890625,40.426042128264925],[115.33721923828125,40.45321727150386],[115.24932861328125,40.543026009955014],[115.191650390625,40.55972134684839],[115.03509521484375,40.54511315470123],[114.9884033203125,40.48873742102282],[114.8895263671875,40.49082625646807],[114.83734130859375,40.451127265872316]],[[116.08428955078125,39.98974718404568],[115.806884765625,40.01499435375047],[115.5706787109375,39.92237576385941],[115.37841796875,39.97712009843963]],[[116.3507080078125,40.02130468739708],[116.21612548828125,39.99185147142347],[116.202392578125,39.869695670456565],[116.2738037109375,39.77265852521458],[116.36444091796875,39.77476948529548],[116.37542724609375,39.75576851405813],[116.54296875,39.84861229610178],[116.53472900390625,39.93922484079195],[116.5814208984375,39.93922484079195],[116.575927734375,39.98974718404568],[116.61163330078125,40.04233491818053]],[[116.55120849609375,39.93922484079195],[116.4825439453125,40.01078714046551],[116.34796142578125,40.02130468739708]],[[116.5814208984375,40.075969798703085],[116.58416748046875,40.05074519479629],[116.44683837890625,39.95606977009004]],[[116.5814208984375,40.109588074741396],[116.47979736328125,40.11378919157522]],[[116.63360595703125,40.27323927917308],[116.6473388671875,40.310948849734984]],[[117.77069091796875,40.89275342420697],[117.77069091796875,40.93011520598304],[117.7459716796875,40.94048973170135]],[[117.63885498046875,41.112468789180895],[117.79815673828125,41.0689984631062],[117.806396484375,41.01721057822843]],[[117.6470947265625,40.89482963261176],[117.7459716796875,40.94048973170135],[117.77618408203125,41.00892073500489],[117.91351318359375,41.054501963290505],[117.9931640625,41.0565730874647]],[[117.82562255859375,40.884447939035624],[117.718505859375,40.75349907043139],[117.7294921875,40.72436422172271],[117.68280029296875,40.682720875945506],[117.68829345703125,40.64313558331281],[117.861328125,40.44067626268239],[117.9547119140625,40.390488829277956],[117.94921875,40.310948849734984],[118.01513671875,40.17887331434696],[117.9766845703125,40.11378919157522],[117.9766845703125,40.04233491818053],[118.02886962890625,39.94554217535304],[118.0206298828125,39.854937988531276],[118.070068359375,39.778991211238406],[118.070068359375,39.605688178320804],[118.04534912109375,39.53793974517629],[118.09478759765625,39.47648555419738],[118.12774658203125,39.3385460484798],[118.24310302734375,39.25565142103588],[118.37493896484375,39.23650795487106],[118.38592529296875,39.12366825402606],[118.4326171875,39.0725114692236]],[[118.05908203125,41.112468789180895],[118.0535888671875,41.07935114946898]],[[117.960205078125,40.903133814658474],[118.004150390625,40.84706035607121],[118.11676025390625,40.77638178482897],[118.22662353515625,40.79717741518766],[118.4600830078125,40.77222187732903],[118.51226806640625,40.72436422172271],[118.564453125,40.60978237983301],[118.63861083984375,40.57641252104443],[118.71002197265625,40.44276659332215],[118.83087158203125,40.40722213305287],[118.97918701171875,40.41976938144623],[119.05609130859375,40.375843776960124],[119.14947509765625,40.25018418381987],[119.2401123046875,40.19146303804064],[119.27032470703125,40.03392360399664],[119.3994140625,39.93711893299022]],[[117.7130126953125,40.60978237983301],[117.70751953125,40.58058466412763],[117.53997802734375,40.51797520038852],[117.4603271484375,40.4176783358555],[117.388916015625,40.38839687388361],[117.388916015625,40.3004760797495],[117.34222412109375,40.25856876391262],[117.344970703125,40.21244071828647],[117.2515869140625,40.201952689540576],[117.24609375,40.157885249506535],[117.2186279296875,40.14109012528468],[116.99615478515625,40.0633586641633],[116.7626953125,40.029717557833266],[116.6143798828125,40.02130468739708],[116.47979736328125,40.05705222132201]],[[117.8173828125,40.04654018618777],[117.71026611328125,40.12219064672337]],[[117.97119140625,40.09067983779909],[117.79266357421875,40.04023218690452],[117.79541015625,39.97712009843963],[117.7294921875,39.92869465373238],[117.5921630859375,39.903415595134106],[117.5152587890625,39.93501296038255],[117.34771728515625,39.94975340768178]],[[117.96844482421875,40.08857859823706],[118.026123046875,40.08227449035695],[118.10028076171875,40.11168866559595],[118.333740234375,40.09488212232114],[118.45458984375,40.061256581404734],[118.49578857421875,40.02130468739708],[118.80889892578125,40.08227449035695],[119.17144775390625,40.03812939078128],[119.2730712890625,40.06756263511062],[119.37469482421875,40.04864272291729],[119.58892822265625,40.061256581404734],[119.67132568359375,40.01078714046551]],[[117.46307373046875,39.93711893299022],[117.51800537109375,39.681826010893644],[117.56195068359375,39.62261494094295],[117.56744384765625,39.51887357127222],[117.66357421875,39.3385460484798],[117.64984130859375,39.25777815028337]],[[117.3504638671875,39.94975340768178],[117.24334716796875,40.01499435375047],[117.0977783203125,40.019201307686785]],[[117.0977783203125,40.02130468739708],[116.87530517578125,39.98553841480975],[116.806640625,40.00657966783865],[116.69677734375,39.996059851694355]],[[116.78741455078125,39.94133068378693],[116.60888671875,39.90552253972854],[116.4715576171875,39.90762941952988]],[[116.91925048828125,39.48284540453335],[117.11700439453125,39.37252570201878]],[[116.9219970703125,39.54217596171196],[116.92474365234375,39.44255653207739],[116.95770263671875,39.376771996616355],[116.9110107421875,39.202462225882385],[116.9219970703125,39.110882537651776],[116.88079833984375,39.05758374935667],[116.86431884765625,38.88248119755082],[116.883544921875,38.69194132204095]],[[117.39166259765625,39.7240885773337],[117.39990234375,39.81697509048999],[117.34771728515625,39.90130858574736],[117.35870361328125,40.02340800226773],[117.23785400390625,40.075969798703085],[117.1856689453125,40.13269100586689]],[[117.59490966796875,39.47860556892209],[117.82012939453125,39.47860556892209],[117.8887939453125,39.552765371831015],[117.97119140625,39.55488305992401],[118.06182861328125,39.592990390285024]],[[117.45208740234375,39.2407625100131],[117.2406005859375,39.36615577588526],[117.12249755859375,39.38950933076637],[117.07855224609375,39.44043541908485],[116.9989013671875,39.47012512235818],[116.89453125,39.59722324495564],[116.8011474609375,39.6437675734185],[116.54571533203125,39.84228602074339]],[[117.5262451171875,39.142842478062505],[117.46856689453125,39.14710270770075]],[[117.564697265625,39.12153746241924],[117.53448486328125,39.136451650156204],[117.51251220703125,39.20033381963202],[117.454833984375,39.2407625100131]],[[117.5701904296875,39.16201148082405],[117.608642578125,39.1833042481843],[117.828369140625,39.202462225882385],[117.84759521484375,39.1833042481843]],[[117.66357421875,39.1662705500807],[117.64984130859375,39.259904815017535]],[[117.7239990234375,39.30029918615028],[117.70477294921875,39.274789661703096],[117.57293701171875,39.2407625100131],[117.41363525390625,39.225870438221165]],[[117.66632080078125,38.90385833966778],[117.57293701171875,38.96581566018901],[117.344970703125,38.967951154015935]],[[117.73773193359375,39.07464374293252],[117.564697265625,39.11940660636222]],[[117.608642578125,39.06184913429155],[117.421875,39.1023574378176],[117.35595703125,39.155622393423215],[117.24334716796875,39.17904621051264],[117.1527099609375,39.274789661703096],[117.11700439453125,39.37040245787162]],[[117.608642578125,39.03838632847035],[117.33123779296875,39.110882537651776]],[[117.564697265625,39.027718840211605],[117.5701904296875,39.15775215369098]],[[117.56744384765625,39.044786048501436],[117.5372314453125,38.96581566018901]],[[117.54547119140625,38.91668153637508],[117.630615234375,38.86537485161165]],[[117.509765625,38.90385833966778],[117.54547119140625,38.91668153637508],[117.5537109375,39.00211029922514]],[[117.26806640625,38.848264388699135],[117.56195068359375,38.74765730401543]],[[117.103271484375,39.091699613104595],[117.09228515625,39.06184913429155],[117.0098876953125,39.01278165162773],[116.96868896484375,38.92309226598178],[116.93572998046875,38.728375918239806],[116.795654296875,38.58682009612767],[116.80938720703125,38.447135775082444],[116.75994873046875,38.367502153950454],[116.6912841796875,38.11511075571718],[116.5869140625,37.93769926732864],[116.51824951171875,37.740313292102655],[116.39739990234375,37.55111016010861],[116.3726806640625,37.405073750176925],[116.400146484375,37.32212035945177],[116.663818359375,37.00913272027145],[116.76544189453125,36.83127162140714],[116.84783935546875,36.747687731900555],[116.88079833984375,36.6441815868659],[116.861572265625,36.58024660149866]],[[117.18841552734375,39.03411952639283],[117.18017578125,38.946593318933736],[117.213134765625,38.88675714069592],[117.17742919921875,38.848264388699135],[117.1856689453125,38.74123075381229],[117.23785400390625,38.595407199403866],[117.33123779296875,38.434228176245966],[117.3834228515625,38.38903340675904],[117.3779296875,38.25759312039534],[117.44384765625,38.1410373664433],[117.56195068359375,38.06539235133249],[117.61962890625,37.94419750075404],[117.8118896484375,37.72945260537779],[117.8558349609375,37.644684587165884],[117.861328125,37.5728821555562],[117.9052734375,37.51844023887861],[117.8997802734375,37.31993613728423],[117.95745849609375,37.26968150969715],[117.9656982421875,37.19751842118353],[117.97119140625,36.98500309285596],[117.9437255859375,36.780692264862594]],[[117.2845458984375,38.99784130750072],[117.3834228515625,39.03625295963661],[117.43011474609375,39.11940660636222],[117.4273681640625,39.213103289796464],[117.3944091796875,39.26415795094215]],[[117.2845458984375,38.99570671505043],[117.34771728515625,38.967951154015935],[117.4383544921875,38.87392853923629]],[[117.25982666015625,38.96581566018901],[117.2845458984375,38.99784130750072],[117.24884033203125,39.02985246667933]],[[117.2515869140625,39.193948213963665],[117.279052734375,39.219487154239545],[117.3065185546875,39.32155002466661],[117.39166259765625,39.419220736559566],[117.3284912109375,39.616267889997005],[117.388916015625,39.72620102617506]],[[117.1087646484375,39.34916646551957],[117.12249755859375,39.38950933076637]],[[117.07305908203125,39.230125638383925],[116.993408203125,39.22799807055236],[116.9659423828125,39.19607681367171],[116.8121337890625,39.132190775931036],[116.46881103515625,39.07677595221321],[116.24359130859375,39.09383130692365],[116.04583740234375,39.044786048501436],[115.8013916015625,39.04691915968502],[115.7354736328125,39.02558514933796],[115.576171875,39.07037913108752],[115.213623046875,39.07464374293252],[115.03509521484375,39.19607681367171],[114.9444580078125,39.217359263919604],[114.8675537109375,39.18756202793995],[114.79339599609375,39.20033381963202]],[[117.22686767578125,39.19607681367171],[117.3175048828125,39.23863526469435],[117.41363525390625,39.22799807055236]],[[116.92474365234375,39.110882537651776],[117.037353515625,39.078908097064755],[117.10601806640625,39.00637903337454],[117.22137451171875,38.96154447940714],[117.34771728515625,38.967951154015935]],[[116.466064453125,39.07677595221321],[116.455078125,39.23863526469435],[116.4166259765625,39.29817374735302],[116.4276123046875,39.376771996616355],[116.38641357421875,39.406488826849795]],[[116.12274169921875,38.95513722542958],[116.21063232421875,38.946593318933736]],[[116.50177001953125,39.51887357127222],[116.510009765625,39.41497702499075],[116.5704345703125,39.32792401769029],[116.663818359375,39.30242456041486],[116.96868896484375,39.274789661703096],[117.19940185546875,39.34279440895236],[117.586669921875,39.34279440895236],[117.8668212890625,39.28116791391463],[117.91900634765625,39.213103289796464]],[[116.50177001953125,39.520992293571965],[116.5484619140625,39.55064761909318],[116.62261962890625,39.546411919686705]],[[116.5484619140625,39.55064761909318],[116.47979736328125,39.576056385186035],[116.2847900390625,39.56970506644248],[116.22711181640625,39.544293973019904],[116.180419921875,39.557000683371285]],[[116.55120849609375,39.55064761909318],[116.63360595703125,39.64165260123417],[116.67755126953125,39.65645604812829],[116.86431884765625,39.54852980171148],[116.91925048828125,39.48496522541802]],[[116.67755126953125,39.65645604812829],[116.9000244140625,39.78321267821704],[116.91650390625,39.829631721333726],[117.09503173828125,39.92658842190943],[117.1087646484375,39.96238554917605],[117.0758056640625,40.08647729380883]],[[116.67755126953125,39.65857056750545],[116.4715576171875,39.84228602074339]],[[116.67755126953125,39.83806818000002],[116.7022705078125,39.87601941962117],[116.70501708984375,39.983433932953204],[116.619873046875,40.08647729380883],[116.60888671875,40.14109012528468],[116.3067626953125,40.17467622056341],[116.17767333984375,40.164182350374176],[116.0870361328125,39.993955693973305],[116.1474609375,39.89498716884208],[116.1090087890625,39.835959162479554],[116.0980224609375,39.700847368881]],[[116.68304443359375,39.8465036024177],[116.56494140625,39.74943369178246],[116.2957763671875,39.690280594818034],[116.0980224609375,39.6987341434814]],[[116.42486572265625,39.7811019770987],[116.50177001953125,39.520992293571965],[116.49078369140625,39.493443862795374],[116.34796142578125,39.39163199379183],[116.1859130859375,39.39163199379183]],[[116.38092041015625,39.75576851405813],[116.3616943359375,39.681826010893644],[116.40289306640625,39.52946653645165]],[[116.2628173828125,39.78954439311164],[116.19415283203125,39.76632525654492],[116.19964599609375,39.69450749856091],[116.1749267578125,39.65645604812829],[116.1968994140625,39.4361929993141],[116.1529541015625,39.26415795094215],[115.9552001953125,39.12366825402606],[115.95794677734375,39.04051963289308]],[[116.32049560546875,39.533703270087045],[116.3397216796875,39.84861229610178]],[[115.7080078125,39.45952311046514],[115.82611083984375,39.39163199379183]],[[115.79864501953125,39.17265867042994],[115.938720703125,39.189690821096775],[116.02386474609375,39.1662705500807],[116.21612548828125,39.1662705500807],[116.378173828125,39.208847057702286],[116.531982421875,39.19181954977171],[116.57867431640625,39.1662705500807]],[[115.69427490234375,39.02558514933796],[115.81512451171875,39.215231309104894],[115.8673095703125,39.24288969082636],[116.0101318359375,39.425585819514396],[116.0321044921875,39.465884511420455],[116.0321044921875,39.571822237343724],[116.07330322265625,39.616267889997005],[116.1090087890625,39.73465017434185],[116.19140625,39.78743388622442],[116.20513916015625,39.84017713275492],[116.30401611328125,39.8844501782344]],[[115.6915283203125,39.02558514933796],[115.521240234375,38.77764022307335],[115.3289794921875,38.79048618862274],[115.2410888671875,38.82259097617711],[115.13946533203125,38.809750797238365],[114.77142333984375,38.88675714069592],[114.5928955078125,38.843986129756644],[114.4390869140625,38.83970761354513],[114.22760009765625,38.87606680031536],[114.15618896484375,38.86109762182889],[114.0380859375,38.87392853923629],[113.79913330078125,38.95727304112802],[113.73870849609375,38.918818510598044],[113.68927001953125,38.7840634951429],[113.587646484375,38.74765730401543],[113.49700927734375,38.67907761983557],[113.33221435546875,38.661922419754376],[113.28277587890625,38.69194132204095],[113.23883056640625,38.68765367826171],[113.18115234375,38.664067044569435],[113.0987548828125,38.57823196583314],[112.91473388671875,38.490144432857534],[112.6922607421875,38.52668162061619]],[[115.43060302734375,39.07037913108752],[115.5487060546875,39.13858199058353],[115.6256103515625,39.36403233804799],[115.7080078125,39.45952311046514],[115.74371337890625,39.546411919686705],[115.88104248046875,39.62049932196811],[115.9771728515625,39.624730495242886],[116.03485107421875,39.67759833072648],[116.02935791015625,39.751545363937595],[116.09527587890625,39.76843641083843]],[[115.86456298828125,38.57608477279612],[115.982666015625,38.55890491799818],[116.49078369140625,38.281313079229676],[116.4715576171875,38.28993659801202]],[[115.86456298828125,38.57823196583314],[115.9552001953125,38.62974534092598],[116.0595703125,38.779781378049194],[116.19964599609375,38.89103282648847],[116.27655029296875,39.11514470090148],[116.29302978515625,39.23225314171489],[116.26556396484375,39.4361929993141],[116.3177490234375,39.55488305992401]],[[115.4498291015625,37.72945260537779],[115.2520751953125,37.81629348024509],[114.949951171875,37.83364941345965],[114.85107421875,37.90519948231571],[114.71923828125,37.94419750075404]],[[115.4718017578125,37.72728027686003],[115.6036376953125,37.72293542866174]],[[115.4937744140625,37.72728027686003],[115.4718017578125,37.72945260537779]],[[115.697021484375,37.790251927933284],[115.68603515625,38.030785693822935],[115.63385009765625,38.11943249695315],[115.64208984375,38.19286295796692],[115.740966796875,38.42992513040937],[115.86456298828125,38.57823196583314],[115.521240234375,38.77764022307335]],[[115.76568603515625,37.74465712069939],[116.21612548828125,37.52279705525959],[116.42486572265625,37.47485808497102],[116.54571533203125,37.47485808497102],[116.71051025390625,37.55546506818696],[116.8231201171875,37.57070524233116],[116.8890380859375,37.61205571141282],[117.02911376953125,37.63380988687156],[117.125244140625,37.67512527892127],[117.40814208984375,37.70120736474139],[117.6800537109375,37.688167468408025],[117.8668212890625,37.740313292102655],[118.157958984375,37.73814128221038],[118.52325439453125,37.694687703235914],[118.597412109375,37.61640705577993],[118.6029052734375,37.55981972178118],[118.58642578125,37.23470197166817],[118.5479736328125,37.17126017626407],[118.531494140625,37.05736900011469],[118.5369873046875,36.77409249464195],[118.59466552734375,36.67062193440137],[118.6358642578125,36.38149043210595],[118.71551513671875,36.28192129773193],[118.72650146484375,35.97133794592999],[118.66607666015625,35.78885488168885],[118.6962890625,35.6929946320988],[118.63861083984375,35.49198366469642],[118.6029052734375,35.12215510643696],[118.7347412109375,34.98050244536519],[118.7347412109375,34.92197103616377],[118.77044677734375,34.88818391007524],[119.17144775390625,34.73935551813358],[119.234619140625,34.58347505599177],[119.2291259765625,34.54049998801135]],[[115.79864501953125,37.72510788462094],[115.77667236328125,37.65120864327176],[115.6201171875,37.46613860234406],[115.4718017578125,37.14499280340635],[115.35369873046875,37.01790523173091],[115.31524658203125,36.93891618281859],[115.235595703125,36.87522650673951],[115.19439697265625,36.730079507078415],[115.12847900390625,36.61111838494165],[115.0872802734375,36.43012234551577],[115.081787109375,36.32176422120382],[115.1531982421875,36.17335693522159],[115.12847900390625,36.08018188118015],[114.93896484375,35.78885488168885],[114.9005126953125,35.63497665067729],[114.7247314453125,35.49869215916574],[114.63134765625,35.32408937278183],[114.57916259765625,35.074964853989556],[114.51324462890625,34.94223663784119],[114.488525390625,34.664840578219284]],[[116.279296875,38.75622513783907],[116.28753662109375,38.809750797238365],[116.38092041015625,38.869651824083576],[116.45233154296875,38.967951154015935],[116.444091796875,39.01918369029136],[116.46881103515625,39.07677595221321]],[[116.73797607421875,38.44498466889473],[116.50726318359375,38.427773511329036],[116.46881103515625,38.399796630000935],[116.32049560546875,38.43207668538207],[116.16119384765625,38.36534867623902],[115.80963134765625,38.352426464461445],[115.6365966796875,38.40410147066251],[115.4168701171875,38.41701445435203],[115.367431640625,38.46219172306829],[115.235595703125,38.47509432050245],[115.0323486328125,38.595407199403866],[114.884033203125,38.59111377614744],[114.664306640625,38.724090458956965],[114.64508056640625,38.76479194327965],[114.65057373046875,38.97008658346542],[114.686279296875,39.0533181067413],[114.79339599609375,39.185433170302105],[114.7357177734375,39.31942523123951]],[[118.0975341796875,37.51844023887861],[117.982177734375,37.50101042949328],[117.8009033203125,37.413800350662896],[117.7349853515625,37.42034463389753],[117.56744384765625,37.36579146999664],[117.45758056640625,37.239075302021845],[117.13348388671875,37.02886944696475],[117.06207275390625,36.94989178681327]],[[118.0975341796875,37.5206186788693],[118.18267822265625,37.57505900514997],[118.2733154296875,37.583765767186236],[118.39141845703125,37.642509774448754],[118.5205078125,37.64685933620959],[118.71551513671875,37.81629348024509],[118.78143310546875,37.924701076802094],[118.86383056640625,37.9810099689379],[118.89404296875,38.05241677186484],[118.88031005859375,38.01564013749379]],[[117.94647216796875,36.78509179597694],[117.9437255859375,36.80268739459133]],[[118.02886962890625,36.608913667193676],[118.1304931640625,36.569217971443635],[118.19915771484375,36.59347887826918],[118.42437744140625,36.58906837139911],[118.48480224609375,36.55377524336089],[118.63311767578125,36.53391577198654]],[[117.388916015625,36.608913667193676],[117.3504638671875,36.71026542647846],[117.29827880859375,36.771892444961026],[117.11151123046875,36.84226271217676],[116.9219970703125,36.840064620377674],[116.66107177734375,36.87302936279296],[116.5704345703125,36.85984517196147],[116.2298583984375,36.91696023183306],[116.0211181640625,37.004746084814784],[115.8563232421875,37.02229110771148],[115.77117919921875,37.079284451973024],[115.55694580078125,37.14061402065653],[115.27679443359375,37.38543518262722],[115.323486328125,37.44869658591038],[115.433349609375,37.49011473195047],[115.44708251953125,37.592471511019085],[115.4278564453125,37.66208079655377],[115.47454833984375,37.75768707689704],[115.62835693359375,37.8054439493427],[115.697021484375,37.790251927933284],[115.8013916015625,37.72510788462094]],[[117.3834228515625,36.64197781470594],[117.50152587890625,36.617732160005914],[117.66082763671875,36.6640126988417],[117.75970458984375,36.62214102821768],[117.86407470703125,36.626549644284324],[117.92449951171875,36.595684037179055],[118.02886962890625,36.608913667193676],[118.11126708984375,36.67282488678656],[118.15521240234375,36.80268739459133],[118.1689453125,36.98280911070616],[118.25958251953125,37.127476151584446],[118.24310302734375,37.21283151445594],[118.18267822265625,37.24126187205381],[118.125,37.32867264506217],[118.08929443359375,37.44215478101228],[118.0975341796875,37.5206186788693],[118.04534912109375,37.59029517052193],[118.048095703125,37.644684587165884],[117.982177734375,37.82714141683739],[117.8338623046875,37.96368875328558],[117.79541015625,38.14319750166766],[117.806396484375,38.20797181420937],[117.685546875,38.261906416376576],[117.6690673828125,38.38903340675904],[117.5921630859375,38.47079371120378],[117.5701904296875,38.56749535882733],[117.53448486328125,38.61687046392973],[117.564697265625,38.7540832757914],[117.70477294921875,38.942320979479035],[117.74871826171875,39.09809450124908],[117.84759521484375,39.1833042481843],[118.0810546875,39.22799807055236],[118.20465087890625,39.31092541212715],[118.49029541015625,39.336421771418],[118.88031005859375,39.32792401769029],[118.9599609375,39.378895047064844],[119.04510498046875,39.493443862795374],[119.1082763671875,39.53158493558715],[119.1192626953125,39.586640623314594],[119.20989990234375,39.63319206567459],[119.267578125,39.79376521264885],[119.33074951171875,39.829631721333726],[119.3719482421875,39.89077256695953]],[[117.10052490234375,36.75428977478731],[117.06207275390625,36.79389010047562],[117.07305908203125,36.91915611148194],[117.02362060546875,37.09243068328347],[117.0428466796875,37.19533058280065],[117.07855224609375,37.24126187205381],[117.0867919921875,37.38107035775657],[117.1087646484375,37.42034463389753],[117.0977783203125,37.93120045933371],[117.03460693359375,38.02862223458797],[117.0263671875,38.1129497891896],[116.96868896484375,38.2036553180715],[116.99615478515625,38.24896576024463],[116.97967529296875,38.34596449365381],[116.71051025390625,38.46649284538944],[116.56219482421875,38.68979753227171],[116.5045166015625,38.88675714069592],[116.56494140625,39.01918369029136],[116.60064697265625,39.317300373271024]],[[117.29827880859375,36.771892444961026],[117.3175048828125,36.78949107451841],[117.3065185546875,36.92574337104496],[117.34222412109375,37.004746084814784],[117.39715576171875,37.048601046408976],[117.5592041015625,37.07709319175443],[117.65533447265625,37.19314268101435]],[[116.94122314453125,36.840064620377674],[116.7462158203125,36.73448194195683],[116.400146484375,36.62875385775956],[116.158447265625,36.50963615733049],[115.8673095703125,36.463263012391266],[115.3399658203125,36.53391577198654],[115.28228759765625,36.56480607840351],[115.07904052734375,36.595684037179055],[114.67254638671875,36.61332303966067]],[[116.86431884765625,36.71687068791303],[117.0208740234375,36.71687068791303],[117.0758056640625,36.74988847598358],[117.2021484375,36.76969233214548]],[[116.4056396484375,37.31338308990806],[116.33148193359375,37.30682947124943],[116.1859130859375,37.35705927979369],[116.026611328125,37.330856613297144]],[[116.29302978515625,37.38979975341982],[116.37542724609375,37.37670527881838]],[[116.3397216796875,37.32648861334205],[116.3067626953125,37.274052809979054],[116.29302978515625,37.13842453422676],[116.312255859375,37.105574634377874],[116.3177490234375,36.83786646539974],[116.35345458984375,36.76089124956562],[116.33697509765625,36.58906837139911]],[[115.81512451171875,37.71859032558815],[116.026611328125,37.7967631768216],[116.5704345703125,37.82497195707114],[116.9659423828125,37.93986540897977],[117.0867919921875,37.94419750075404],[117.301025390625,37.996162679728116]],[[115.433349609375,37.49011473195047],[115.6201171875,37.46613860234406]],[[113.9117431640625,36.63536611993544],[113.8458251953125,36.56701205642341],[113.8623046875,36.48314061639212],[113.8458251953125,36.41907231092499]],[[114.312744140625,37.035447216523636],[114.35394287109375,37.13842453422676],[114.7467041015625,37.239075302021845],[114.92523193359375,37.23032838760386],[115.11749267578125,37.29809042443851],[115.20263671875,37.36579146999664],[115.27679443359375,37.38543518262722]],[[114.57366943359375,37.00913272027145],[114.80712890625,36.96525497589677],[115.213623046875,36.97842095659726],[115.70526123046875,36.87962060502676],[116.10626220703125,36.87302936279296],[116.1859130859375,36.93013456125328]],[[114.21112060546875,37.59900015064849],[114.30450439453125,37.642509774448754],[114.69451904296875,37.64033489805948],[114.82635498046875,37.69903420794415],[114.8675537109375,37.76637243960178],[114.94720458984375,37.82931081282506]],[[115.27679443359375,37.38761749978394],[115.17242431640625,37.5206186788693],[115.04058837890625,37.58158917213052],[114.85382080078125,37.740313292102655],[114.7137451171875,37.82280243352757]],[[114.71649169921875,37.82063284620786],[114.4171142578125,37.94852933714952]],[[114.74395751953125,38.04160203158017],[115.059814453125,38.05241677186484],[115.3729248046875,37.996162679728116],[115.86456298828125,37.983174833513374],[116.08154296875,38.069717033204824],[116.21063232421875,38.16695476786987],[116.4990234375,38.27915703945834],[116.773681640625,38.26837588020473],[116.87255859375,38.23170796744927],[117.103271484375,38.246808760174474],[117.25982666015625,38.30071455572195],[117.46307373046875,38.31795595794452],[117.70477294921875,38.27484476783283],[117.67181396484375,38.283469054971846]],[[114.6368408203125,38.21012996629426],[114.67254638671875,38.2964035647484],[114.862060546875,38.436379603000006],[114.98291015625,38.460041065720446],[115.07354736328125,38.56749535882733],[115.15045166015625,38.595407199403866],[115.3289794921875,38.728375918239806],[115.46356201171875,38.73908844187687],[115.51849365234375,38.77764022307335]],[[114.7576904296875,38.358887858666776],[114.7796630859375,38.04809106745722],[114.7412109375,37.93553306183642],[114.7467041015625,37.85750715625203],[114.6807861328125,37.79893346559686],[114.63409423828125,37.688167468408025],[114.64508056640625,37.5249753680482],[114.5928955078125,37.35269280367274],[114.57366943359375,37.00913272027145],[114.54345703125,36.89939091854292],[114.54620361328125,36.58024660149866],[114.43634033203125,36.42570252039198],[114.3896484375,36.27527883184338],[114.42535400390625,36.084621296069315],[114.41436767578125,35.9913409606354],[114.30450439453125,35.713067954913896],[114.158935546875,35.56127775438456],[114.12872314453125,35.512107467477975],[114.136962890625,35.45843279102631],[114.07928466796875,35.37337460834958],[114.00238037109375,35.333052561265134]],[[113.9776611328125,38.380421674606794],[114.005126953125,38.40194908237822]],[[114.36492919921875,38.121593271659236],[114.3017578125,38.17991001446117]],[[114.32647705078125,38.05674222065295],[114.41436767578125,37.94852933714952]],[[114.44732666015625,37.950695159577165],[114.3292236328125,37.93553306183642],[114.23309326171875,37.95719224376526],[114.17266845703125,37.9853396342224],[114.1644287109375,38.030785693822935],[114.0655517578125,38.09782123329512],[114.06005859375,38.123753982422414]],[[114.4775390625,37.93336679250439],[114.41436767578125,37.907366581454966],[114.31549072265625,37.80327385185865],[114.2962646484375,37.52715361723378],[114.3182373046875,37.34395908944491],[114.29901123046875,37.2456348218214],[114.23583984375,37.15374960842942],[114.2578125,37.10119357072203],[114.1644287109375,36.90378362619562],[114.10400390625,36.87522650673951],[114.03533935546875,36.7586908210984],[113.94744873046875,36.71246724338626],[113.91448974609375,36.63536611993544]],[[114.58465576171875,37.89219554724437],[114.6038818359375,37.72076290898373],[114.6368408203125,37.677299136404244]],[[114.17266845703125,37.9853396342224],[114.1534423828125,37.96368875328558],[114.169921875,37.918201119766636],[114.312744140625,37.79242240798858]],[[114.1754150390625,37.983174833513374],[114.3402099609375,38.061067413812026],[114.3731689453125,38.14319750166766],[114.4500732421875,38.195021557955755],[114.46929931640625,38.42562182814217],[114.532470703125,38.515937313413474],[114.6038818359375,38.56105262446977],[114.72747802734375,38.580379094685924],[114.8455810546875,38.69194132204095],[114.91424560546875,38.71123253895223],[114.96368408203125,38.773357720269075],[115.01312255859375,38.781922468739396],[115.02960205078125,38.824730780932754],[115.2301025390625,38.940184713203564],[115.27679443359375,39.00211029922514],[115.400390625,39.027718840211605],[115.433349609375,39.0725114692236]],[[113.6865234375,37.78156937014927],[113.71124267578125,37.690340943717715],[113.76617431640625,37.62510898062149],[113.77716064453125,37.52279705525959],[113.719482421875,37.46831856835604],[113.6590576171875,37.34395908944491],[113.5601806640625,37.29590550406617],[113.39263916015625,37.105574634377874],[113.389892578125,37.07490186820611],[113.5491943359375,36.94769679250733],[113.4173583984375,36.780692264862594],[113.411865234375,36.721273880045004],[113.45855712890625,36.68163606561521],[113.433837890625,36.66180949419196],[113.43658447265625,36.58906837139911],[113.4063720703125,36.53612263184685]],[[113.3624267578125,37.86401247373357],[113.389892578125,38.05025395161289],[113.31298828125,38.09998264736481],[113.05755615234375,38.106466505982866],[113.00811767578125,38.05674222065295],[112.90924072265625,38.03943889182176],[112.82135009765625,38.05674222065295],[112.66204833984375,38.00481996641318],[112.6153564453125,38.01780398006113]],[[113.37890625,38.06322991452768],[113.50799560546875,38.05025395161289],[113.56842041015625,38.0091482264894],[113.7744140625,38.06755472422526],[113.917236328125,38.05457952821192],[113.9337158203125,38.123753982422414],[114.0325927734375,38.1129497891896],[114.158935546875,38.184227918207256],[114.3017578125,38.17991001446117],[114.43359375,38.2209197668312],[114.69451904296875,38.2036553180715],[114.78790283203125,38.173432679035386],[114.92523193359375,38.21228805438818],[115.06805419921875,38.21444607849],[115.2410888671875,38.2964035647484],[115.29052734375,38.354580326598324],[115.49102783203125,38.399796630000935],[115.51300048828125,38.52668162061619],[115.58441162109375,38.56964280859043],[115.61187744140625,38.63403645291922],[115.72174072265625,38.724090458956965],[115.91949462890625,38.743373001481245],[116.02386474609375,38.781922468739396],[116.17218017578125,38.77549900381297],[116.23809814453125,38.74979935887856],[116.96868896484375,38.781922468739396],[117.21588134765625,38.820451107114735],[117.2955322265625,38.869651824083576],[117.31201171875,38.910270227594424],[117.53448486328125,38.96581566018901]],[[113.411865234375,38.664067044569435],[113.38165283203125,38.63189092902837],[113.4283447265625,38.468643310360505],[113.40087890625,38.40840605494759],[113.345947265625,38.376115424036044],[113.34869384765625,38.259749800394786],[113.48602294921875,38.13239618602293],[113.50250244140625,38.069717033204824],[113.565673828125,38.02862223458797],[113.60687255859375,37.94203148678865],[113.642578125,37.92036783594351],[113.68377685546875,37.78156937014927]],[[112.32421875,38.48154475346391],[112.379150390625,38.52023522875919],[112.47528076171875,38.50734071290347],[112.5384521484375,38.57179019417367],[112.64556884765625,38.56749535882733],[112.6922607421875,38.52883028958766]],[[112.72796630859375,38.28562496668374],[112.884521484375,38.36965556758702],[112.89825439453125,38.48799460921481]],[[112.3736572265625,38.158316657442015],[112.5,38.13023573104303],[112.708740234375,38.186386774115505],[112.796630859375,38.14535757293734],[112.82958984375,38.078365629967124],[112.90924072265625,38.03943889182176],[112.88726806640625,37.97668004819228],[112.8076171875,37.907366581454966],[112.818603515625,37.692514355327404],[112.74993896484375,37.57070524233116],[112.70050048828125,37.531509924790825],[112.3956298828125,37.457418102629376],[112.32421875,37.41816326969145]],[[112.54669189453125,38.02862223458797],[112.4835205078125,38.07620357665235],[112.48626708984375,38.10214399750345],[112.39288330078125,38.15615696992492],[112.3516845703125,38.16479533621134],[112.32696533203125,38.1345565770541]],[[112.61260986328125,38.01564013749379],[112.54669189453125,38.02862223458797],[112.48626708984375,38.0091482264894],[112.4615478515625,37.96152331396614],[112.4725341796875,37.74900069437069],[112.7801513671875,37.76637243960178],[112.8515625,37.790251927933284],[112.88177490234375,37.85750715625203],[112.9339599609375,37.86618078529668],[112.96417236328125,37.90086509257006],[113.016357421875,37.89002800137122],[113.082275390625,37.91386749592374],[113.1646728515625,37.87268533717655],[113.45306396484375,37.85750715625203],[113.4722900390625,37.82063284620786],[113.56292724609375,37.76854362092148],[113.7469482421875,37.78156937014927],[113.84857177734375,37.84015683604136],[113.92547607421875,37.93769926732864],[113.99688720703125,37.978845040497134],[114.1534423828125,37.97018468810549]],[[112.32421875,37.91603433975962],[112.4615478515625,37.88786039168386]],[[112.642822265625,37.77071473849608],[112.60986328125,37.82063284620786],[112.58514404296875,37.98750437106375],[112.7142333984375,38.1345565770541],[112.7471923828125,38.23170796744927],[112.67578125,38.41055825094608],[112.6922607421875,38.52883028958766],[112.74444580078125,38.5997003658882],[112.7471923828125,38.745515184882635],[112.7032470703125,38.854681294715164],[112.708740234375,38.910270227594424],[112.774658203125,39.0831721934762],[112.796630859375,39.09383130692365],[112.77191162109375,39.20459056764486],[112.91748046875,39.51887357127222],[113.2525634765625,39.89077256695953],[113.30474853515625,40.012890779526145],[114.02435302734375,40.04233491818053],[114.12872314453125,40.069664523297774],[114.23583984375,40.13899044275823],[114.41436767578125,40.15578608609647],[114.6038818359375,40.25228042623786],[114.6478271484375,40.30257076364478],[114.77142333984375,40.346544121180045],[114.82635498046875,40.41558722527381],[114.83184814453125,40.54093880017257],[114.8675537109375,40.58475654701272],[114.8675537109375,40.62646106367356],[114.80438232421875,40.67438908251788],[114.7906494140625,40.720201058841496],[114.8126220703125,40.78470081841746],[114.7357177734375,40.907285514728756],[114.7247314453125,40.94463908579306],[114.75494384765625,40.9964840143779],[114.7027587890625,41.112468789180895]],[[112.5714111328125,37.65773212628271],[112.62359619140625,37.59029517052193],[112.7581787109375,37.51626173528878],[112.82684326171875,37.44215478101228],[112.82958984375,37.38761749978394],[112.88177490234375,37.32867264506217],[112.8900146484375,37.274052809979054],[112.94769287109375,37.21939331752985],[112.9339599609375,37.10119357072203]],[[112.32421875,37.627284302680124],[112.4505615234375,37.694687703235914],[112.4725341796875,37.74900069437069]],[[112.93670654296875,37.10119357072203],[112.9559326171875,37.07709319175443],[112.928466796875,37.01790523173091],[112.9339599609375,36.96525497589677],[112.87628173828125,36.83786646539974],[112.88726806640625,36.74988847598358],[112.939453125,36.677230602346214],[112.92572021484375,36.47651531482943],[112.9888916015625,36.32397712011263],[112.9833984375,36.239842802224274],[113.04107666015625,36.14231087352999],[113.03558349609375,35.96911507577482],[112.95318603515625,35.815585973753585],[112.96417236328125,35.64836915737426],[112.928466796875,35.51434313431818],[112.87628173828125,35.460669951495305],[112.57415771484375,35.48527461007852],[112.52471923828125,35.51881428123059],[112.379150390625,35.53893136033349],[112.32421875,35.619349222857494]],[[112.3297119140625,37.08585785263672],[112.43408203125,37.070519031125826],[112.5,37.105574634377874],[112.56317138671875,37.10776507118514],[112.68402099609375,37.05956083025126],[112.81585693359375,37.114336001507866],[113.038330078125,37.09023980307208],[113.126220703125,37.116526184911194],[113.411865234375,37.10338413422305],[113.6810302734375,37.125286284966805],[113.77716064453125,37.10119357072203],[113.85406494140625,37.155938651244625],[113.90350341796875,37.10776507118514],[113.94195556640625,37.11871630496013],[114.2303466796875,37.068327517596586],[114.4171142578125,36.971838250931654],[114.5709228515625,37.00035919622158]],[[112.99163818359375,36.29077703961916],[113.05755615234375,36.33725319397006],[113.22784423828125,36.359374956015856],[113.2745361328125,36.45000844447081],[113.39263916015625,36.53391577198654],[113.62335205078125,36.5184659896759],[113.6810302734375,36.55598153635694]],[[112.32421875,36.18665862660454],[112.4505615234375,36.2243344853143],[112.47802734375,36.25313319699069],[112.6483154296875,36.2265501474709],[112.8680419921875,36.24205802497114],[112.99163818359375,36.28856319836237]],[[112.32421875,35.72198780932871],[112.3956298828125,35.73536571865023],[112.5054931640625,35.706377408871774],[112.6373291015625,35.70860765328551],[112.7252197265625,35.730906665200536],[113.01361083984375,35.706377408871774],[113.22235107421875,35.75542836925963],[113.44482421875,35.74205383068036],[113.54095458984375,35.681840602444524],[113.62060546875,35.67960960936858],[113.63433837890625,35.71752800693265],[113.61785888671875,35.70191673285339],[113.63433837890625,35.67737855391475],[113.6700439453125,35.71529801212529],[113.68377685546875,35.67737855391475],[113.65631103515625,35.63720889099896],[113.68927001953125,35.612650818756705],[113.71124267578125,35.49869215916574],[113.7799072265625,35.37113502280101]],[[112.7801513671875,35.48080159582862],[112.81036376953125,35.60371874069732],[112.95867919921875,35.64390523787732]],[[112.90374755859375,35.48080159582862],[112.99163818359375,35.47409160773029],[113.04656982421875,35.40248356426936],[113.12347412109375,35.357696204467516],[113.10150146484375,35.281500657891186],[113.126220703125,35.24786215739992]],[[113.62335205078125,35.713067954913896],[113.63983154296875,35.70414710206052],[113.6260986328125,35.71529801212529]],[[113.8128662109375,35.746512259918504],[113.8018798828125,35.97133794592999],[113.92547607421875,36.04021586880111],[113.89801025390625,36.13565654678543],[113.82110595703125,36.19774164407363],[113.8348388671875,36.24870331653197],[113.8128662109375,36.30184530368432],[113.8787841796875,36.35273908735874],[113.85955810546875,36.403599620732535]],[[113.2745361328125,36.184441834883],[113.30474853515625,36.17113976708937],[113.5986328125,36.20882309283712],[113.67279052734375,36.25313319699069],[113.829345703125,36.24205802497114]],[[113.22784423828125,36.359374956015856],[113.31024169921875,36.31955125946119],[113.2525634765625,36.11569018065339],[113.10699462890625,36.0157822032581],[113.038330078125,36.01133890448607]],[[113.236083984375,36.38149043210595],[113.24432373046875,36.39917828607652]],[[113.26080322265625,36.43012234551577],[113.26629638671875,36.467680698273455],[113.31573486328125,36.46547188679814]],[[113.35418701171875,36.49197347059368],[113.17840576171875,36.49638952000399],[113.04107666015625,36.569217971443635],[112.76641845703125,36.61332303966067],[112.62359619140625,36.61111838494165],[112.56866455078125,36.57142382346278],[112.32421875,36.558187766360675],[112.34344482421875,36.56260003738545]],[[113.5546875,36.5184659896759],[113.521728515625,36.52067329034796]],[[114.180908203125,36.10237644873645],[114.22210693359375,36.17779108329074],[114.32647705078125,36.20217441183449],[114.400634765625,36.19330862531989]],[[114.32098388671875,36.58465761247169],[114.35943603515625,36.45000844447081],[114.5489501953125,36.4212824436495],[114.5928955078125,36.436751611390264],[114.69451904296875,36.58024660149866],[114.62860107421875,36.68383870263706],[114.45281982421875,36.70586160338115],[114.37591552734375,36.66180949419196],[114.32098388671875,36.58465761247169],[114.06829833984375,36.56480607840351],[113.9776611328125,36.61993662562922],[113.81561279296875,36.6441815868659],[113.75518798828125,36.56701205642341],[113.70849609375,36.578041001498704],[113.58489990234375,36.51625862603662]],[[115.09552001953125,36.04465753921525],[114.97467041015625,36.01800375871416],[114.620361328125,36.05354012833976],[114.488525390625,36.02466804934359],[114.3292236328125,36.03133177633187],[114.180908203125,36.10237644873645],[114.093017578125,36.10681461011845],[114.02435302734375,36.06908224732973],[113.89251708984375,36.04687828046171]],[[114.708251953125,36.03799493963656],[114.68353271484375,35.80222155213377],[114.70550537109375,35.71083783530008],[114.642333984375,35.67737855391475],[114.61761474609375,35.505400093441324],[114.28802490234375,35.20298910562886],[114.21112060546875,35.0906979730151],[114.17816162109375,34.97825201019258],[114.1259765625,34.899447830057255],[114.11773681640625,34.610605760914666],[114.05181884765625,34.51787261401661],[114.04632568359375,34.44995361537076]],[[114.97467041015625,35.82672127366604],[115.36468505859375,35.77771427205079],[115.4718017578125,35.7866268846701],[115.8013916015625,35.92464453144099],[115.9112548828125,35.833401703805094],[115.99639892578125,35.820040281161],[116.11175537109375,35.84676087681139],[116.4990234375,35.864569607449624],[117.3175048828125,35.80222155213377],[117.69378662109375,35.83117495624653]],[[115.2960205078125,35.668453708353425],[115.10101318359375,35.60818490437747],[114.89501953125,35.62604706595698]],[[114.708251953125,35.47856499535729],[114.4830322265625,35.47632833265729],[114.356689453125,35.438295547396706],[114.093017578125,35.429344044107154]],[[114.26055908203125,35.668453708353425],[114.01611328125,35.666222341034796],[113.90625,35.737595151747826],[113.785400390625,35.75319943557031],[113.68927001953125,35.69968630125203]],[[114.4061279296875,35.730906665200536],[114.3896484375,35.67068501330236],[114.24407958984375,35.507635947037855]],[[114.3182373046875,35.75097043944926],[114.39239501953125,35.730906665200536],[114.7137451171875,35.73536571865023],[114.93896484375,35.78885488168885]],[[114.41436767578125,35.097439809364204],[113.741455078125,35.12215510643696],[113.6810302734375,35.16482750605027],[113.5546875,35.19401151791166],[113.51898193359375,35.22991591449646]],[[114.89776611328125,34.908457853981375],[114.90875244140625,34.849875031954184],[114.87579345703125,34.78899484825182],[114.89501953125,34.72129745316465],[114.84832763671875,34.66032236481891],[114.8565673828125,34.54954921593402],[114.83184814453125,34.511083202999714],[114.80987548828125,34.332096438353915],[114.82086181640625,34.18226973974575],[114.9114990234375,34.10043369975709],[114.906005859375,33.970697997361626]],[[115.06805419921875,34.619647359797185],[114.708251953125,34.60382391547705],[114.312744140625,34.719039917647876],[114.08203125,34.698719324532306],[113.74969482421875,34.63094797335812],[113.55194091796875,34.649025753526985],[113.5107421875,34.67161743636362],[113.433837890625,34.57216798051357],[113.22509765625,34.551811369170494],[113.0877685546875,34.44542371620848],[112.8076171875,34.425036130213314],[112.60986328125,34.45448326886293],[112.401123046875,34.53371242139565],[112.34344482421875,34.599302377462635],[112.32696533203125,34.664840578219284]],[[114.049072265625,34.44995361537076],[114.08203125,34.29806835099082],[114.24957275390625,34.17090836352574],[114.2633056640625,34.12317388304314],[114.3072509765625,34.091335914867344],[114.32373046875,33.977531137409414],[114.55169677734375,33.66949697279553]],[[113.5162353515625,34.66935854524543],[113.48602294921875,34.69646117272349],[113.44757080078125,34.818313145609395],[113.48052978515625,34.94223663784119],[113.49151611328125,35.19625600786368],[113.44757080078125,35.40919952365698]],[[113.53271484375,34.69194468425019],[113.5107421875,34.673876265882726]],[[113.62335205078125,34.651285198954156],[113.5821533203125,34.459012676670085]],[[113.82110595703125,34.610605760914666],[113.719482421875,34.73484137177769]],[[113.4832763671875,35.44724605551147],[113.6041259765625,35.55010533588552],[113.68927001953125,35.57021456796598]],[[113.1591796875,35.19625600786368],[113.0767822265625,35.06822115985925],[113.05755615234375,34.97150033361733]],[[112.84881591796875,35.460669951495305],[112.8515625,35.418153265695125],[112.8131103515625,35.37785359299683],[112.80487060546875,35.274774075037755],[112.763671875,35.2388895323226],[112.76641845703125,35.198500435801705],[112.70050048828125,35.1850329379983],[112.67578125,35.1468629067563],[112.6812744140625,35.07046911981966],[112.66204833984375,34.94899072578227],[112.62908935546875,34.908457853981375],[112.6318359375,34.8295866367682],[112.59613037109375,34.76192255039477],[112.53570556640625,34.725812339278676],[112.54119873046875,34.66032236481891],[112.489013671875,34.54728700119803],[112.5,34.50881994305571]],[[112.3736572265625,35.09294531373263],[112.4395751953125,35.097439809364204],[112.467041015625,35.142371137139904],[112.554931640625,35.17380831799959],[112.7471923828125,35.1468629067563],[112.76641845703125,35.191766965947394],[112.96966552734375,35.20298910562886],[113.126220703125,35.24786215739992],[113.1591796875,35.19625600786368],[113.23883056640625,35.14461705293516],[113.2965087890625,35.142371137139904],[113.46954345703125,35.20298910562886],[113.60687255859375,35.299435480545455],[113.829345703125,35.38233232903299],[114.32647705078125,35.256833789618256],[114.7576904296875,35.26580442886754],[114.92523193359375,35.34201475584807],[115.10101318359375,35.333052561265134],[115.1531982421875,35.294952147406576],[115.5377197265625,35.28598473606576],[115.6915283203125,35.32408937278183],[115.82061767578125,35.413676519035775],[115.95245361328125,35.46514408578588],[116.23809814453125,35.460669951495305],[116.54022216796875,35.534461334184456],[116.7901611328125,35.516578738902936],[117.24334716796875,35.55010533588552],[117.41912841796875,35.48080159582862],[117.7349853515625,35.44053326772722],[117.938232421875,35.37561413174875],[118.1634521484375,35.34201475584807],[118.2513427734375,35.35993616287675]],[[112.32421875,35.07046911981966],[112.91748046875,34.969249651079],[113.43109130859375,35.041240811494504],[113.5052490234375,35.00975247399124],[113.6480712890625,35.027747294870636]],[[112.6812744140625,35.07046911981966],[112.928466796875,35.04798673426734],[113.00537109375,35.09519259251624],[113.23883056640625,35.140125159372346],[113.40362548828125,35.11990857099681],[113.71124267578125,34.989503567579305],[113.85955810546875,34.97825201019258],[114.0325927734375,35.02549815883259],[114.18914794921875,35.027747294870636],[114.4061279296875,34.98050244536519],[114.55169677734375,34.99850370014629],[114.7796630859375,34.94899072578227],[114.84832763671875,34.89494244739733],[115.06256103515625,34.856636719051735],[115.21636962890625,34.76417891445513],[115.389404296875,34.75289647745204]],[[112.3406982421875,34.63772760271712],[112.32421875,34.62642791261892]],[[112.32421875,34.72129745316465],[112.34344482421875,34.81154831029379],[112.4395751953125,34.91071020549454],[112.43682861328125,34.97375095431687],[112.357177734375,35.101934057246055],[112.35443115234375,35.160336728130346],[112.3736572265625,35.17829835200121],[112.35443115234375,35.252348097623354],[112.38739013671875,35.34201475584807],[112.33245849609375,35.507635947037855],[112.357177734375,35.55010533588552]],[[112.96142578125,34.768691457552706],[112.862548828125,34.75966612466247]],[[113.1536865234375,34.49071165088101],[113.291015625,34.49976628863743],[113.4283447265625,34.459012676670085],[113.7030029296875,34.46807075516925],[113.8677978515625,34.43409789359468],[113.99688720703125,34.436363180933725],[114.1259765625,34.470335121217474],[114.400634765625,34.41823916300348],[114.76043701171875,34.436363180933725],[115.05157470703125,34.36157628748418],[115.26580810546875,34.4069096565206],[115.47454833984375,34.40917568058836]],[[113.14544677734375,34.44542371620848],[113.07952880859375,34.36384353883068],[113.082275390625,34.32302363048832],[113.016357421875,34.268566186749894],[113.02459716796875,34.232241617439286],[112.994384765625,34.186813861893455],[112.96417236328125,34.175453097578526],[112.98614501953125,34.068587174791986],[112.93121337890625,33.98891848376216],[112.94769287109375,33.93424531117313],[112.9339599609375,33.865854454071865],[112.96966552734375,33.790561185373804],[113.04107666015625,33.75631505992706],[113.0767822265625,33.706062655101206],[113.09600830078125,33.543683878655926],[113.05206298828125,33.49101671911272],[112.972412109375,33.46352547561378],[112.928466796875,33.403931200234695],[112.94769287109375,33.32593850874474],[112.92022705078125,33.218010050879045],[112.97515869140625,33.162846221811435],[112.99163818359375,33.0524144100406],[112.96966552734375,32.84728866466379],[112.93670654296875,32.79651010951669],[112.9010009765625,32.61161640317033],[112.8955078125,32.52597362010653],[112.9339599609375,32.419384876113355],[112.928466796875,32.37300260498657],[112.83233642578125,32.23138966273763],[112.87628173828125,32.08955569378857],[112.70050048828125,31.80289258670676]],[[112.32696533203125,34.36611072883116],[112.4066162109375,34.46127728843706],[112.40936279296875,34.54954921593402]],[[112.5274658203125,34.35250666867596],[112.5933837890625,34.35023911062778],[112.6812744140625,34.44089357139117],[112.71148681640625,34.52466147177172],[112.78564453125,34.54728700119803],[112.83233642578125,34.62190760563037],[112.85430908203125,34.77997173591062],[112.88726806640625,34.80252766591687],[112.8900146484375,34.93097858831628],[112.8680419921875,35.01425155045956],[112.82684326171875,35.05922870088871]],[[112.5164794921875,34.35477416538757],[112.33245849609375,34.39104576945998]],[[112.532958984375,34.31394984163214],[112.54669189453125,34.20725938207231],[112.61260986328125,34.068587174791986],[112.6043701171875,33.954751868571904],[112.67578125,33.80882018730745],[112.6483154296875,33.71063227149209],[112.47528076171875,33.568861182555565],[112.4725341796875,33.49101671911272],[112.4285888671875,33.38558626887102],[112.45880126953125,33.28461996888768],[112.44781494140625,33.14904983719869],[112.39288330078125,33.03399561940715],[112.39288330078125,32.9764120829052]],[[112.32421875,33.763165380096595],[112.4505615234375,33.726624014010284],[112.510986328125,33.760882000869174],[112.66204833984375,33.70149279558437],[112.78289794921875,33.706062655101206],[112.89276123046875,33.77229828866842],[113.09326171875,33.81110228864701],[113.22784423828125,33.89777701385947],[113.2965087890625,33.977531137409414],[113.565673828125,34.10953050666589],[113.62060546875,34.243594729697406],[113.5601806640625,34.372911930737715],[113.57940673828125,34.459012676670085]],[[112.95867919921875,34.011688599108524],[112.90374755859375,34.0754124384174],[112.69775390625,34.16636338473789],[112.5604248046875,34.27310565528197],[112.5164794921875,34.3797125804622],[112.50274658203125,34.50881994305571]],[[112.96142578125,34.01396527491265],[113.07952880859375,33.906895551288656],[113.126220703125,33.82023008524739],[113.2635498046875,33.73119253613477],[113.28826904296875,33.68778175843937],[113.64532470703125,33.51620936110906],[113.85955810546875,33.51391942394942],[114.11773681640625,33.557417863242165]],[[113.88427734375,33.96614226559744],[113.939208984375,33.972975771725984],[114.0875244140625,34.073137411642094],[114.158935546875,34.275375297643876],[114.22210693359375,34.32982832836203],[114.2633056640625,34.420504880133834],[114.51873779296875,34.574429518652735],[114.58465576171875,34.69194468425019],[114.71099853515625,34.84085858477276],[115.37841796875,35.12440157992043],[115.4827880859375,35.13787911963418],[115.57342529296875,35.205233347514536],[115.60638427734375,35.29719384502174]],[[113.88427734375,33.963864308201565],[113.78265380859375,33.96158628979907],[113.57391357421875,33.84988869610126],[113.45855712890625,33.646635523437155],[113.27178955078125,33.461234144932305],[113.2305908203125,33.38099943104024],[113.0548095703125,33.28461996888768],[112.96142578125,33.268546361901926],[112.71148681640625,33.119150226768866],[112.66754150390625,33.05701850585396],[112.6702880859375,32.99484290420989],[112.32696533203125,32.669436832605314]],[[113.46405029296875,33.596318961132695],[113.4283447265625,33.29839499061643],[113.46405029296875,32.962586441917466],[113.44757080078125,32.8772805268554],[113.48602294921875,32.773419354975175]],[[112.6702880859375,33.066225975146736],[112.423095703125,33.09844453136719]],[[112.32421875,32.89573201566981],[112.39288330078125,32.974107959689235]],[[112.32421875,32.1570124860701],[112.55767822265625,32.10584293285768],[112.8240966796875,31.991771310172098]],[[112.32421875,31.980123357368043],[112.35443115234375,32.00108860754044],[112.35443115234375,32.14305999998845]],[[112.8240966796875,31.989441837922882],[112.9119873046875,31.959153316146654],[113.11248779296875,31.80289258670676]],[[113.851318359375,32.470377845436076],[113.74969482421875,32.465743313283596],[113.6810302734375,32.49354692775991],[113.54095458984375,32.62780989050404],[113.44207763671875,32.66481257381058],[112.9229736328125,32.694865977875054],[112.82684326171875,32.72490926707168],[112.66754150390625,32.80805323886753],[112.5714111328125,32.90495631913751],[112.32421875,32.987931797174426]],[[113.86505126953125,32.470377845436076],[113.90350341796875,32.68099643258195],[113.8677978515625,32.798818855292]],[[113.86505126953125,32.798818855292],[113.807373046875,32.84728866466379],[113.83209228515625,33.03629817885955],[113.818359375,33.128351191631566],[113.85406494140625,33.27543541298162],[113.83209228515625,33.51620936110906],[113.84857177734375,33.57114966444732],[113.8238525390625,33.79740876757249],[113.75518798828125,33.87497640410959],[113.74420166015625,34.004858205417236],[113.71124267578125,34.06631196472105],[113.35693359375,34.275375297643876],[113.126220703125,34.465806327688526],[113.1207275390625,34.49750272138159],[113.14544677734375,34.52466147177172],[113.1317138671875,34.576690995271974],[113.02459716796875,34.65354458279873],[113.00262451171875,34.694202959295495],[113.0438232421875,34.75740963726007],[113.038330078125,34.79576153473033]],[[114.3017578125,31.968473925845103],[114.246826171875,31.89621446335144],[114.23583984375,31.840232667909362]],[[114.39788818359375,33.42456461884056],[114.3731689453125,33.277731642555224],[114.40338134765625,33.213414392242655],[114.400634765625,33.050112271849656],[114.43634033203125,32.93031819907053],[114.444580078125,32.63243606312156],[114.52423095703125,32.50512923191894],[114.5379638671875,32.4031537914036],[114.60113525390625,32.32891738775126],[114.58465576171875,32.14771106595572],[114.521484375,32.038348328331196],[114.49676513671875,31.882222202659705],[114.5379638671875,31.823898240526958],[114.73297119140625,31.80289258670676]],[[114.093017578125,33.21111647241685],[114.39788818359375,33.250172902093894],[114.78515625,33.23868752757414],[114.9334716796875,33.215712251730736],[115.0213623046875,33.16054697509142],[115.17791748046875,33.142150831105354]],[[114.01885986328125,34.02079493601873],[114.22210693359375,34.018518443369686],[114.32373046875,33.977531137409414],[114.52972412109375,33.96158628979907],[114.96368408203125,33.968420161984795],[115.0653076171875,33.93196649986436],[115.1751708984375,33.92512970007199],[115.84259033203125,33.93652406150093],[116.2847900390625,33.89777701385947],[116.40838623046875,33.815666308702774],[116.466064453125,33.74718044814986],[116.63909912109375,33.76544869849222],[116.88629150390625,33.70834749368841],[117.279052734375,33.69463755048318],[117.56195068359375,33.6008944080788],[117.95745849609375,33.532237223959086],[118.245849609375,33.53452667616054],[118.38043212890625,33.589455335587246],[118.42987060546875,33.68778175843937],[118.4765625,33.726624014010284]],[[114.1314697265625,34.168635904722734],[113.77716064453125,34.17318076114496],[113.57940673828125,34.23678304606287]],[[115.83984375,33.93652406150093],[115.806884765625,34.050383783683415],[115.784912109375,34.332096438353915],[115.6475830078125,34.64450667793234],[115.63934326171875,35.041240811494504],[115.66680908203125,35.180543276002666],[115.66131591796875,35.31288398967159],[115.5487060546875,35.67291625588],[115.5596923828125,35.82226734114509],[115.66680908203125,36.16227046727883],[115.7574462890625,36.28634929429455],[115.84808349609375,36.363798554158635]],[[116.41387939453125,33.81110228864701],[116.488037109375,33.970697997361626],[116.488037109375,34.0754124384174],[116.4605712890625,34.15954545771159],[116.49078369140625,34.279914398549934],[116.45233154296875,34.41370754457091],[116.268310546875,34.64676624651911],[116.11175537109375,34.689686347589344],[116.03759765625,34.7483830709853],[115.98541259765625,34.97375095431687],[116.02935791015625,35.281500657891186],[116.004638671875,35.41143805243546],[116.12823486328125,35.53222622770336],[116.13922119140625,35.610417892730524],[116.32598876953125,35.77994251888403],[116.40289306640625,35.8801489648836],[116.43310546875,36.124564748133295],[116.488037109375,36.29299081806339],[116.685791015625,36.41023115104021],[116.81488037109375,36.58245213849011],[117.0263671875,36.54715598643371],[117.1417236328125,36.58024660149866],[117.2076416015625,36.675027776102],[117.19940185546875,36.81588144109716]],[[116.43310546875,33.77458136371689],[116.34796142578125,33.626055026635285],[116.39190673828125,33.53681606773303],[116.40289306640625,33.45206821659518],[116.34521484375,33.36953127791294],[116.35894775390625,33.236390271579054],[116.4166259765625,32.974107959689235],[116.47979736328125,32.92340204349887],[116.4990234375,32.82882709408909],[116.55670166015625,32.812670070909164],[116.68853759765625,32.71797709835761],[116.663818359375,32.600047833317575],[116.7132568359375,32.558388613482705],[116.75445556640625,32.45415593941475],[116.7462158203125,32.229066296272975],[116.7901611328125,31.898546300090374],[116.773681640625,31.80289258670676]],[[116.3507080078125,33.63748924317082],[116.26007080078125,33.596318961132695],[115.85906982421875,33.575726446243564]],[[116.61712646484375,33.16514540824029],[116.63360595703125,33.30757713015298]],[[115.7794189453125,33.195029344358204],[115.740966796875,32.93031819907053],[115.70526123046875,32.838058359277056],[115.52398681640625,32.669436832605314],[115.42510986328125,32.53060504985312],[115.323486328125,32.46806060917602]],[[116.0101318359375,33.57114966444732],[116.05133056640625,33.442901319379345],[116.07879638671875,33.422272258866045],[116.34521484375,33.36953127791294]],[[115.5322265625,32.21744857303101],[115.59814453125,32.27087780256757],[115.68328857421875,32.2824886927005],[115.89752197265625,32.25462006000723]],[[117.39166259765625,32.11514862261245],[117.36968994140625,32.00341778396367]],[[117.1197509765625,32.40779154205701],[117.20489501953125,32.38460040620993],[117.64434814453125,32.43097672054704],[117.78717041015625,32.35444302709291]],[[117.47406005859375,32.84036602561055],[117.50152587890625,32.937233813970906],[117.5701904296875,33.0409031172409],[117.85308837890625,33.08003537299405]],[[117.75421142578125,32.91187391621321],[117.6141357421875,32.835750632955964],[117.47406005859375,32.838058359277056],[117.40264892578125,32.782656376029635],[117.33673095703125,32.773419354975175],[117.1417236328125,32.63012300670739],[117.0538330078125,32.50512923191894]],[[117.872314453125,33.20422235093439],[117.4383544921875,33.22949814144951],[117.23785400390625,33.192730941906916],[117.03460693359375,33.195029344358204],[116.707763671875,33.305281685899445],[116.52374267578125,33.33052824902808],[116.45782470703125,33.312167837386184],[116.34521484375,33.367237465838315]],[[117.41363525390625,33.30987251398258],[117.46856689453125,33.14904983719869],[117.421875,33.0409031172409],[117.43560791015625,33.00405687168934]],[[117.09503173828125,33.190432479136945],[116.94122314453125,33.42685691828501],[116.9549560546875,33.559706648411975],[116.927490234375,33.653494595990466],[116.93572998046875,33.77001515278013],[116.89727783203125,33.868135032968624],[116.89727783203125,33.906895551288656],[116.99615478515625,33.99802726234877],[117.03460693359375,34.12317388304314]],[[116.9769287109375,34.27310565528197],[116.90277099609375,34.26629636058354],[116.87255859375,34.23905366851639],[116.7022705078125,33.993472995119674],[116.70501708984375,33.89549722712388],[116.63909912109375,33.83848275599513],[116.6033935546875,33.76544869849222]],[[117.6580810546875,34.56764471968292],[117.66357421875,34.51560953848204]],[[117.65533447265625,34.610605760914666],[117.6416015625,34.73484137177769]],[[117.7789306640625,35.429344044107154],[117.7789306640625,35.49869215916574],[117.7239990234375,35.628279555648845],[117.7294921875,35.668453708353425],[117.784423828125,35.706377408871774],[117.78717041015625,35.76211479572099],[117.8668212890625,35.91797179131282],[117.8118896484375,36.00245155554647]],[[117.77618408203125,35.429344044107154],[117.6031494140625,35.29046856590878],[117.5592041015625,35.191766965947394],[117.498779296875,35.169318036011305],[116.98516845703125,35.17605336599959],[116.8011474609375,35.12440157992043],[116.6253662109375,35.106428057364255],[116.58966064453125,35.06147690849717],[116.4990234375,35.032245381295965]],[[117.5592041015625,35.191766965947394],[117.51800537109375,35.01425155045956],[117.5811767578125,34.964748100493125],[117.61138916015625,34.903952965590065]],[[117.5592041015625,35.189522351972585],[117.68829345703125,35.23440284749623],[117.9876708984375,35.20298910562886],[118.1085205078125,35.22991591449646],[118.2073974609375,35.220941304031825],[118.24859619140625,35.2456190942068],[118.553466796875,35.23440284749623],[118.61114501953125,35.200744801724014]],[[117.2076416015625,35.00075357864239],[117.3065185546875,34.94899072578227],[117.40814208984375,34.93773360346579],[117.44659423828125,34.90620544067929],[117.61138916015625,34.89268966339911],[117.72674560546875,34.81605826221896]],[[116.73248291015625,35.12215510643696],[116.72149658203125,35.20972164522138],[116.7626953125,35.31736632923787],[116.7352294921875,35.34201475584807],[116.729736328125,35.59701902776685],[116.6802978515625,35.71975793933433],[116.7626953125,35.87792352995116],[116.7572021484375,35.915747419499695],[116.795654296875,35.951329861522666],[116.78741455078125,36.04021586880111],[116.817626953125,36.12012758978146]],[[117.2515869140625,34.86114420171435],[117.15545654296875,34.8295866367682]],[[117.301025390625,34.35477416538757],[117.09503173828125,34.38424604015218],[117.05108642578125,34.370644924786575],[117.04010009765625,34.275375297643876],[117.0867919921875,34.22769994387316],[117.10601806640625,34.14818102254435]],[[117.06756591796875,34.3887792543902],[116.93572998046875,34.54954921593402],[116.89453125,34.63772760271712],[116.7572021484375,34.68065238482747],[116.6253662109375,34.77545980961412],[116.53472900390625,35.0075028429529],[116.46331787109375,35.07046911981966],[116.4385986328125,35.12440157992043],[116.43035888671875,35.28598473606576]],[[115.67779541015625,34.58347505599177],[115.70526123046875,34.633207911379586],[115.8892822265625,34.712266941280404],[115.960693359375,34.79350603426752],[115.97991943359375,34.86565143737161],[116.16119384765625,35.012002043160706],[116.224365234375,35.12664799144554],[116.38092041015625,35.281500657891186],[116.43310546875,35.288226682029574],[116.45782470703125,35.52552053465406],[116.40838623046875,35.71975793933433],[116.40838623046875,35.806676609227054],[116.37542724609375,35.84676087681139]],[[115.70526123046875,34.51560953848204],[115.6256103515625,34.52239858066332],[115.5596923828125,34.488447837809304],[115.543212890625,34.3797125804622]],[[115.54046630859375,34.3797125804622],[115.51025390625,34.3207552752374],[115.367431640625,34.17772537282447],[115.0048828125,33.9296876275766],[114.927978515625,33.81794822741499],[114.71099853515625,33.71063227149209],[114.5269775390625,33.653494595990466],[114.43634033203125,33.465816745730024],[114.3072509765625,33.364943593285545],[114.18365478515625,33.32823340910778],[114.10125732421875,33.247875947924385],[114.01611328125,33.22720064403191],[113.675537109375,33.2409847232083],[113.521728515625,33.224903086263964],[113.4613037109375,33.17434155100207],[113.31298828125,33.144450560077985],[113.203125,33.073130945006625],[112.71148681640625,33.09844453136719]],[[115.3729248046875,35.101934057246055],[115.46630859375,35.09519259251624],[115.52947998046875,35.02549815883259],[115.63934326171875,34.99850370014629],[115.89752197265625,35.041240811494504],[116.32049560546875,34.98050244536519],[116.50177001953125,35.032245381295965]],[[116.43310546875,35.288226682029574],[116.6363525390625,35.29046856590878],[116.707763671875,35.2702893760944],[116.82586669921875,35.29046856590878],[117.0428466796875,35.281500657891186],[117.08404541015625,35.308401401691626]],[[116.24908447265625,36.006895355244666],[116.3671875,36.00911716117325],[116.40289306640625,36.03799493963656],[116.54571533203125,36.0513195750255],[116.630859375,36.12678323326426]],[[115.43060302734375,35.59925232772949],[115.697021484375,35.63944106897394],[115.9112548828125,35.71975793933433],[116.00189208984375,35.71975793933433],[116.19140625,35.66175941929505]],[[115.3125,35.77994251888403],[115.29052734375,35.6907639509368],[115.3070068359375,35.619349222857494],[115.2520751953125,35.50316417759602],[115.3125,35.45172093634466],[115.33172607421875,35.37561413174875],[115.30426025390625,35.23440284749623],[115.30426025390625,35.02324896091335],[115.28228759765625,34.985003130171066],[115.3125,34.89494244739733],[115.3070068359375,34.7506398050501],[115.17791748046875,34.53823752729575],[115.13397216796875,34.23678304606287],[115.22735595703125,34.011688599108524],[115.235595703125,33.90233640448068],[115.17791748046875,33.788278536259966],[115.09002685546875,33.68549637289138],[115.09552001953125,33.582591163939156],[115.18890380859375,33.42456461884056],[115.15594482421875,33.30987251398258],[115.19439697265625,33.17664043594348],[115.1806640625,32.98562797456917],[115.3179931640625,32.8542107637502],[115.41961669921875,32.65325087996882],[115.521240234375,32.58616357743131],[115.631103515625,32.55607364492026],[115.7904052734375,32.64631314590912],[116.0595703125,32.6393748736067],[116.19964599609375,32.537551746769],[116.3287353515625,32.49123028794759],[116.34521484375,32.41474772122966],[116.4385986328125,32.4008348267222],[116.466064453125,32.333558948641084],[116.61712646484375,32.247651564662675],[116.7572021484375,32.222095840502334],[116.94122314453125,32.140734378035404],[117.10052490234375,32.11282228909441],[117.5811767578125,32.13143129714793],[117.806396484375,32.16863792635914],[118.037109375,32.29641979896908]],[[115.6805419921875,36.16670524263735],[115.77667236328125,36.18000806322456],[115.9716796875,36.14231087352999],[116.11175537109375,36.14674677781437],[116.30126953125,36.30184530368432],[116.36444091796875,36.49197347059368],[116.33697509765625,36.586863023441836]],[[115.6475830078125,36.11347138205217],[115.32073974609375,36.049098959065645],[115.0982666015625,36.04687828046171]],[[115.850830078125,36.363798554158635],[115.8673095703125,36.463263012391266]],[[115.86456298828125,36.463263012391266],[115.828857421875,36.608913667193676],[115.872802734375,36.66841891894785],[115.90576171875,36.92354768108929],[116.00189208984375,37.12309635498927],[116.03759765625,37.38543518262722],[116.02935791015625,37.472678309670826],[116.103515625,37.583765767186236]],[[116.31500244140625,36.573629612479294],[116.3397216796875,36.58906837139911]],[[116.6583251953125,36.39696752441776],[116.57318115234375,36.46105407505431],[116.58416748046875,36.6551995018735],[116.54022216796875,36.771892444961026],[116.553955078125,36.87962060502676],[116.531982421875,36.912568282851936],[116.56494140625,36.9806150652861],[116.6583251953125,37.03325468997237],[116.91375732421875,37.050793129806564],[117.0428466796875,37.03325468997237],[117.257080078125,37.07271048132944],[117.33123779296875,36.995972054503014]],[[116.85882568359375,36.58024660149866],[116.839599609375,36.50742854183726],[116.88629150390625,36.447799129584794],[116.89727783203125,36.3704334798997],[116.71875,36.35273908735874],[116.66107177734375,36.39696752441776]],[[116.71875,36.35052700542764],[116.8011474609375,36.25756282630297],[116.82861328125,36.17557404062258],[116.81488037109375,36.12234620030519]],[[116.89178466796875,36.36822190085111],[117.0867919921875,36.0779620797358],[117.0977783203125,36.01800375871416],[117.05657958984375,35.8489871869066],[117.03460693359375,35.48751102385377],[117.081298828125,35.31288398967159],[117.1087646484375,35.22767235493586],[117.19940185546875,35.113168592954],[117.213134765625,34.964748100493125],[117.30926513671875,34.719039917647876],[117.39166259765625,34.64676624651911],[117.4163818359375,34.58799745550482],[117.41912841796875,34.53144977621484],[117.301025390625,34.35477416538757],[117.29278564453125,34.29806835099082],[117.34771728515625,34.17318076114496],[117.44110107421875,34.11180455556898],[118.14697265625,33.90233640448068],[118.36669921875,33.760882000869174],[118.68255615234375,33.64434904445888],[118.92974853515625,33.614619292333785]],[[117.0867919921875,36.569217971443635],[117.19390869140625,36.36822190085111],[117.19940185546875,36.299631776505535],[117.257080078125,36.246488282126535],[117.29278564453125,36.124564748133295]],[[117.158203125,36.14452885702774],[117.18292236328125,36.19774164407363]],[[117.79541015625,35.77994251888403],[117.56195068359375,35.902399875143615],[117.4493408203125,36.0513195750255],[117.38067626953125,36.100157274022266],[117.29278564453125,36.124564748133295],[116.99615478515625,36.14896463588832],[116.7022705078125,36.11790891656369],[116.4990234375,36.14896463588832],[116.39190673828125,36.20660692859012],[116.2628173828125,36.23762751669997],[116.18865966796875,36.29741818650811],[116.06231689453125,36.30184530368432],[115.850830078125,36.363798554158635],[115.24658203125,36.33504067209607],[115.0543212890625,36.39696752441776],[114.68902587890625,36.408020703829834],[114.5928955078125,36.436751611390264]],[[117.8338623046875,35.86679541749028],[117.80914306640625,36.020225251548126],[117.72674560546875,36.16448788632064],[117.75970458984375,36.30848550829367],[117.79266357421875,36.33504067209607],[117.83935546875,36.59347887826918],[117.872314453125,36.677230602346214],[117.9107666015625,36.70365959719456],[117.9437255859375,36.80708566272706]],[[117.7239990234375,36.14009282732265],[117.46856689453125,36.17335693522159],[117.27630615234375,36.12678323326426]],[[117.7349853515625,36.18665862660454],[117.60589599609375,36.18665862660454],[117.55645751953125,36.21990297270261],[117.17193603515625,36.19330862531989]],[[118.6138916015625,36.542742833547834],[118.883056640625,36.50080531760479],[118.97369384765625,36.51184370986246],[119.08355712890625,36.560393933370676],[119.3829345703125,36.600094165941144],[119.55322265625,36.58465761247169]],[[119.29779052734375,35.48080159582862],[119.2730712890625,35.63720889099896],[119.29779052734375,35.71083783530008],[119.27032470703125,35.79108281624994],[119.27032470703125,35.92686865304137],[119.24285888671875,35.96244608979167],[119.25384521484375,36.09349937380574],[119.18243408203125,36.26199220445663],[119.1522216796875,36.43454191900892],[119.0478515625,36.54715598643371]],[[119.25384521484375,36.066862132578876],[118.7896728515625,36.02466804934359],[118.55072021484375,36.03355289340038],[118.46282958984375,36.05354012833976],[118.27880859375,36.17113976708937],[118.10577392578125,36.15118243124803],[118.0426025390625,36.16448788632064],[117.97119140625,36.21103919432822],[117.67730712890625,36.27527883184338],[117.5262451171875,36.45000844447081],[117.520751953125,36.544949441483226],[117.4932861328125,36.58465761247169],[117.1746826171875,36.62875385775956]],[[119.25384521484375,36.06464195517141],[119.43511962890625,36.084621296069315],[119.6246337890625,36.0513195750255],[120.069580078125,36.05354012833976]],[[119.1741943359375,36.33061543982086],[119.39666748046875,36.33061543982086],[119.476318359375,36.295204533693536],[119.81414794921875,36.28413532741723],[120.0531005859375,36.1955251660701]],[[120.0531005859375,36.05354012833976],[120.14923095703125,36.03799493963656],[120.11077880859375,36.07352228885536]],[[120.0860595703125,36.03577394783581],[120.03662109375,35.99356320483024],[120.02288818359375,35.94243575255426],[119.95697021484375,35.922420347285055]],[[120.09429931640625,36.41023115104021],[120.12725830078125,36.326189956186084],[120.11077880859375,36.299631776505535]],[[120.10528564453125,36.317338234886236],[120.14923095703125,36.24205802497114]],[[120.25360107421875,36.403599620732535],[120.3662109375,36.43896124085944],[120.43487548828125,36.49197347059368],[120.5584716796875,36.50963615733049]],[[120.33050537109375,36.423492513472326],[120.201416015625,36.54715598643371],[119.849853515625,36.752089156946326],[119.6575927734375,36.93891618281859],[119.5147705078125,36.96306042436515],[119.2730712890625,36.95867113153031],[118.8720703125,37.020098201368114],[118.74298095703125,37.05736900011469],[118.443603515625,37.22595454983971],[118.1195068359375,37.24126187205381],[117.92999267578125,37.20626914065441],[117.65533447265625,37.19314268101435],[117.4932861328125,37.2084566620002],[117.3724365234375,37.28279464911044],[117.08404541015625,37.34832607355297],[116.883544921875,37.291535472927364],[116.46881103515625,37.254379960133264]],[[120.3277587890625,36.427912464406944],[120.34149169921875,36.39475669987385],[120.41290283203125,36.35273908735874],[120.4486083984375,36.12234620030519]],[[120.421142578125,36.25313319699069],[120.267333984375,36.39917828607652],[120.179443359375,36.4212824436495],[119.99267578125,36.405810193726765],[119.89105224609375,36.423492513472326],[119.59716796875,36.53612263184685],[119.53125,36.6045040426166],[119.39117431640625,36.68163606561521],[119.15771484375,36.747687731900555],[118.75946044921875,36.752089156946326],[118.30902099609375,36.85325222344018],[117.80914306640625,36.85984517196147],[117.6416015625,36.89280138293982],[117.19390869140625,36.76749215619674]],[[120.42388916015625,36.24427318493909],[120.07232666015625,36.2265501474709],[120.0531005859375,36.13565654678543],[120.0640869140625,36.09127994838079],[120.1080322265625,36.07130229942241]],[[120.38818359375,36.24205802497114],[120.4046630859375,36.27306455094137]],[[120.35797119140625,36.15783544102625],[120.23712158203125,36.16005298551353],[120.0531005859375,36.0513195750255]],[[119.67681884765625,35.64836915737426],[119.652099609375,35.71752800693265],[119.6466064453125,35.94910642813856],[119.5697021484375,36.05354012833976],[119.5477294921875,36.15783544102625],[119.62738037109375,36.348314860643015],[119.64111328125,36.469889446815756],[119.630126953125,36.573629612479294],[119.5587158203125,36.75428977478731],[119.6575927734375,36.93891618281859],[119.79766845703125,37.01571219880127],[119.915771484375,37.125286284966805],[119.9981689453125,37.160316546736766],[120.21514892578125,37.35050947036204],[120.3662109375,37.55981972178118],[120.3717041015625,37.666429212090605]],[[119.718017578125,35.6907639509368],[119.7454833984375,35.668453708353425]],[[119.212646484375,34.368377857483765],[119.3280029296875,34.39331222316112],[119.39117431640625,34.49071165088101],[119.51751708984375,34.56764471968292],[119.50103759765625,34.55633549113736]],[[119.45709228515625,34.730326978821225],[119.22637939453125,34.53823752729575],[119.11651611328125,34.511083202999714],[118.8116455078125,34.49976628863743],[118.4326171875,34.334364487026306],[118.201904296875,34.332096438353915],[117.9986572265625,34.300337319256414],[117.916259765625,34.25948651450622],[117.57843017578125,34.23905366851639],[116.94671630859375,34.10043369975709],[116.806640625,34.08906131584993],[116.630859375,34.145907952009765],[116.17218017578125,34.189085831172406],[115.60089111328125,34.345703810529386],[115.24658203125,34.50881994305571],[114.840087890625,34.75740963726007],[114.61761474609375,34.843112789175365],[113.87603759765625,34.82507742547058],[113.33770751953125,34.867904962568716],[113.016357421875,34.79576153473033],[112.950439453125,34.75740963726007],[112.6593017578125,34.78448341546134],[112.33245849609375,34.7506398050501]],[[119.366455078125,34.76417891445513],[119.32525634765625,34.70775131553934],[119.366455078125,34.649025753526985]],[[119.25933837890625,35.12664799144554],[119.16595458984375,35.140125159372346],[118.8720703125,35.108674964507586],[118.64410400390625,35.00975247399124],[118.4930419921875,34.903952965590065],[118.026123046875,34.903952965590065],[117.83935546875,34.822822727237025],[117.72674560546875,34.81154831029379],[117.61962890625,34.728069689872314],[117.4713134765625,34.730326978821225],[117.3394775390625,34.694202959295495]],[[119.3719482421875,35.12889434101051],[119.28680419921875,35.14910869860165]],[[119.3939208984375,35.39128905521763],[119.432373046875,35.357696204467516],[119.51751708984375,35.362176059146805]],[[119.38568115234375,35.39800594715108],[119.35821533203125,35.39128905521763]],[[118.355712890625,35.38457160381763],[118.3612060546875,35.46514408578588],[118.2293701171875,35.60595185369917],[118.2733154296875,35.71083783530008],[118.245849609375,35.869021165016946],[118.2952880859375,35.97800618085566],[118.29254150390625,36.06464195517141],[118.26507568359375,36.11125252076157],[118.28155517578125,36.19330862531989],[118.13873291015625,36.326189956186084],[117.982177734375,36.408020703829834],[117.97393798828125,36.47209813242351],[118.00689697265625,36.602299135790446]],[[118.2513427734375,35.362176059146805],[119.09454345703125,35.50092819950359],[119.2730712890625,35.48974737539362],[119.42138671875,35.41143805243546]],[[118.24859619140625,35.2456190942068],[118.24859619140625,35.140125159372346],[118.201904296875,34.94223663784119],[118.2073974609375,34.77545980961412],[118.2623291015625,34.54728700119803],[118.33648681640625,34.44315867450577],[118.45184326171875,34.36157628748418],[118.64410400390625,34.275375297643876],[118.7786865234375,34.16409080357312],[118.9874267578125,33.85445064580388],[119.1192626953125,33.70377775573253],[119.43511962890625,33.10074540514424],[119.49554443359375,32.789583512510404],[119.63287353515625,32.40547269651596],[119.619140625,32.30338454936734],[119.64935302734375,32.24068253457369],[119.74822998046875,32.15933769278929]],[[118.2513427734375,35.2456190942068],[118.2513427734375,35.413676519035775],[118.223876953125,35.46514408578588],[117.79541015625,35.77771427205079]],[[118.4326171875,34.334364487026306],[118.4381103515625,34.372911930737715]],[[118.245849609375,33.86129311351553],[118.3502197265625,33.884097379274905],[118.388671875,33.93196649986436],[118.41339111328125,34.02079493601873],[118.4271240234375,34.334364487026306]],[[118.388671875,33.93196649986436],[118.56170654296875,33.94108137920573],[118.84735107421875,34.05265942137599]],[[118.99566650390625,33.51162942617924],[118.9215087890625,33.39705230475205],[118.916015625,33.31446310036172],[118.773193359375,33.10534697199519],[118.73748779296875,32.96028195803984],[118.7127685546875,32.55607364492026],[118.74847412109375,32.4008348267222],[118.7457275390625,32.301063025369274],[118.6907958984375,32.20350534542368],[118.5589599609375,32.09886304314587],[118.58917236328125,31.996430077186645],[118.73199462890625,31.88455439374627],[118.839111328125,31.889218598760962],[118.94622802734375,32.06861069132688],[118.94073486328125,32.20582936513577],[118.96270751953125,32.23371296980231],[118.9544677734375,32.34980253736093],[118.8720703125,32.40547269651596],[118.663330078125,32.4240217926574],[118.50677490234375,32.484280010590226],[118.399658203125,32.48891358848037],[118.2403564453125,32.38460040620993],[118.19091796875,32.379961464357294],[118.16070556640625,32.3405208437142],[118.037109375,32.29641979896908],[117.9327392578125,32.298741441902436],[117.78717041015625,32.35212281198645]],[[118.7457275390625,32.95336814579932],[118.970947265625,32.98562797456917]],[[118.78692626953125,32.58616357743131],[118.81988525390625,32.3126700506258]],[[118.22113037109375,32.10118973232095],[118.1524658203125,32.18026188320708],[118.12774658203125,32.247651564662675],[118.0645751953125,32.298741441902436]],[[118.59466552734375,32.038348328331196],[118.4820556640625,32.0453328388585],[118.31451416015625,32.13143129714793],[118.026123046875,32.02670629333615],[117.62786865234375,31.94283997285308],[117.3944091796875,31.81689688674699],[117.32025146484375,31.80289258670676]],[[118.7786865234375,31.96614386212009],[118.839111328125,31.80289258670676]],[[118.89129638671875,32.0639555946604],[119.59442138671875,32.04067655771746],[119.68780517578125,31.970803930433092],[120.05584716796875,31.80289258670676]],[[119.091796875,32.21744857303101],[119.080810546875,32.2940980965715],[119.12750244140625,32.33587963983594]],[[119.39666748046875,32.04766089060861],[119.4049072265625,32.145385562629315],[119.35821533203125,32.21744857303101],[119.35821533203125,32.34980253736093],[119.3389892578125,32.3822809650579],[119.3609619140625,32.442567075075075],[119.7894287109375,32.54681317351513],[119.9981689453125,32.558388613482705]],[[119.45709228515625,32.05930026106165],[119.4598388671875,32.14305999998845]],[[119.34722900390625,32.426340161546406],[119.22088623046875,32.486596829360494],[119.11651611328125,32.59310597426537],[118.90228271484375,32.660188075725856],[118.78692626953125,32.838058359277056],[118.68804931640625,32.88881315761995],[118.5589599609375,33.01557297778959],[118.30902099609375,33.142150831105354],[118.212890625,33.22030778968541],[118.1634521484375,33.43602551072033],[118.18267822265625,33.68321092658006],[118.24310302734375,33.87041555094183]],[[119.9981689453125,32.560703522325156],[120.17669677734375,32.55375861664005],[120.2178955078125,32.52134195160539],[120.38543701171875,32.47501213905005],[120.79193115234375,32.465743313283596],[120.9759521484375,32.40779154205701],[121.07208251953125,32.35444302709291],[121.1077880859375,32.28481069238481],[121.31927490234375,32.15236189465577],[121.409912109375,32.038348328331196],[121.61041259765625,31.984782715952377],[121.651611328125,31.882222202659705]],[[119.63287353515625,32.4031537914036],[119.50653076171875,32.35212281198645],[119.3389892578125,32.33587963983594],[118.92425537109375,32.35444302709291],[118.8226318359375,32.3126700506258],[118.76220703125,32.25462006000723]],[[119.6356201171875,32.01972036197235],[119.68780517578125,32.11980111179328],[119.91302490234375,32.263910555201306],[119.99267578125,32.41242905441614],[120.003662109375,32.4796461941074],[119.99267578125,32.57690621187389],[119.78118896484375,32.92109653816924],[119.7674560546875,33.18813395605041],[119.69329833984375,33.392466071900756],[119.72076416015625,33.50933936780059],[119.696044921875,33.653494595990466],[119.72625732421875,33.73804486328906]],[[119.7509765625,32.16166284018013],[119.85809326171875,32.03369169193891],[119.87457275390625,31.88688652578081]],[[120.21240234375,32.13143129714793],[120.311279296875,31.821564514920738]],[[120.14373779296875,32.15933769278929],[119.8773193359375,31.940509258776473]],[[120.7232666015625,32.11514862261245],[120.74798583984375,32.17561247849932],[120.80841064453125,32.222095840502334]],[[120.72052001953125,32.11514862261245],[120.7122802734375,31.97313387588173],[120.6243896484375,31.89621446335144],[120.58868408203125,31.80289258670676]],[[120.69305419921875,32.11980111179328],[120.72052001953125,32.07559289203769]],[[120.73974609375,32.056972505418514],[120.72052001953125,32.070938150804665]],[[120.91827392578125,32.091882620021806],[120.74798583984375,32.319633552035214],[120.684814453125,32.347482203218675],[120.6024169921875,32.442567075075075],[120.53924560546875,32.623183478738696],[120.42938232421875,32.819594869239765],[120.35797119140625,33.23868752757414],[120.1629638671875,33.655780832040946],[119.8828125,34.02534773814793],[119.5147705078125,34.31621838080741],[119.20440673828125,34.436363180933725],[119.10552978515625,34.511083202999714],[119.07806396484375,34.63094797335812],[119.08355712890625,34.83860431863499],[119.2071533203125,35.06597313798417],[119.3389892578125,35.189522351972585],[119.3609619140625,35.34201475584807],[119.41314697265625,35.43158201322126],[119.55322265625,35.59031875398378],[119.794921875,35.74874138089811],[119.95697021484375,35.922420347285055],[119.98443603515625,36.10459556076901],[119.94598388671875,36.30184530368432],[119.96246337890625,36.34167804918316],[120.02288818359375,36.383701633929306],[120.113525390625,36.55598153635694],[120.36346435546875,36.780692264862594],[120.76171875,37.32430451813815],[120.85784912109375,37.415981841946135],[120.91278076171875,37.457418102629376],[121.0693359375,37.50101042949328],[121.2945556640625,37.53586597792038],[121.30828857421875,37.57505900514997],[121.36871337890625,37.58811876638322]],[[120.72052001953125,33.27543541298162],[120.10528564453125,33.28461996888768],[119.78668212890625,33.40622404437545],[119.59442138671875,33.447484889088855],[119.146728515625,33.447484889088855],[118.99566650390625,33.51162942617924],[118.92974853515625,33.596318961132695],[118.94073486328125,33.651208299204995],[119.1082763671875,33.68778175843937],[119.1632080078125,33.73804486328906],[119.21539306640625,33.815666308702774],[119.2510986328125,33.93652406150093],[119.2730712890625,34.12090013982697],[119.20440673828125,34.368377857483765],[119.22637939453125,34.53823752729575]],[[120.2178955078125,33.5184992376561],[120.069580078125,33.431441335575286],[120.12176513671875,33.169743600216165],[120.05859375,33.08233672856376],[120.03936767578125,32.96949953291244],[120.03936767578125,32.835750632955964],[120.08056640625,32.697177359290635],[120.08056640625,32.51902602782752],[120.135498046875,32.333558948641084],[120.21240234375,32.20582936513577],[120.21514892578125,32.13143129714793]],[[119.696044921875,33.993472995119674],[119.7454833984375,34.03445260967645],[119.80316162109375,34.04583232505719],[119.86358642578125,34.10498222546687],[119.93499755859375,34.12090013982697],[120.01739501953125,34.204987902440564],[120.2069091796875,34.25948651450622],[120.1849365234375,34.25721644329403]],[[120.35797119140625,33.74032885072381],[120.2069091796875,33.726624014010284],[120.1519775390625,33.67635422308638]],[[120.95123291015625,32.08955569378857],[120.9649658203125,32.12445336381826],[121.0198974609375,32.15236189465577]],[[121.3330078125,32.40547269651596],[121.31103515625,32.36372329228304],[121.02264404296875,32.15236189465577]],[[121.00067138671875,37.63380988687156],[120.992431640625,37.65338320128765]],[[121.09405517578125,37.607704112428394],[120.9814453125,37.63380988687156],[120.76446533203125,37.62293359490087],[120.62713623046875,37.642509774448754],[120.47332763671875,37.61205571141282],[120.3662109375,37.55981972178118]],[[121.11602783203125,37.70555348721584],[121.13250732421875,37.68382032669382],[121.09954833984375,37.64903402157866],[121.11053466796875,37.56417412088096],[121.28082275390625,37.44869658591038],[121.651611328125,37.42470717168675],[121.85760498046875,37.446516047833484],[121.9976806640625,37.49447320172351]],[[122.1240234375,37.30901407427592],[122.03338623046875,37.23251521134918],[121.87957763671875,37.01790523173091],[121.717529296875,36.91915611148194],[121.585693359375,36.912568282851936],[121.431884765625,36.85105444755651],[121.3275146484375,36.7762924811868],[121.22589111328125,36.76749215619674],[120.9979248046875,36.67282488678656],[120.86334228515625,36.67062193440137],[120.75897216796875,36.63757008123925],[120.5584716796875,36.51184370986246]],[[121.2890625,36.76089124956562],[121.27532958984375,36.8092847020594],[121.300048828125,36.87302936279296],[121.39617919921875,37.03325468997237],[121.40167236328125,37.16469418870223],[121.44287109375,37.23251521134918],[121.43463134765625,37.33304051804568],[121.46209716796875,37.35705927979369],[121.46759033203125,37.43561240413149]],[[120.89080810546875,37.43997405227057],[120.8770751953125,37.51844023887861],[120.9100341796875,37.64685933620959],[120.87432861328125,37.69903420794415],[120.86334228515625,37.77505678240509]],[[120.36895751953125,37.55981972178118],[120.3717041015625,37.50536826339811],[120.47332763671875,37.37888785004526],[120.5145263671875,37.28060928450999],[120.51727294921875,37.0266767305112],[120.58319091796875,36.901587303978474],[120.5804443359375,36.835668247244385],[120.5474853515625,36.77849240459416],[120.552978515625,36.71466899719829],[120.509033203125,36.677230602346214],[120.52001953125,36.597889133070225],[120.5584716796875,36.55377524336089],[120.55023193359375,36.38591277287651],[120.53375244140625,36.33725319397006],[120.43487548828125,36.299631776505535]],[[120.113525390625,37.26749576438186],[120.003662109375,37.374522644077246]],[[119.5587158203125,36.75428977478731],[119.3389892578125,36.730079507078415],[119.2620849609375,36.63977397949658],[119.12200927734375,36.61993662562922],[119.08355712890625,36.560393933370676]],[[119.56146240234375,36.75649032950518],[119.915771484375,36.813682591245865],[120.1080322265625,36.804886560237236],[120.5694580078125,36.92793899776677],[120.684814453125,36.87962060502676],[120.7781982421875,36.881817559364634],[120.92376708984375,36.94550173495345],[121.06109619140625,36.971838250931654],[121.26434326171875,37.09023980307208],[121.717529296875,37.044216689679715],[121.91802978515625,37.08585785263672],[122.05810546875,37.048601046408976],[122.37396240234375,37.08585785263672]],[[119.0643310546875,37.00035919622158],[118.9544677734375,36.78289206199065],[118.9434814453125,36.63536611993544],[119.04510498046875,36.544949441483226]],[[119.036865234375,39.28754558541044],[118.970947265625,39.35341418045877],[118.87481689453125,39.383140954256504],[118.83087158203125,39.42346418978383],[118.575439453125,39.48496522541802]],[[118.47381591796875,39.189690821096775],[118.553466796875,39.27266344858913],[118.5369873046875,39.412855072329506],[118.61663818359375,39.59510684995192],[118.597412109375,39.73465017434185],[118.6248779296875,39.827522444759836],[118.60015869140625,39.86758762451021],[118.641357421875,39.96449067924024],[118.61114501953125,40.11588965267845],[118.63037109375,40.17467622056341]],[[118.25958251953125,39.59510684995192],[118.333740234375,39.525229544277494],[118.575439453125,39.4870849816875]],[[118.2403564453125,39.7811019770987],[118.29254150390625,39.700847368881],[118.28155517578125,39.609920257000795],[117.90252685546875,39.37252570201878],[117.8228759765625,39.270537170955095],[117.740478515625,39.259904815017535],[117.69378662109375,39.213103289796464],[117.58392333984375,39.19607681367171],[117.5701904296875,39.044786048501436]],[[118.60015869140625,39.86758762451021],[118.399658203125,39.8465036024177],[118.22662353515625,39.78321267821704],[118.14697265625,39.802206074749705],[117.89703369140625,39.75787999202174],[117.7294921875,39.759991405253146],[117.63885498046875,39.73042572969996],[117.4163818359375,39.7177508425047],[117.26531982421875,39.77688038063704],[116.79840087890625,39.802206074749705],[116.60064697265625,39.86547951378614],[116.4825439453125,39.869695670456565]],[[119.058837890625,39.65857056750545],[119.11376953125,39.586640623314594]],[[118.98468017578125,39.6987341434814],[118.86932373046875,39.715638134796336],[118.49853515625,39.67971220315974],[118.465576171875,39.652226815306506],[118.421630859375,39.51675478434245]],[[119.34173583984375,39.844394843964636],[119.38018798828125,39.854937988531276]],[[119.3939208984375,39.84861229610178],[119.3719482421875,39.89077256695953],[119.38568115234375,39.92869465373238]],[[119.33074951171875,39.92869465373238],[119.3719482421875,39.892879900294815]],[[118.29254150390625,40.10118506258701],[118.28155517578125,40.02551125229786],[118.31451416015625,39.96028035429569],[118.2952880859375,39.81275569547813]],[[118.289794921875,40.120090380253316],[118.29254150390625,40.09908414736847]],[[119.3115234375,41.1083299973283],[119.26483154296875,41.037930622465296],[119.20989990234375,41.00477542222947],[118.99017333984375,40.977824533189505],[118.9105224609375,40.99855696412672],[118.68804931640625,40.921814412378495],[118.399658203125,40.99026477399687],[118.32000732421875,40.96952973563833],[118.24310302734375,41.00062984868538],[118.20465087890625,41.050359519318874],[118.0426025390625,41.07728074262536],[117.97943115234375,41.04621681452065],[117.960205078125,40.903133814658474],[117.79815673828125,40.88029480552825],[117.61688232421875,40.896905775860006],[117.47406005859375,40.84706035607121],[117.3944091796875,40.844982649254035],[117.34771728515625,40.820045086716505],[117.29827880859375,40.69729900863675],[117.24334716796875,40.668139554080426],[117.24884033203125,40.62229178309272],[117.1417236328125,40.55346108330909],[117.125244140625,40.513799155044126],[117.169189453125,40.495003732305236],[117.1527099609375,40.4176783358555],[117.0318603515625,40.377936122224156],[116.89727783203125,40.390488829277956],[116.74072265625,40.27743027053822],[116.53472900390625,40.245991504199026],[116.488037109375,40.19985488905769],[116.47705078125,40.04443758460857],[116.43035888671875,39.97501535728992]],[[119.88006591796875,40.84706035607121],[119.95697021484375,40.86367966548167],[120.02838134765625,40.832515040432725],[120.13275146484375,40.82628035667713],[120.1959228515625,40.78678041401648],[120.2398681640625,40.7909394098518],[120.34698486328125,40.73268976628569],[120.421142578125,40.720201058841496],[120.47607421875,40.6723059714534],[120.73150634765625,40.66397287638688]],[[120.135498046875,40.11168866559595],[120.113525390625,40.15368685779404],[120.1300048828125,40.201952689540576],[120.05584716796875,40.26695230509779],[120.0091552734375,40.46993497635157],[119.8773193359375,40.74933773045481],[119.88555908203125,40.93634011692373],[119.82513427734375,41.01928287604562],[119.70703125,41.112468789180895]],[[120.69305419921875,40.659805938378526],[120.70404052734375,40.67438908251788]],[[121.1187744140625,40.99855696412672],[121.0638427734375,41.06692773019344],[120.95123291015625,41.112468789180895]],[[121.387939453125,41.112468789180895],[121.05010986328125,40.96123389519332],[120.73699951171875,40.72436422172271],[120.47882080078125,40.434404880770074],[119.91851806640625,40.09067983779909],[119.7344970703125,40.01709786313759],[119.3829345703125,39.93080082075275],[118.861083984375,39.92026933763398],[118.77593994140625,39.88234258575574],[118.6029052734375,39.869695670456565]],[[121.300048828125,41.112468789180895],[121.3165283203125,41.08142149109682]],[[122.222900390625,40.942564441333275],[122.11029052734375,40.840827040200054]],[[122.26959228515625,40.375843776960124],[122.32177734375,40.35491675079061],[122.40142822265625,40.25647271628503],[122.530517578125,40.17047886718112],[122.5689697265625,40.08437592451517],[122.6788330078125,40.029717557833266],[122.7227783203125,39.89709437260046],[122.882080078125,39.69450749856091]],[[122.025146484375,40.18307014852533],[122.07183837890625,40.168380093142446]],[[121.63238525390625,39.03198602874008],[121.63238525390625,39.05971647403467],[121.739501953125,39.168399988002875],[121.7449951171875,39.225870438221165],[121.8109130859375,39.29817374735302],[121.8218994140625,39.40436661586102],[121.79718017578125,39.525229544277494],[121.88232421875,39.79376521264885],[121.981201171875,39.95606977009004],[121.97845458984375,39.9981639445858],[122.03338623046875,40.107487419012415],[122.39593505859375,40.530501775743204],[122.44537353515625,40.66397287638688],[122.530517578125,40.72228267283148],[122.84637451171875,41.112468789180895]],[[121.75048828125,39.22161498006378],[121.81365966796875,39.13858199058353],[121.8548583984375,39.00851330385612]],[[121.739501953125,39.1811752615875],[121.728515625,39.16414104768742]],[[121.81915283203125,39.425585819514396],[121.62139892578125,39.44891948347228],[121.54998779296875,39.49556336059473],[121.43463134765625,39.51675478434245]],[[121.80816650390625,39.425585819514396],[121.93450927734375,39.45528185347342],[122.0086669921875,39.42770738465603],[122.26959228515625,39.41073305508496]],[[123.5687255859375,39.93290692296978],[123.3819580078125,40.10538669840983],[123.28033447265625,40.168380093142446],[123.2501220703125,40.31513750307457],[123.2611083984375,40.377936122224156],[123.1732177734375,40.44694705960049],[123.1292724609375,40.55346108330909],[122.991943359375,40.60978237983301],[122.9534912109375,40.634798844041626],[122.91778564453125,40.70562793820591],[122.76947021484375,40.77430186363722],[122.5799560546875,40.836671170591075],[122.32177734375,40.86991083161536],[122.1405029296875,41.0068481112136],[122.04437255859375,41.04414536431318],[121.98944091796875,41.110399425867314]],[[122.45361328125,40.678555109399184],[122.3712158203125,40.75974059207391],[122.32177734375,40.86991083161536]],[[123.92578125,40.76182096906601],[123.90106201171875,40.89482963261176],[123.76922607421875,40.948788179193485],[123.74725341796875,40.979898069620134],[123.7445068359375,41.112468789180895]],[[123.92578125,39.94133068378693],[123.6456298828125,39.947647823922495],[123.431396484375,39.873911568012915],[123.12103271484375,39.808536041445905],[122.684326171875,39.5908738659559],[122.508544921875,39.56758783088907],[122.332763671875,39.465884511420455],[122.1075439453125,39.259904815017535],[122.02789306640625,39.2407625100131],[121.9976806640625,39.17265867042994],[121.92626953125,39.10448880944048],[121.75323486328125,39.07037913108752],[121.7340087890625,39.04691915968502],[121.63787841796875,39.078908097064755],[121.42364501953125,39.00211029922514],[121.31927490234375,38.91454449779948],[121.24237060546875,38.89744587262311],[121.17095947265625,38.84612529138701],[121.18194580078125,38.86537485161165]],[[121.71478271484375,31.809895002118836],[121.7010498046875,31.85423130442635],[121.57196044921875,31.89621446335144],[121.0528564453125,31.935847653299433],[120.992431640625,31.963813739260488]],[[121.2286376953125,31.8798899525235],[121.19293212890625,32.0732655510424],[120.88531494140625,32.222095840502334],[120.8056640625,32.222095840502334]],[[120.9979248046875,31.80289258670676],[120.9869384765625,32.00807595929106],[120.9429931640625,32.08722870829662],[120.596923828125,32.140734378035404],[120.21240234375,32.13143129714793],[120.05859375,32.20582936513577],[119.9212646484375,32.34284135639302],[119.62738037109375,32.41474772122966]],[[120.5255126953125,31.814562984184235],[120.4925537109375,31.863562548378965],[120.50628662109375,31.935847653299433],[120.4705810546875,31.961483557268537]],[[120.2618408203125,31.80289258670676],[120.311279296875,31.821564514920738],[120.56396484375,31.80289258670676]],[[120.3167724609375,31.80289258670676],[120.31402587890625,31.821564514920738]],[[119.871826171875,31.88688652578081],[119.8553466796875,31.80289258670676]],[[119.3994140625,31.80756092262095],[119.3994140625,32.04766089060861]],[[119.00115966796875,31.80289258670676],[118.839111328125,32.00108860754044]],[[118.67156982421875,31.94283997285308],[118.71826171875,31.977793589351563],[118.8226318359375,31.987112306515527],[118.89404296875,32.04766089060861],[118.7841796875,32.24068253457369],[118.3941650390625,32.37300260498657],[118.2952880859375,32.470377845436076],[118.16070556640625,32.669436832605314],[118.02337646484375,32.798818855292],[117.53448486328125,32.999450008228365],[117.0758056640625,33.03399561940715],[116.54296875,33.18123802491263],[116.158447265625,33.19732768648872],[115.98541259765625,33.16744453437593],[115.55694580078125,33.23179557851465],[115.32073974609375,33.30069061612909],[115.03509521484375,33.45206821659518],[114.54071044921875,33.59860671494886],[114.11773681640625,33.559706648411975]],[[118.5699462890625,31.80289258670676],[118.6578369140625,31.89155061268437],[118.67156982421875,31.94517062781857]],[[118.31451416015625,31.80289258670676],[118.34197998046875,31.865895211796342],[118.33648681640625,32.09653629470277],[118.37493896484375,32.210477226433824],[118.42437744140625,32.27087780256757],[118.47381591796875,32.51671004436773],[118.52874755859375,32.58384932565663],[118.6138916015625,32.616243412727385],[118.83087158203125,32.616243412727385],[118.91876220703125,32.6393748736067]],[[117.80364990234375,31.80289258670676],[117.84759521484375,31.952162238024968],[117.7734375,32.32659651806085],[117.8173828125,32.47501213905005],[117.8668212890625,32.55375861664005],[117.87506103515625,32.79651010951669],[117.94097900390625,32.90265033334124],[117.93548583984375,32.98562797456917],[117.85308837890625,33.08003537299405],[117.872314453125,33.20422235093439],[117.7294921875,33.46810795527897],[117.630615234375,33.98436372829188],[117.6251220703125,34.36384353883068],[117.58941650390625,34.425036130213314],[117.4273681640625,34.474863669009],[117.40814208984375,34.511083202999714]],[[117.6800537109375,31.80289258670676],[117.5811767578125,31.830899063394384],[117.49603271484375,31.926523733115943],[117.4383544921875,32.34980253736093],[117.44659423828125,32.44024912337551],[117.410888671875,32.52597362010653],[117.3065185546875,32.66481257381058],[117.28179931640625,32.766490959951085],[117.29827880859375,32.81728666309672],[117.24609375,32.90956811057566],[117.24334716796875,33.01326987686983],[117.2021484375,33.09384260312052],[117.13623046875,33.13065128220441],[117.0977783203125,33.190432479136945]],[[117.2021484375,31.80289258670676],[117.1417236328125,31.844899116134755],[117.10052490234375,31.94283997285308],[117.1197509765625,32.40779154205701],[117.08953857421875,32.47501213905005],[116.96868896484375,32.54449790638624],[116.59515380859375,32.64168769084188],[116.422119140625,32.64168769084188],[116.246337890625,32.67406085209231],[115.97991943359375,32.79420130379319],[115.74371337890625,32.78034721066307],[115.39764404296875,32.85190345738802],[114.94720458984375,32.84267363195431],[114.34295654296875,32.94645379269271],[114.0655517578125,32.90495631913751],[113.97216796875,32.84959609102516],[113.96942138671875,32.805744732906874],[113.94195556640625,32.798818855292],[113.51898193359375,32.79420130379319],[113.48602294921875,32.773419354975175],[113.466796875,32.637061996573436],[113.499755859375,32.56301837144534],[113.466796875,32.37532228431935],[113.49700927734375,32.31034876452581],[113.3953857421875,32.20118126633929],[113.3953857421875,32.077920173788286],[113.33221435546875,32.00341778396367],[113.3349609375,31.868227816180678],[113.2965087890625,31.80289258670676]],[[116.99066162109375,31.947501223670642],[117.09503173828125,31.872892847840674]],[[116.3671875,31.80289258670676],[116.103515625,32.08490166354831],[115.94146728515625,32.38691978781105],[115.97991943359375,32.64631314590912],[115.894775390625,32.999450008228365],[115.88653564453125,33.30987251398258],[115.84259033203125,33.651208299204995],[115.84259033203125,33.93652406150093]],[[116.0540771484375,31.823898240526958],[115.61187744140625,31.938178485591123]],[[116.0430908203125,31.80289258670676],[116.114501953125,31.85423130442635],[116.7022705078125,31.870560361529584],[117.2021484375,32.017391599804],[117.35321044921875,32.00807595929106],[117.48504638671875,31.94983176040688]],[[115.49102783203125,31.80289258670676],[115.61187744140625,31.938178485591123],[115.60089111328125,32.145385562629315],[115.58990478515625,32.18258649653828],[115.4827880859375,32.24068253457369],[115.38116455078125,32.345161809561944],[115.37567138671875,32.40547269651596],[115.3399658203125,32.45879106783458],[115.1971435546875,32.47501213905005],[114.6917724609375,32.43097672054704],[114.3621826171875,32.537551746769],[113.99139404296875,32.51671004436773],[113.84857177734375,32.470377845436076],[113.79913330078125,32.28481069238481],[113.9007568359375,32.01972036197235],[113.95843505859375,31.940509258776473],[114.0655517578125,31.872892847840674],[114.16717529296875,31.889218598760962],[114.23309326171875,31.868227816180678]],[[115.61187744140625,31.940509258776473],[115.42510986328125,31.963813739260488],[115.23834228515625,32.04998888314202],[114.7686767578125,32.07559289203769],[114.52423095703125,32.17328768712741],[114.2303466796875,32.17561247849932],[114.1259765625,32.20582936513577],[114.00787353515625,32.27784451498272],[113.8897705078125,32.45183828577544],[113.84857177734375,32.470377845436076]],[[114.89501953125,31.80289258670676],[114.9444580078125,32.01972036197235],[114.87030029296875,32.16166284018013],[114.8455810546875,32.36372329228304],[114.8565673828125,32.6393748736067],[114.82086181640625,32.81036168486901],[114.77142333984375,32.87958717306631],[114.7467041015625,32.974107959689235],[114.79888916015625,33.18123802491263],[114.81536865234375,33.479563094441815],[114.7686767578125,33.63291573870478],[114.6533203125,33.78143022380357],[114.598388671875,33.94335994657882],[114.5928955078125,34.04810808490984],[114.54620361328125,34.18226973974575],[114.54620361328125,34.3797125804622],[114.51324462890625,34.46807075516925],[114.49127197265625,34.662581502314964]],[[114.312744140625,31.919530172476954],[114.510498046875,31.85189834587929],[114.5159912109375,31.80289258670676]],[[114.2742919921875,31.921861418447264],[114.312744140625,31.921861418447264]],[[114.2193603515625,31.80289258670676],[114.246826171875,31.85189834587929],[114.29901123046875,31.872892847840674],[114.32373046875,31.94517062781857],[114.21661376953125,32.08955569378857],[114.14520263671875,32.27087780256757],[114.136962890625,32.41242905441614],[114.10675048828125,32.470377845436076],[114.11773681640625,32.657875736955276],[114.08477783203125,32.74108223150125],[114.0985107421875,33.00175347002964],[114.0765380859375,33.18353672893615],[114.08477783203125,33.43602551072033],[114.11773681640625,33.559706648411975],[114.0435791015625,33.76773195605408],[113.88427734375,33.963864308201565],[113.88702392578125,34.05948596794815],[113.79364013671875,34.3207552752374],[113.8238525390625,34.58347505599177],[113.81561279296875,34.93548199355901],[113.89251708984375,35.05922870088871],[113.9501953125,35.26804693351555],[114.02435302734375,35.34425514918409]],[[114.24407958984375,31.85189834587929],[114.23309326171875,31.865895211796342]],[[113.9776611328125,31.926523733115943],[113.90350341796875,31.830899063394384],[113.84033203125,31.80289258670676]],[[112.357177734375,31.80289258670676],[112.33245849609375,31.80289258670676]]]},"properties":{"kind":"highway","kind_detail":"motorway","source":"Protomaps / OpenStreetMap","source_zoom":5},"id":35184381834630},{"type":"Feature","geometry":{"type":"MultiLineString","coordinates":[[[113.11248779296875,40.77638178482897],[113.1097412109375,40.770141825905085]],[[113.08502197265625,40.90520969727359],[113.0767822265625,40.91558813293605]],[[113.4832763671875,40.82420199848991],[113.50250244140625,40.820045086716505]],[[113.70574951171875,40.91766362458114],[113.70574951171875,40.907285514728756]],[[113.61236572265625,40.15998434802336],[113.61236572265625,40.14738878354049]],[[113.42010498046875,40.02761443748665],[113.40911865234375,40.02551125229786]],[[113.5382080078125,40.02340800226773],[113.5491943359375,40.029717557833266]],[[113.280029296875,40.168380093142446],[113.291015625,40.176774799905445]],[[113.2965087890625,40.01499435375047],[113.3074951171875,40.02130468739708]],[[113.2855224609375,39.96449067924024],[113.2745361328125,39.97291055131899]],[[112.71148681640625,40.059154433790695],[112.7142333984375,40.03602652981169]],[[112.76092529296875,39.00851330385612],[112.7362060546875,39.00211029922514]],[[113.33221435546875,39.217359263919604],[113.3074951171875,39.215231309104894]],[[113.61236572265625,39.652226815306506],[113.6260986328125,39.650112101863726]],[[114.29351806640625,39.457402514270825],[114.27703857421875,39.45528185347342]],[[113.90625,39.45316112807393],[113.91448974609375,39.44043541908485]],[[114.60113525390625,38.84612529138701],[114.6148681640625,38.848264388699135]],[[114.63134765625,38.85254239036422],[114.63409423828125,38.84184690380897]],[[115.0433349609375,38.837568258966144],[115.059814453125,38.835428840073064]],[[115.23284912109375,40.31304320888091],[115.23284912109375,40.31304320888091]],[[115.279541015625,40.4176783358555],[115.28778076171875,40.42186036204518]],[[114.55169677734375,40.222927124178],[114.56817626953125,40.22082997283286]],[[114.8565673828125,40.60978237983301],[114.87579345703125,40.605612058260164]],[[114.93621826171875,40.67647212850005],[114.9334716796875,40.69105162801023]],[[114.9169921875,40.70771000786732],[114.9224853515625,40.69938133866614]],[[115.06805419921875,40.54928724908203],[115.081787109375,40.54093880017257]],[[115.29052734375,40.5033579037453],[115.29052734375,40.50753459933617]],[[115.2301025390625,40.9259649395143],[115.24658203125,40.932190241465634]],[[115.78765869140625,40.50544628405211],[115.78216552734375,40.51588721022961]],[[115.631103515625,40.5346767806154],[115.63934326171875,40.530501775743204]],[[115.58441162109375,40.386304853509046],[115.609130859375,40.386304853509046]],[[115.9002685546875,40.3570097457756],[115.95245361328125,40.36328834091583]],[[116.20513916015625,40.233411907115055],[116.19964599609375,40.21663547539123]],[[116.16119384765625,40.15578608609647],[116.18865966796875,40.16628125420655]],[[116.22161865234375,40.168380093142446],[116.246337890625,40.17047886718112]],[[116.47705078125,40.14738878354049],[116.47430419921875,40.15368685779404]],[[116.44134521484375,40.01709786313759],[116.45233154296875,40.019201307686785]],[[116.488037109375,39.99185147142347],[116.49078369140625,40.00237193587648]],[[116.56494140625,40.03602652981169],[116.5704345703125,40.04233491818053]],[[116.69677734375,39.95185892663005],[116.69677734375,39.953964380766394]],[[116.69677734375,39.94554217535304],[116.7022705078125,39.92237576385941]],[[116.69952392578125,39.996059851694355],[116.69952392578125,39.98974718404568]],[[116.5814208984375,40.04864272291729],[116.58416748046875,40.061256581404734]],[[116.6253662109375,40.27323927917308],[116.6363525390625,40.28162100214797]],[[117.806396484375,41.01928287604562],[117.8173828125,41.02135510866603]],[[117.9656982421875,40.90520969727359],[117.94921875,40.91351257612757]],[[117.66357421875,40.57015381856107],[117.6690673828125,40.568067454307254]],[[117.7020263671875,40.58058466412763],[117.72674560546875,40.5930995321649]],[[117.78167724609375,40.08857859823706],[117.762451171875,40.096983167279575]],[[117.97393798828125,40.096983167279575],[117.97393798828125,40.09067983779909]],[[117.828369140625,40.04443758460857],[117.806396484375,40.04233491818053]],[[117.44659423828125,39.93711893299022],[117.4822998046875,39.93711893299022],[117.4658203125,39.93711893299022]],[[117.3614501953125,39.947647823922495],[117.33673095703125,39.95606977009004]],[[117.103271484375,40.01709786313759],[117.0977783203125,40.01499435375047]],[[117.24334716796875,40.18516846826054],[117.2515869140625,40.19985488905769]],[[116.7352294921875,40.00447583427405],[116.71600341796875,40.00026797264678]],[[116.9989013671875,39.79376521264885],[116.99615478515625,39.79798577319724]],[[116.90277099609375,39.79798577319724],[116.90826416015625,39.79165483525341]],[[116.729736328125,39.70507362555449],[116.7462158203125,39.70507362555449]],[[117.5592041015625,39.90973623453718],[117.5592041015625,39.90973623453718]],[[117.509765625,39.719863485497655],[117.50701904296875,39.732537984381736]],[[118.07281494140625,39.76632525654492],[118.0535888671875,39.77688038063704]],[[118.06732177734375,39.601455840969976],[118.05084228515625,39.59510684995192]],[[118.09478759765625,39.504040705584146],[118.06732177734375,39.4870849816875]],[[117.60040283203125,39.47860556892209],[117.58941650390625,39.47012512235818]],[[117.44384765625,39.23650795487106],[117.4603271484375,39.23650795487106]],[[117.42462158203125,39.106620116621144],[117.43011474609375,39.125798981181646]],[[117.564697265625,39.10022600175347],[117.5701904296875,39.0831721934762]],[[117.5811767578125,39.11940660636222],[117.55645751953125,39.12366825402606]],[[117.5701904296875,39.16201148082405],[117.57293701171875,39.1811752615875]],[[117.63336181640625,39.21097520599528],[117.6470947265625,39.22161498006378]],[[117.6580810546875,39.18756202793995],[117.65533447265625,39.193948213963665]],[[117.63336181640625,39.113013651499756],[117.6141357421875,39.11727568585599]],[[117.718505859375,39.276915810295975],[117.71026611328125,39.27904189436677]],[[117.6690673828125,39.323674753551444],[117.66357421875,39.336421771418]],[[117.71575927734375,39.30454987014582],[117.7239990234375,39.30029918615028]],[[117.8228759765625,39.28541975943742],[117.8448486328125,39.29392267616436]],[[117.67730712890625,38.90385833966778],[117.67181396484375,38.910270227594424]],[[117.73773193359375,39.05971647403467],[117.7294921875,39.0831721934762]],[[117.54547119140625,38.97649248553938],[117.52349853515625,38.96581566018901]],[[117.56195068359375,39.04691915968502],[117.57293701171875,39.0533181067413]],[[117.564697265625,39.0810401774861],[117.5701904296875,39.078908097064755]],[[117.18292236328125,38.963680101985744],[117.17193603515625,38.980762765016294]],[[117.0703125,39.05118518880596],[117.0703125,39.0533181067413]],[[117.27081298828125,39.01064750994084],[117.257080078125,39.01918369029136]],[[117.24609375,38.963680101985744],[117.26531982421875,38.974357249228206]],[[117.28729248046875,38.96581566018901],[117.2955322265625,38.967951154015935]],[[117.333984375,38.967951154015935],[117.36419677734375,38.95513722542958]],[[117.3944091796875,39.09383130692365],[117.41363525390625,39.09596293630548]],[[117.32025146484375,39.15775215369098],[117.30926513671875,39.1662705500807]],[[117.2955322265625,39.225870438221165],[117.30926513671875,39.23225314171489]],[[117.41363525390625,39.225870438221165],[117.4273681640625,39.230125638383925]],[[117.39715576171875,39.26415795094215],[117.37518310546875,39.27266344858913]],[[117.31201171875,39.325799417892966],[117.30377197265625,39.317300373271024]],[[117.322998046875,39.336421771418],[117.33123779296875,39.3449184923613]],[[117.28179931640625,39.3385460484798],[117.2625732421875,39.3449184923613]],[[116.89727783203125,39.170529361452964],[116.927490234375,39.1833042481843]],[[116.9219970703125,39.274789661703096],[116.9439697265625,39.274789661703096]],[[116.86431884765625,38.88034312947366],[116.86431884765625,38.88248119755082]],[[116.45782470703125,39.07677595221321],[116.46881103515625,39.07464374293252]],[[116.39190673828125,38.88461920129191],[116.39739990234375,38.89530825492017]],[[116.2188720703125,38.94872939211095],[116.2078857421875,38.94872939211095]],[[116.2628173828125,39.085304145034115],[116.25457763671875,39.09383130692365]],[[116.279296875,39.1833042481843],[116.28753662109375,39.17904621051264]],[[116.0211181640625,39.17478791493289],[116.0211181640625,39.168399988002875]],[[116.158447265625,39.168399988002875],[116.15020751953125,39.15775215369098]],[[116.4385986328125,39.25352462727605],[116.45233154296875,39.24288969082636]],[[116.5869140625,39.17265867042994],[116.58416748046875,39.15775215369098]],[[116.70501708984375,39.12153746241924],[116.71875,39.12366825402606]],[[116.57318115234375,39.325799417892966],[116.60614013671875,39.31517545076218]],[[116.50177001953125,39.520992293571965],[116.50726318359375,39.52734807268146]],[[116.5374755859375,39.557000683371285],[116.5374755859375,39.55911824217185]],[[116.48529052734375,39.54852980171148],[116.47705078125,39.58452390500423]],[[116.422119140625,39.57393934359189],[116.41937255859375,39.56970506644248]],[[116.39190673828125,39.578173362125256],[116.4111328125,39.571822237343724]],[[116.378173828125,39.624730495242886],[116.378173828125,39.601455840969976]],[[116.58416748046875,39.586640623314594],[116.575927734375,39.58029027440864]],[[116.65283203125,39.84228602074339],[116.63360595703125,39.84861229610178]],[[116.663818359375,39.84017713275492],[116.68304443359375,39.83806818000002],[116.6693115234375,39.83174093314557]],[[116.60614013671875,39.863371338285305],[116.6253662109375,39.852829489159404]],[[116.54296875,39.88234258575574],[116.54022216796875,39.89709437260046]],[[116.38641357421875,39.719863485497655],[116.378173828125,39.721976063774264]],[[116.4495849609375,39.7240885773337],[116.44134521484375,39.721976063774264]],[[116.36444091796875,39.67759833072648],[116.36993408203125,39.65857056750545]],[[116.2078857421875,39.69450749856091],[116.18865966796875,39.69450749856091]],[[116.26556396484375,39.690280594818034],[116.2847900390625,39.688167045890395]],[[116.3397216796875,39.79798577319724],[116.32598876953125,39.77688038063704]],[[116.224365234375,39.84017713275492],[116.21612548828125,39.85072092501596]],[[116.09527587890625,39.759991405253146],[116.08428955078125,39.76632525654492]],[[116.180419921875,39.55064761909318],[116.18865966796875,39.557000683371285]],[[116.3177490234375,39.55911824217185],[116.3067626953125,39.571822237343724]],[[116.27105712890625,39.38950933076637],[116.268310546875,39.376771996616355]],[[116.18865966796875,39.39799959542145],[116.19415283203125,39.39163199379183]],[[115.99365234375,39.39375459224348],[115.98541259765625,39.39799959542145]],[[115.71624755859375,39.457402514270825],[115.7025146484375,39.45316112807393]],[[115.60638427734375,39.334297429807236],[115.62286376953125,39.33004855294243]],[[115.78765869140625,39.168399988002875],[115.784912109375,39.170529361452964]],[[115.68603515625,39.027718840211605],[115.6915283203125,39.017049741804016]],[[115.85906982421875,39.04051963289308],[115.806884765625,39.04691915968502]],[[115.9661865234375,39.049052206453524],[115.94696044921875,39.044786048501436]],[[115.42510986328125,39.06824672852525],[115.42236328125,39.0725114692236]],[[115.4718017578125,38.78620445725866],[115.44708251953125,38.78620445725866]],[[115.48828125,38.74979935887856],[115.499267578125,38.760508669111516]],[[115.52947998046875,38.773357720269075],[115.5157470703125,38.779781378049194]],[[115.8013916015625,38.74123075381229],[115.8123779296875,38.75194134947091]],[[115.85906982421875,38.580379094685924],[115.872802734375,38.582526159353336]],[[115.72998046875,38.380421674606794],[115.71624755859375,38.376115424036044]],[[115.48553466796875,38.3954915329719],[115.5047607421875,38.40194908237822]],[[115.4443359375,37.72076290898373],[115.4388427734375,37.72945260537779]],[[115.653076171875,37.7967631768216],[115.6695556640625,37.79893346559686]],[[115.68878173828125,37.978845040497134],[115.6805419921875,37.98966904403618]],[[115.69427490234375,37.790251927933284],[115.69427490234375,37.790251927933284]],[[115.7904052734375,37.72728027686003],[115.79864501953125,37.714244967649265]],[[116.55120849609375,37.81846319511331],[116.54296875,37.82280243352757]],[[116.2628173828125,38.41055825094608],[116.2408447265625,38.40625379485266]],[[116.06781005859375,38.779781378049194],[116.05682373046875,38.773357720269075]],[[116.279296875,38.75194134947091],[116.2738037109375,38.75194134947091]],[[116.55120849609375,38.7840634951429],[116.56219482421875,38.77549900381297]],[[116.88629150390625,38.77549900381297],[116.86431884765625,38.77549900381297]],[[116.729736328125,38.438530965643],[116.7352294921875,38.44498466889473]],[[116.7901611328125,38.41055825094608],[116.806640625,38.41271038284708]],[[117.191162109375,38.81831117374662],[117.169189453125,38.81831117374662]],[[117.55096435546875,38.74765730401543],[117.564697265625,38.73908844187687]],[[117.56195068359375,38.70908932739829],[117.55645751953125,38.71980474264237]],[[117.66632080078125,38.283469054971846],[117.6800537109375,38.27915703945834]],[[117.91900634765625,37.88135717974859],[117.90802001953125,37.88135717974859]],[[118.03436279296875,37.72728027686003],[118.01239013671875,37.72728027686003]],[[117.806396484375,37.72728027686003],[117.80914306640625,37.7337970712443]],[[117.0977783203125,37.87918931481653],[117.103271484375,37.85750715625203]],[[116.993408203125,38.24033737590457],[116.99615478515625,38.25759312039534]],[[116.7352294921875,38.255436376379464],[116.74896240234375,38.26621945628273]],[[117.0758056640625,37.3461426132468],[117.08404541015625,37.35487607348372]],[[117.0977783203125,37.67295135774715],[117.103271484375,37.659906493259385]],[[117.2515869140625,37.67295135774715],[117.235107421875,37.677299136404244]],[[117.96844482421875,37.217206113254974],[117.96295166015625,37.2084566620002]],[[117.6910400390625,37.19970619616174],[117.685546875,37.19970619616174]],[[117.45208740234375,37.24344837865411],[117.4493408203125,37.23251521134918]],[[117.66632080078125,36.890604744644705],[117.66632080078125,36.890604744644705]],[[117.9437255859375,36.78729146682001],[117.9547119140625,36.78729146682001]],[[117.87506103515625,36.85764758564406],[117.86407470703125,36.85984517196147]],[[117.9437255859375,36.85105444755651],[117.95196533203125,36.846658706232816]],[[117.9437255859375,36.85984517196147],[117.95745849609375,36.86863488530102]],[[118.0865478515625,36.85984517196147],[118.0535888671875,36.85984517196147]],[[118.11676025390625,36.69705320010033],[118.10577392578125,36.69705320010033]],[[118.02337646484375,36.6045040426166],[118.00140380859375,36.602299135790446]],[[117.8558349609375,36.62875385775956],[117.86407470703125,36.62434536776988]],[[117.4932861328125,36.86204269508728],[117.498779296875,36.85325222344018]],[[117.3724365234375,36.65299604498243],[117.37518310546875,36.61111838494165]],[[117.17193603515625,36.62434536776988],[117.18292236328125,36.63536611993544]],[[117.2076416015625,36.68383870263706],[117.2076416015625,36.67282488678656]],[[117.19940185546875,36.80268739459133],[117.1966552734375,36.79828887383704]],[[117.17742919921875,36.76309161490538],[117.2186279296875,36.77409249464195]],[[117.1417236328125,36.76309161490538],[117.125244140625,36.752089156946326]],[[117.1087646484375,36.752089156946326],[117.08953857421875,36.752089156946326]],[[117.0703125,36.84226271217676],[117.08953857421875,36.84226271217676]],[[117.31475830078125,36.79828887383704],[117.32574462890625,36.79389010047562]],[[117.3065185546875,36.901587303978474],[117.29278564453125,36.90817608096904]],[[117.1966552734375,37.06175259706909],[117.2076416015625,37.068327517596586]],[[117.0648193359375,36.94989178681327],[117.0648193359375,36.93891618281859]],[[117.04010009765625,37.04202441635081],[117.05108642578125,37.035447216523636]],[[116.90277099609375,37.050793129806564],[116.88629150390625,37.044216689679715]],[[116.75445556640625,36.85984517196147],[116.74346923828125,36.855449936136495]],[[116.82037353515625,36.780692264862594],[116.817626953125,36.771892444961026]],[[116.87255859375,36.71907231552909],[116.86431884765625,36.70586160338115]],[[116.58416748046875,36.63757008123925],[116.575927734375,36.6441815868659]],[[116.57867431640625,36.66841891894785],[116.5704345703125,36.67282488678656]],[[116.5484619140625,36.8224776116662],[116.5484619140625,36.81808022778526]],[[116.53472900390625,36.8708321556463],[116.5484619140625,36.86863488530102]],[[116.202392578125,36.92574337104496],[116.18316650390625,36.9345254985149]],[[116.63909912109375,37.035447216523636],[116.6583251953125,37.03325468997237]],[[116.3726806640625,37.30901407427592],[116.3836669921875,37.315567502511044]],[[116.3836669921875,37.483576550427],[116.39190673828125,37.49229399862877]],[[116.31500244140625,37.31338308990806],[116.3177490234375,37.3024600747823]],[[115.62286376953125,37.47485808497102],[115.61737060546875,37.45959832290545]],[[115.5047607421875,37.47485808497102],[115.52398681640625,37.477037796698056]],[[115.48828125,37.19095471582605],[115.49652099609375,37.19533058280065]],[[115.3125,36.95428158567596],[115.323486328125,36.95428158567596]],[[114.68353271484375,36.61552763134925],[114.6588134765625,36.62434536776988]],[[114.54071044921875,36.64858894203172],[114.54620361328125,36.675027776102]],[[114.5050048828125,36.70365959719456],[114.54071044921875,36.70365959719456]],[[114.54620361328125,36.72347538145932],[114.54620361328125,36.67943336551777]],[[113.93096923828125,36.62875385775956],[113.90625,36.63095800819413]],[[113.92822265625,36.675027776102],[113.92822265625,36.675027776102]],[[113.994140625,36.72787819497748],[113.994140625,36.71907231552909]],[[114.22760009765625,37.063944300566845],[114.23858642578125,37.05736900011469]],[[114.2962646484375,37.039832079714245],[114.32373046875,37.031062100118945]],[[114.56817626953125,36.98939086733937],[114.5709228515625,37.00255267215955]],[[114.576416015625,37.05956083025126],[114.57916259765625,37.04640889969956]],[[114.57366943359375,37.19314268101435],[114.5819091796875,37.19095471582605]],[[114.49951171875,37.17126017626407],[114.51873779296875,37.173448712009574]],[[114.31549072265625,37.642509774448754],[114.3017578125,37.63815995799935]],[[114.63958740234375,37.64685933620959],[114.642333984375,37.62945956107555]],[[115.27130126953125,37.39416407012379],[115.28228759765625,37.37888785004526]],[[114.94720458984375,37.84015683604136],[114.9609375,37.83364941345965]],[[114.8565673828125,37.7337970712443],[114.8455810546875,37.746828939401354]],[[114.708251953125,37.81629348024509],[114.72198486328125,37.81629348024509]],[[114.74395751953125,37.92903406232561],[114.73297119140625,37.93986540897977]],[[114.77691650390625,38.03511242061296],[114.77691650390625,38.04809106745722]],[[114.7686767578125,38.184227918207256],[114.7796630859375,38.175591854816616]],[[114.63134765625,38.20581359813474],[114.642333984375,38.21660403859855]],[[115.07354736328125,38.56749535882733],[115.06805419921875,38.57393751557592]],[[115.0323486328125,38.595407199403866],[115.015869140625,38.597553814743094]],[[114.78515625,38.63832730806186],[114.78790283203125,38.64905332214022]],[[114.0106201171875,38.391186179584395],[114.0106201171875,38.40194908237822]],[[114.3292236328125,38.19933856598385],[114.32373046875,38.190704293996504]],[[114.45831298828125,38.22955045532615],[114.4775390625,38.21012996629426]],[[114.35394287109375,38.12591462924158],[114.3731689453125,38.121593271659236]],[[114.312744140625,38.05674222065295],[114.3292236328125,38.05674222065295]],[[114.422607421875,37.950695159577165],[114.422607421875,37.94419750075404]],[[114.356689453125,37.93986540897977],[114.3731689453125,37.93986540897977],[114.356689453125,37.94203148678865]],[[114.57916259765625,37.87702138607635],[114.5709228515625,37.8705172170194]],[[114.44732666015625,37.918201119766636],[114.45556640625,37.92036783594351]],[[114.14794921875,37.97234987199525],[114.16168212890625,37.97234987199525]],[[114.16717529296875,37.974514992024595],[114.17816162109375,37.98750437106375]],[[113.68927001953125,37.77288579232439],[113.6920166015625,37.78591077655136]],[[113.37066650390625,37.86401247373357],[113.367919921875,37.86184409837094]],[[113.54644775390625,38.01564013749379],[113.5382080078125,38.00698412839117]],[[112.68951416015625,38.52238409020083],[112.686767578125,38.53097889440025]],[[112.6043701171875,38.0091482264894],[112.59613037109375,38.00265574055672]],[[112.62359619140625,38.01347623104195],[112.61810302734375,38.024295124443995]],[[112.73345947265625,38.186386774115505],[112.730712890625,38.18206899832211]],[[112.730712890625,38.27053224010456],[112.7252197265625,38.283469054971846]],[[112.89825439453125,38.04160203158017],[112.92572021484375,38.04160203158017]],[[112.81585693359375,37.78156937014927],[112.80487060546875,37.76420119453823]],[[112.53570556640625,37.746828939401354],[112.55218505859375,37.755515576870636]],[[112.708740234375,37.53368798315968],[112.72796630859375,37.54893261064112]],[[113.719482421875,37.68599392939966],[113.70025634765625,37.690340943717715]],[[113.39263916015625,37.09243068328347],[113.39813232421875,37.114336001507866]],[[113.67279052734375,37.12309635498927],[113.66180419921875,37.114336001507866]],[[112.92572021484375,37.099002943876215],[112.93121337890625,37.10776507118514]],[[112.93670654296875,36.58024660149866],[112.928466796875,36.58906837139911]],[[113.1976318359375,36.35495110643484],[113.22509765625,36.357163062654365]],[[112.34893798828125,35.55904339525897],[112.36541748046875,35.55457449014311]],[[112.95867919921875,35.71083783530008],[112.9559326171875,35.713067954913896]],[[113.038330078125,36.00245155554647],[113.0328369140625,36.0157822032581]],[[113.26629638671875,35.74874138089811],[113.28277587890625,35.746512259918504]],[[113.8128662109375,35.746512259918504],[113.818359375,35.74205383068036]],[[113.27178955078125,36.17335693522159],[113.27728271484375,36.19330862531989]],[[113.33221435546875,36.48534892436142],[113.345947265625,36.49418152677427]],[[113.40362548828125,36.53612263184685],[113.4063720703125,36.53612263184685]],[[113.917236328125,36.0513195750255],[113.9337158203125,36.0513195750255]],[[114.0875244140625,36.11125252076157],[114.0985107421875,36.10681461011845]],[[114.18914794921875,36.100157274022266],[114.180908203125,36.11125252076157]],[[114.39788818359375,36.19330862531989],[114.40887451171875,36.184441834883]],[[114.41986083984375,36.03799493963656],[114.4281005859375,36.0268893543019]],[[114.60113525390625,36.43454191900892],[114.59564208984375,36.44117080741499]],[[114.44183349609375,36.43233216371692],[114.43359375,36.41465185677697]],[[114.3292236328125,36.58245213849011],[114.3072509765625,36.58465761247169]],[[114.83734130859375,36.40138898484862],[114.82086181640625,36.40138898484862]],[[115.11199951171875,36.58906837139911],[115.12298583984375,36.58024660149866]],[[115.08453369140625,36.38812384894608],[115.09002685546875,36.39696752441776]],[[115.08453369140625,36.04465753921525],[115.103759765625,36.0513195750255]],[[115.30426025390625,35.7866268846701],[115.3125,35.77994251888403]],[[114.9609375,35.82226734114509],[114.97467041015625,35.8356283888737]],[[114.884033203125,35.619349222857494],[114.89776611328125,35.63274434801063]],[[114.71649169921875,35.48974737539362],[114.70550537109375,35.47856499535729]],[[114.00787353515625,35.333052561265134],[114.0106201171875,35.337533782800946]],[[113.961181640625,35.294952147406576],[113.961181640625,35.29719384502174]],[[114.02984619140625,35.02549815883259],[114.01336669921875,35.020999701114675]],[[114.19189453125,35.02549815883259],[114.18914794921875,35.020999701114675]],[[114.27154541015625,35.005253150047466],[114.28253173828125,35.005253150047466]],[[114.63409423828125,35.256833789618256],[114.62310791015625,35.2635618621521]],[[115.30975341796875,35.281500657891186],[115.32073974609375,35.29046856590878]],[[115.30426025390625,35.08845057036537],[115.32073974609375,35.09294531373263]],[[114.8895263671875,34.90620544067929],[114.90325927734375,34.91296249521697]],[[114.85382080078125,34.89719516961729],[114.85107421875,34.89268966339911]],[[114.686279296875,34.81605826221896],[114.686279296875,34.81605826221896]],[[114.86480712890625,34.60834520731578],[114.84283447265625,34.60608459216931]],[[114.89501953125,34.728069689872314],[114.89227294921875,34.71452466170392]],[[115.301513671875,34.7506398050501],[115.3070068359375,34.75515308818932]],[[115.1641845703125,34.38197934098774],[115.1531982421875,34.3797125804622]],[[114.8126220703125,34.43409789359468],[114.82086181640625,34.44089357139117]],[[114.3017578125,34.44315867450577],[114.30450439453125,34.44995361537076]],[[114.50225830078125,34.56538299699511],[114.49951171875,34.55407346090554]],[[114.56268310546875,34.649025753526985],[114.57366943359375,34.651285198954156]],[[114.12872314453125,34.70549341022547],[114.12872314453125,34.69646117272349]],[[114.1314697265625,34.843112789175365],[114.1204833984375,34.836349990763864]],[[114.04083251953125,34.50429323877128],[114.04632568359375,34.50202979443459]],[[113.81561279296875,34.43409789359468],[113.79913330078125,34.44089357139117]],[[113.807373046875,34.52918706954935],[113.818359375,34.54049998801135]],[[113.5711669921875,34.459012676670085],[113.58489990234375,34.465806327688526]],[[113.49700927734375,34.46127728843706],[113.51348876953125,34.46354183877715]],[[113.499755859375,34.64450667793234],[113.50250244140625,34.63772760271712]],[[113.50799560546875,34.66032236481891],[113.5162353515625,34.66709959253005]],[[113.47503662109375,34.856636719051735],[113.4503173828125,34.86339785041953]],[[113.62335205078125,34.64450667793234],[113.61785888671875,34.642247047768535]],[[113.807373046875,34.73935551813358],[113.8128662109375,34.75515308818932]],[[113.81561279296875,34.64676624651911],[113.81561279296875,34.64676624651911]],[[113.79364013671875,34.651285198954156],[113.7908935546875,34.642247047768535]],[[113.8348388671875,34.610605760914666],[113.81561279296875,34.61738705240718]],[[113.829345703125,34.83184114982865],[113.8458251953125,34.82507742547058]],[[113.84033203125,34.98275281869195],[113.84033203125,34.98275281869195]],[[113.48876953125,35.21869749632886],[113.4942626953125,35.21420969483077]],[[113.50250244140625,35.220941304031825],[113.51898193359375,35.24113278166642]],[[113.4613037109375,35.099686964274724],[113.4832763671875,35.09294531373263]],[[113.14544677734375,35.0075028429529],[113.16192626953125,35.005253150047466]],[[112.86529541015625,34.97600151317589],[112.87078857421875,34.98275281869195]],[[113.09051513671875,35.115415314253596],[113.10699462890625,35.13114062861361]],[[112.36541748046875,35.44277092585766],[112.357177734375,35.45395828344931]],[[112.69500732421875,35.142371137139904],[112.66754150390625,35.113168592954]],[[112.64556884765625,35.0075028429529],[112.65655517578125,35.016500995886005]],[[112.620849609375,34.78222760653013],[112.6043701171875,34.770947636586314]],[[112.3516845703125,34.75515308818932],[112.32421875,34.7506398050501]],[[112.335205078125,34.63546778783321],[112.335205078125,34.64450667793234]],[[112.8515625,34.75289647745204],[112.83233642578125,34.75966612466247]],[[113.1207275390625,34.481656029905835],[113.126220703125,34.46807075516925]],[[112.412109375,34.52918706954935],[112.39288330078125,34.53597500508991]],[[112.3681640625,34.39104576945998],[112.34893798828125,34.38424604015218]],[[112.5164794921875,34.35477416538757],[112.53021240234375,34.343436068482944]],[[112.4615478515625,33.75403149821638],[112.50274658203125,33.760882000869174]],[[112.3626708984375,33.75403149821638],[112.3516845703125,33.760882000869174]],[[112.96966552734375,34.004858205417236],[112.950439453125,34.016241889667015]],[[112.95867919921875,33.788278536259966],[112.9833984375,33.79512630103207]],[[113.12347412109375,33.82479361826489],[113.11248779296875,33.827075293445986]],[[113.61236572265625,34.22088697429015],[113.62060546875,34.23678304606287]],[[113.85406494140625,34.175453097578526],[113.85406494140625,34.17772537282447]],[[113.59039306640625,34.14363482031264],[113.57666015625,34.15045403191448]],[[113.88427734375,33.972975771725984],[113.895263671875,33.96158628979907]],[[113.7469482421875,33.94108137920573],[113.741455078125,33.94108137920573]],[[113.4393310546875,33.630628895395645],[113.4228515625,33.621480915032365]],[[113.84307861328125,33.51391942394942],[113.8238525390625,33.51620936110906]],[[113.43658447265625,33.169743600216165],[113.44482421875,33.169743600216165]],[[112.90924072265625,33.23179557851465],[112.92572021484375,33.2409847232083]],[[112.65380859375,33.706062655101206],[112.642822265625,33.715201644740844]],[[112.4285888671875,33.09844453136719],[112.4176025390625,33.09614359735856]],[[112.57415771484375,32.90956811057566],[112.5714111328125,32.90495631913751]],[[112.379150390625,32.95567280997862],[112.36541748046875,32.962586441917466]],[[112.708740234375,33.10074540514424],[112.70050048828125,33.09384260312052]],[[112.9229736328125,32.687931474529464],[112.91473388671875,32.697177359290635]],[[112.818603515625,31.9941007232608],[112.82684326171875,31.996430077186645]],[[113.85406494140625,32.470377845436076],[113.83758544921875,32.470377845436076]],[[113.8568115234375,32.803436166989286],[113.87603759765625,32.79651010951669]],[[114.10400390625,32.91417966179351],[114.10125732421875,32.91187391621321]],[[114.43359375,32.93262346411481],[114.43084716796875,32.937233813970906]],[[114.10125732421875,32.52134195160539],[114.10675048828125,32.528289364825255]],[[114.19464111328125,32.18955998041358],[114.18914794921875,32.18955998041358]],[[114.5819091796875,32.150036509965304],[114.5819091796875,32.140734378035404]],[[114.5379638671875,32.477329196399424],[114.532470703125,32.4726950220615]],[[114.9444580078125,32.06861069132688],[114.9334716796875,32.0732655510424]],[[115.1806640625,33.367237465838315],[115.17242431640625,33.37870592138782]],[[115.0872802734375,33.59860671494886],[115.09552001953125,33.58716733904656]],[[114.8016357421875,33.5207890535885],[114.80987548828125,33.523078808904216]],[[114.7137451171875,33.70834749368841],[114.708251953125,33.72433966174761]],[[114.38140869140625,33.254766629316535],[114.3841552734375,33.245578933385545]],[[114.09027099609375,33.22260546814776],[114.093017578125,33.21111647241685]],[[114.11773681640625,33.55055114384406],[114.114990234375,33.57114966444732]],[[114.49951171875,33.60546961227189],[114.4830322265625,33.596318961132695]],[[114.598388671875,33.95703006998231],[114.58740234375,33.96158628979907]],[[114.3292236328125,33.968420161984795],[114.31549072265625,33.979808728724564]],[[115.213623046875,34.073137411642094],[115.20263671875,34.06631196472105]],[[115.84808349609375,33.92740869431181],[115.85357666015625,33.93652406150093]],[[115.7794189453125,34.30260622622906],[115.7904052734375,34.29353023058857]],[[116.60614013671875,33.76544869849222],[116.60614013671875,33.76544869849222]],[[116.378173828125,33.192730941906916],[116.38916015625,33.18353672893615]],[[116.34521484375,33.36035566675373],[116.34796142578125,33.37870592138782]],[[115.88653564453125,33.18813395605041],[115.89202880859375,33.17893926058103]],[[115.85357666015625,33.58487928182987],[115.850830078125,33.56428403679499]],[[115.740966796875,32.99253926199694],[115.740966796875,33.00405687168934]],[[115.938720703125,32.7872745269555],[115.938720703125,32.789583512510404]],[[115.66131591796875,32.789583512510404],[115.6640625,32.782656376029635]],[[115.47454833984375,32.61161640317033],[115.4718017578125,32.604675440554985]],[[116.663818359375,32.6093028087336],[116.663818359375,32.620870183181125]],[[117.257080078125,33.01557297778959],[117.23785400390625,33.02478477990269]],[[117.2955322265625,32.73415132036003],[117.2845458984375,32.74108223150125]],[[116.7572021484375,32.222095840502334],[116.7352294921875,32.22441938515301]],[[117.10052490234375,31.9941007232608],[117.11151123046875,31.987112306515527]],[[117.39166259765625,32.11514862261245],[117.38067626953125,32.12212726745142]],[[117.4493408203125,32.419384876113355],[117.454833984375,32.41474772122966]],[[117.4658203125,32.140734378035404],[117.4603271484375,32.13375715632645]],[[117.49603271484375,31.954492656522532],[117.49603271484375,31.935847653299433]],[[118.02337646484375,32.2940980965715],[118.04534912109375,32.298741441902436]],[[117.7789306640625,32.3590832787397],[117.79541015625,32.34980253736093]],[[117.93548583984375,32.84267363195431],[117.91351318359375,32.84959609102516]],[[117.52899169921875,32.826519127839546],[117.51251220703125,32.83113500035981]],[[117.44659423828125,33.0063602132054],[117.43560791015625,32.99714648628775]],[[117.7899169921875,32.89342578969233],[117.7899169921875,32.89342578969233]],[[117.696533203125,33.58030298537655],[117.70751953125,33.57114966444732]],[[117.37518310546875,33.206520451760625],[117.3724365234375,33.213414392242655]],[[117.09228515625,33.199625968296345],[117.103271484375,33.190432479136945]],[[116.94122314453125,33.70377775573253],[116.93023681640625,33.715201644740844]],[[117.03460693359375,34.12090013982697],[117.04559326171875,34.13226824445654]],[[116.77642822265625,34.102707993174874],[116.7901611328125,34.095884929552085]],[[117.32574462890625,34.19362958613084],[117.33673095703125,34.189085831172406]],[[117.652587890625,34.05948596794815],[117.630615234375,34.070862323766306]],[[117.65533447265625,34.615126683462194],[117.6580810546875,34.60382391547705]],[[117.784423828125,35.427106012801374],[117.76519775390625,35.43158201322126]],[[117.9107666015625,35.21420969483077],[117.894287109375,35.21196570103912]],[[117.5921630859375,35.232159412017154],[117.5811767578125,35.23440284749623]],[[117.46856689453125,34.903952965590065],[117.4822998046875,34.90620544067929]],[[117.213134765625,35.00975247399124],[117.22412109375,34.996253759790136]],[[117.15545654296875,35.169318036011305],[117.14447021484375,35.17380831799959]],[[117.1746826171875,35.142371137139904],[117.1746826171875,35.140125159372346]],[[116.75994873046875,35.28598473606576],[116.7626953125,35.294952147406576]],[[117.24334716796875,34.85212898939811],[117.24884033203125,34.867904962568716]],[[117.41363525390625,34.52239858066332],[117.40264892578125,34.50429323877128]],[[117.06207275390625,34.3797125804622],[117.081298828125,34.38424604015218]],[[116.026611328125,34.84085858477276],[116.015625,34.84536693184101]],[[115.5487060546875,34.37744575857741],[115.53497314453125,34.38424604015218]],[[115.477294921875,34.40917568058836],[115.45806884765625,34.41144164327244]],[[115.63934326171875,34.991753693504876],[115.631103515625,34.99850370014629]],[[116.0760498046875,35.460669951495305],[116.05682373046875,35.462907049749035]],[[116.158447265625,35.0075028429529],[116.15570068359375,35.0075028429529]],[[116.23260498046875,34.98725337980076],[116.2188720703125,34.98275281869195]],[[116.2078857421875,35.074964853989556],[116.19964599609375,35.07271701786368]],[[116.29852294921875,35.16707280202651],[116.290283203125,35.17605336599959]],[[116.50726318359375,35.02999636902565],[116.4935302734375,35.02999636902565]],[[116.422119140625,35.28598473606576],[116.43310546875,35.294952147406576]],[[116.45782470703125,35.52775582793653],[116.466064453125,35.52775582793653]],[[116.3836669921875,35.862343734896484],[116.38092041015625,35.8356283888737]],[[116.47705078125,35.86011779983255],[116.466064453125,35.85343961959181]],[[115.8343505859375,35.69745580725804],[115.850830078125,35.70191673285339]],[[115.5706787109375,35.63274434801063],[115.56243896484375,35.628279555648845]],[[116.0101318359375,36.14231087352999],[116.00738525390625,36.14231087352999]],[[115.66680908203125,36.155617833818525],[115.6805419921875,36.16892253622743]],[[115.65582275390625,36.12234620030519],[115.653076171875,36.11569018065339]],[[115.83984375,36.363798554158635],[115.8563232421875,36.363798554158635]],[[115.86456298828125,36.467680698273455],[115.872802734375,36.463263012391266]],[[116.34521484375,36.59347887826918],[116.3397216796875,36.58245213849011]],[[116.2408447265625,36.25091828815388],[116.24908447265625,36.25534804304091]],[[116.44683837890625,36.16448788632064],[116.4385986328125,36.17779108329074]],[[116.4385986328125,36.04243673532787],[116.42486572265625,36.03577394783581]],[[116.64459228515625,36.12900165569653],[116.619873046875,36.12900165569653]],[[116.8560791015625,36.57142382346278],[116.84783935546875,36.58024660149866]],[[117.09228515625,36.56480607840351],[117.0977783203125,36.573629612479294]],[[117.257080078125,36.213255233061844],[117.27081298828125,36.1955251660701]],[[117.28729248046875,36.124564748133295],[117.301025390625,36.097938036628065]],[[117.2900390625,36.13787471840729],[117.29827880859375,36.13343831245865]],[[117.169189453125,36.155617833818525],[117.158203125,36.14452885702774]],[[117.04833984375,36.13565654678543],[117.01812744140625,36.14896463588832]],[[116.80938720703125,36.23098128347793],[116.79840087890625,36.22876574685928]],[[116.82037353515625,36.12678323326426],[116.83135986328125,36.12012758978146]],[[117.05108642578125,35.82672127366604],[117.059326171875,35.8356283888737]],[[117.03460693359375,35.53893136033349],[117.04010009765625,35.54563593249942]],[[117.09503173828125,36.0268893543019],[117.09228515625,36.03799493963656]],[[117.6910400390625,35.84008157153468],[117.71026611328125,35.82672127366604]],[[117.79266357421875,35.77325759103725],[117.80364990234375,35.77102915686018]],[[117.7349853515625,36.18000806322456],[117.7349853515625,36.18665862660454]],[[117.7569580078125,36.25756282630297],[117.740478515625,36.25534804304091]],[[117.8009033203125,36.403599620732535],[117.81463623046875,36.412441535356436]],[[118.0535888671875,36.359374956015856],[118.07281494140625,36.357163062654365]],[[118.333740234375,36.58906837139911],[118.34747314453125,36.58906837139911]],[[118.63037109375,36.53612263184685],[118.62213134765625,36.544949441483226]],[[118.27880859375,36.17779108329074],[118.289794921875,36.16448788632064]],[[119.3115234375,35.47632833265729],[119.29229736328125,35.47856499535729]],[[119.46533203125,35.47632833265729],[119.45709228515625,35.48080159582862]],[[119.2620849609375,36.06464195517141],[119.25384521484375,36.060201412392914]],[[119.57244873046875,36.299631776505535],[119.57244873046875,36.299631776505535]],[[119.619140625,36.29741818650811],[119.60540771484375,36.28856319836237]],[[120.01190185546875,36.19995805932895],[120.01739501953125,36.19774164407363]],[[119.94873046875,36.2243344853143],[119.95147705078125,36.20882309283712]],[[120.11627197265625,36.08018188118015],[120.12451171875,36.06908224732973]],[[120.16021728515625,36.12234620030519],[120.12725830078125,36.13565654678543]],[[120.157470703125,36.239842802224274],[120.18768310546875,36.24427318493909]],[[120.11077880859375,36.416862115300304],[120.0860595703125,36.41465185677697]],[[120.025634765625,36.408020703829834],[120.04486083984375,36.41023115104021]],[[120.56671142578125,36.51405119943165],[120.5584716796875,36.50301312197294]],[[120.4266357421875,36.27970720524017],[120.42938232421875,36.28856319836237]],[[120.4266357421875,36.24205802497114],[120.421142578125,36.25313319699069]],[[120.30853271484375,36.17113976708937],[120.289306640625,36.16892253622743]],[[119.64935302734375,35.92686865304137],[119.63287353515625,35.92464453144099]],[[119.72076416015625,35.6907639509368],[119.70977783203125,35.68630240145626]],[[119.20166015625,34.42730166315869],[119.1961669921875,34.44089357139117]],[[119.31976318359375,34.397844946449865],[119.33349609375,34.397844946449865]],[[119.46258544921875,34.730326978821225],[119.443359375,34.73935551813358]],[[119.25933837890625,35.12440157992043],[119.27032470703125,35.13563301792719]],[[119.4049072265625,35.41591492345623],[119.3939208984375,35.39352808136067]],[[118.58917236328125,34.96249723244915],[118.60015869140625,34.96699890670368]],[[118.62762451171875,35.418153265695125],[118.6358642578125,35.43158201322126]],[[118.355712890625,35.380092992092145],[118.36395263671875,35.37561413174875]],[[118.2513427734375,35.36889537510474],[118.24310302734375,35.35993616287675]],[[118.2513427734375,35.26804693351555],[118.25408935546875,35.27253175660236]],[[118.23211669921875,35.07271701786368],[118.223876953125,35.05922870088871]],[[118.24859619140625,35.14461705293516],[118.2568359375,35.12889434101051]],[[118.3612060546875,34.899447830057255],[118.3612060546875,34.90170042871546]],[[118.25958251953125,34.899447830057255],[118.245849609375,34.89494244739733]],[[118.21563720703125,34.90620544067929],[118.2073974609375,34.899447830057255]],[[118.2073974609375,34.8295866367682],[118.2073974609375,34.8295866367682]],[[118.47930908203125,34.34797149124496],[118.49578857421875,34.345703810529386]],[[118.33648681640625,34.43862840686651],[118.33099365234375,34.44768869649744]],[[118.2403564453125,33.84760762988742],[118.245849609375,33.83848275599513]],[[118.4710693359375,33.72890830547334],[118.49029541015625,33.72205524868728]],[[118.39691162109375,33.93196649986436],[118.38592529296875,33.92285064485908]],[[118.92974853515625,33.607757123330956],[118.9215087890625,33.614619292333785]],[[118.99017333984375,33.50704924881552],[118.99017333984375,33.51391942394942]],[[119.11651611328125,33.706062655101206],[119.12750244140625,33.70834749368841]],[[119.2401123046875,33.45665130188186],[119.24560546875,33.447484889088855]],[[118.17718505859375,33.532237223959086],[118.1689453125,33.53452667616054]],[[118.7347412109375,32.861132322810946],[118.7237548828125,32.87266705436184]],[[118.7127685546875,32.623183478738696],[118.71551513671875,32.62780989050404]],[[118.421630859375,32.3590832787397],[118.43536376953125,32.35444302709291]],[[118.23486328125,32.10584293285768],[118.212890625,32.09653629470277]],[[118.3447265625,32.12677940089151],[118.333740234375,32.12677940089151]],[[118.5699462890625,32.0453328388585],[118.5809326171875,32.03602003973755]],[[118.82537841796875,31.989441837922882],[118.84185791015625,32.005746901214636]],[[118.80889892578125,32.196532930062816],[118.81988525390625,32.18491105051798]],[[118.72100830078125,32.27320009948134],[118.73199462890625,32.27784451498272]],[[118.740234375,32.43329491065414],[118.74298095703125,32.41474772122966]],[[118.86383056640625,32.11514862261245],[118.85009765625,32.13375715632645]],[[118.93524169921875,32.06861069132688],[118.9434814453125,32.0639555946604]],[[119.40765380859375,32.05231681645637],[119.39666748046875,32.061627957476404]],[[119.36920166015625,32.19420867287538],[119.3829345703125,32.19885712788488]],[[119.454345703125,32.3590832787397],[119.46533203125,32.36372329228304]],[[119.3719482421875,32.345161809561944],[119.35821533203125,32.34980253736093]],[[119.91302490234375,32.72028788113862],[119.8992919921875,32.72490926707168]],[[120.069580078125,32.565333160841035],[120.0750732421875,32.57459172113418]],[[120.00640869140625,32.560703522325156],[119.9981689453125,32.55144352864431]],[[119.59991455078125,32.49354692775991],[119.57794189453125,32.48891358848037]],[[119.64111328125,32.01506277844936],[119.63836669921875,32.02670629333615]],[[119.7564697265625,32.150036509965304],[119.74273681640625,32.163987928240246]],[[120.0201416015625,32.05231681645637],[120.00640869140625,32.043004727894]],[[120.14923095703125,32.15468722002481],[120.157470703125,32.15236189465577]],[[119.9267578125,32.345161809561944],[119.9212646484375,32.3405208437142]],[[119.9432373046875,32.333558948641084],[119.94049072265625,32.321954600200584]],[[120.003662109375,32.44952057251956],[119.99267578125,32.43793111207064]],[[120.574951171875,32.4796461941074],[120.59417724609375,32.46806060917602]],[[120.30029296875,32.12212726745142],[120.30303955078125,32.11980111179328]],[[120.24261474609375,32.00341778396367],[120.234375,32.00341778396367]],[[120.7232666015625,32.12445336381826],[120.706787109375,32.11514862261245]],[[120.69580078125,32.110495896294395],[120.684814453125,32.12445336381826]],[[120.72601318359375,32.054644690549324],[120.72052001953125,32.070938150804665]],[[120.904541015625,32.091882620021806],[120.904541015625,32.10118973232095]],[[120.79742431640625,32.21512485021502],[120.8221435546875,32.22441938515301]],[[120.33599853515625,33.28461996888768],[120.33050537109375,33.30069061612909]],[[120.10528564453125,33.277731642555224],[120.0970458984375,33.28461996888768]],[[120.1025390625,33.323643547941046],[120.09979248046875,33.30987251398258]],[[119.81964111328125,34.06176136129719],[119.8333740234375,34.06176136129719]],[[119.92950439453125,34.12090013982697],[119.915771484375,34.11407854333859]],[[120.29205322265625,33.744896643156224],[120.28656005859375,33.73119253613477]],[[121.168212890625,32.25462006000723],[121.17919921875,32.25694277294588]],[[121.02264404296875,32.15236189465577],[121.02813720703125,32.150036509965304]],[[120.95947265625,32.0732655510424],[120.9375,32.08722870829662]],[[121.47857666015625,37.43561240413149],[121.46484375,37.42906945530332]],[[121.94549560546875,37.08147564886052],[121.92352294921875,37.079284451973024]],[[121.29730224609375,36.77409249464195],[121.29180908203125,36.77409249464195]],[[121.5142822265625,37.068327517596586],[121.47857666015625,37.07709319175443]],[[121.51702880859375,37.068327517596586],[121.6021728515625,37.05956083025126]],[[121.39617919921875,37.07490186820611],[121.3934326171875,37.083666782415534]],[[120.55572509765625,36.92793899776677],[120.5694580078125,36.93013456125328]],[[120.53375244140625,37.00035919622158],[120.53375244140625,36.98500309285596]],[[120.44036865234375,36.89719446989035],[120.42388916015625,36.88621127842177]],[[120.37445068359375,37.56417412088096],[120.3662109375,37.56635122499223]],[[120.4815673828125,37.34177550214858],[120.4705810546875,37.35487607348372]],[[119.64935302734375,36.9345254985149],[119.66583251953125,36.9345254985149]],[[119.55596923828125,36.747687731900555],[119.564208984375,36.76309161490538]],[[119.30877685546875,36.70365959719456],[119.33624267578125,36.69705320010033]],[[118.9544677734375,36.7586908210984],[118.95721435546875,36.74328605437938]],[[119.13848876953125,36.61993662562922],[119.1522216796875,36.61993662562922]],[[118.49853515625,36.813682591245865],[118.5040283203125,36.813682591245865]],[[118.5260009765625,36.804886560237236],[118.55072021484375,36.80048816579081]],[[118.12774658203125,36.76089124956562],[118.1304931640625,36.747687731900555]],[[118.16619873046875,36.83346996591304],[118.15521240234375,36.82027895130875]],[[118.157958984375,36.85325222344018],[118.16070556640625,36.86863488530102]],[[118.125,36.85105444755651],[118.13323974609375,36.85984517196147]],[[118.1524658203125,36.87962060502676],[118.157958984375,36.881817559364634]],[[118.388671875,36.83786646539974],[118.40240478515625,36.83346996591304]],[[118.16619873046875,36.94989178681327],[118.16070556640625,36.94989178681327]],[[118.245849609375,37.07709319175443],[118.2403564453125,37.07271048132944]],[[118.17718505859375,37.247821201554274],[118.18817138671875,37.24344837865411]],[[118.55621337890625,37.66425503616459],[118.54522705078125,37.66425503616459]],[[118.9544677734375,39.35978526869002],[118.948974609375,39.37040245787162]],[[118.17718505859375,39.30454987014582],[118.1854248046875,39.29392267616436]],[[118.575439453125,39.480725519034394],[118.56719970703125,39.48920467334085]],[[118.2623291015625,39.59510684995192],[118.2513427734375,39.5908738659559]],[[118.2293701171875,39.78321267821704],[118.245849609375,39.78954439311164]],[[118.6029052734375,39.85704642313064],[118.6138916015625,39.869695670456565]],[[118.5919189453125,39.688167045890395],[118.61114501953125,39.688167045890395]],[[119.38018798828125,39.93080082075275],[119.39117431640625,39.94133068378693]],[[119.27032470703125,40.06546068206555],[119.28131103515625,40.06546068206555]],[[118.62762451171875,39.9981639445858],[118.6358642578125,39.983433932953204]],[[118.289794921875,40.096983167279575],[118.27880859375,40.09908414736847]],[[119.99542236328125,40.48038142908172],[119.9981689453125,40.47829226856018]],[[120.1300048828125,40.222927124178],[120.12451171875,40.21453812929633]],[[120.1025390625,40.201952689540576],[120.0860595703125,40.19985488905769]],[[120.36346435546875,40.36747374615592],[120.377197265625,40.37375136672051]],[[120.70953369140625,40.668139554080426],[120.70404052734375,40.67438908251788]],[[122.23388671875,40.93841495689796],[122.22564697265625,40.94671366508001]],[[121.33575439453125,38.93804838256412],[121.31378173828125,38.942320979479035]],[[121.5911865234375,39.063981730126244],[121.60491943359375,39.063981730126244]],[[121.717529296875,39.02558514933796],[121.71478271484375,39.049052206453524]],[[122.26959228515625,39.40861097325808],[122.2613525390625,39.41497702499075]],[[121.81915283203125,39.425585819514396],[121.8109130859375,39.419220736559566]],[[122.882080078125,39.68605343225988],[122.8765869140625,39.688167045890395]],[[122.47283935546875,39.54217596171196],[122.464599609375,39.535821539950376]],[[122.4591064453125,40.678555109399184],[122.4481201171875,40.666056247773355]],[[122.60467529296875,40.820045086716505],[122.618408203125,40.822123575169456]],[[121.66534423828125,31.872892847840674],[121.651611328125,31.88455439374627]],[[121.22314453125,31.924192605327704],[121.22039794921875,31.935847653299433]],[[120.47882080078125,31.812229022640707],[120.487060546875,31.812229022640707]],[[120.3167724609375,31.814562984184235],[120.30303955078125,31.840232667909362]],[[119.93499755859375,31.863562548378965],[119.9212646484375,31.865895211796342]],[[119.871826171875,31.8798899525235],[119.8663330078125,31.889218598760962]],[[119.8773193359375,31.94283997285308],[119.88006591796875,31.928854801809592]],[[118.80889892578125,31.868227816180678],[118.795166015625,31.875225275111617]],[[118.7896728515625,31.921861418447264],[118.7786865234375,31.97313387588173],[118.80340576171875,31.980123357368043]],[[118.68255615234375,31.93351676190369],[118.67156982421875,31.928854801809592]],[[118.6688232421875,31.938178485591123],[118.68804931640625,31.952162238024968]],[[117.52899169921875,31.89621446335144],[117.52349853515625,31.88455439374627]],[[117.34771728515625,31.805226784149482],[117.33123779296875,31.805226784149482]],[[116.99066162109375,31.947501223670642],[116.9879150390625,31.954492656522532]],[[116.79840087890625,31.900878077763068],[116.7901611328125,31.89155061268437]],[[116.32049560546875,31.85423130442635],[116.334228515625,31.84956532831343]],[[116.06231689453125,31.833232553025212],[116.048583984375,31.81689688674699]],[[115.61737060546875,31.938178485591123],[115.62286376953125,31.935847653299433]],[[114.50775146484375,31.85423130442635],[114.5159912109375,31.84723225173113]],[[114.24957275390625,31.85189834587929],[114.23309326171875,31.84956532831343]]]},"properties":{"kind":"highway","kind_detail":"motorway_link","source":"Protomaps / OpenStreetMap","source_zoom":5},"id":35184394156010},{"type":"Feature","geometry":{"type":"MultiLineString","coordinates":[[[112.56591796875,32.10118973232095],[112.8240966796875,31.991771310172098]],[[112.32421875,31.980123357368043],[112.35443115234375,32.00108860754044],[112.3516845703125,32.10118973232095]],[[112.8240966796875,31.989441837922882],[112.9119873046875,31.959153316146654],[113.2305908203125,31.711812914350972],[113.68927001953125,31.17520982831084]],[[113.20037841796875,31.625321213299188],[113.3349609375,31.868227816180678],[113.33221435546875,32.00341778396367],[113.39263916015625,32.070938150804665],[113.389892578125,32.10118973232095]],[[113.20037841796875,31.627659885545228],[113.17291259765625,31.487235582017448],[113.1976318359375,31.381778782110985],[113.24432373046875,31.325486676506983],[113.2305908203125,31.226894468813995],[113.29376220703125,31.076460800121126],[113.21685791015625,30.895154371444704],[113.1646728515625,30.8456474201826],[113.1317138671875,30.77015911578421],[113.09600830078125,30.583543786271377],[113.10699462890625,30.46998139622127],[113.0438232421875,30.282788098216884],[113.0218505859375,30.01916538794235],[113.02734375,29.88589962169624],[113.10150146484375,29.695210649161083],[113.236083984375,29.53283986345339],[113.2525634765625,29.358239465729355],[113.1591796875,29.05857058301332],[113.0218505859375,28.9023972285585],[112.8900146484375,28.49283312896509],[112.78564453125,28.42280662001366],[112.7362060546875,28.335812685613348],[112.5823974609375,28.425222099239036],[112.489013671875,28.52420925694493]],[[113.8677978515625,32.10118973232095],[113.90350341796875,32.01506277844936],[113.99688720703125,31.907873056360202],[114.0655517578125,31.872892847840674],[114.16717529296875,31.889218598760962],[114.23309326171875,31.868227816180678]],[[113.6920166015625,31.17520982831084],[113.763427734375,31.111740106979667],[113.89251708984375,31.06940336686411],[114.18365478515625,30.918720119722195],[114.32098388671875,30.746556862773616]],[[112.32421875,31.273855991548857],[112.34619140625,31.34425445566805],[112.32421875,31.46615371502429]],[[112.62908935546875,30.725309888823375],[112.972412109375,30.60482195075798],[113.16741943359375,30.569355748003844],[113.62884521484375,30.600093873550065],[113.72772216796875,30.647364258243186],[113.87054443359375,30.59300132508085],[113.93096923828125,30.503117468399395],[113.91998291015625,30.526779182105784]],[[112.32421875,30.35628642525117],[112.489013671875,30.33258331240559],[112.76092529296875,30.38235321766959],[113.02734375,30.39893755761868],[113.5601806640625,30.339694848974247],[113.60137939453125,30.375244781665316],[113.818359375,30.453409130203596],[114.05181884765625,30.462879341709893]],[[112.32421875,30.057208490818937],[112.38189697265625,30.121373087823045],[112.4066162109375,30.33258331240559]],[[112.42034912109375,29.65464247966365],[112.48077392578125,29.714295887474805],[112.510986328125,29.8382614512946],[112.510986328125,29.983486718474694],[112.55218505859375,30.066716983885613],[112.598876953125,30.29464639587171],[112.59613037109375,30.403675423321417],[112.51373291015625,30.588272671026985],[112.5054931640625,30.711142637210045],[112.5494384765625,30.85272140721844],[112.65106201171875,30.965834202421135],[112.67852783203125,31.078813161461056],[112.66204833984375,31.182259396364202],[112.67578125,31.3020216901361],[112.61810302734375,31.658057274089913],[112.87628173828125,32.09886304314587]],[[112.51922607421875,29.547177213315805],[112.49176025390625,29.599730094380433],[112.42034912109375,29.65464247966365],[112.32421875,29.695210649161083]],[[113.1646728515625,29.599730094380433],[113.2855224609375,29.6594160549124],[113.44757080078125,29.847790904477122],[113.499755859375,29.859701442126763],[113.6260986328125,29.947795225672394],[113.82659912109375,30.135626231134594]],[[113.3953857421875,30.045321590268856],[113.5546875,30.149877316442073],[113.6151123046875,30.247204606534154],[113.88153076171875,30.282788098216884]],[[113.82110595703125,29.70952491792356],[113.67279052734375,29.761993109601534],[113.51348876953125,29.9120909187815],[113.477783203125,30.00251693857068],[113.3953857421875,30.045321590268856],[113.1866455078125,30.007273923504556],[113.05755615234375,29.94541533710445],[112.906494140625,29.940655389125],[112.708740234375,29.993002284551082],[112.38739013671875,30.14037682159973]],[[113.83209228515625,30.13325085015049],[113.851318359375,30.17362455035854],[113.83758544921875,30.221101852485987],[113.90350341796875,30.304132001763676],[114.08477783203125,30.358656420788776],[114.16717529296875,30.441570071519465]],[[113.85406494140625,30.453409130203596],[113.917236328125,30.529145036680404],[114.16168212890625,30.578814670835015]],[[114.18365478515625,30.462879341709893],[114.169921875,30.441570071519465]],[[114.2303466796875,30.63318556699761],[114.23583984375,30.682801890953783]],[[114.158935546875,30.63318556699761],[114.16168212890625,30.673353126358165],[114.10400390625,30.706419757489712]],[[114.1094970703125,30.7040582309195],[114.00238037109375,30.772519022811153],[113.994140625,30.85272140721844]],[[114.20562744140625,30.734753566735037],[114.180908203125,30.69697330439986],[114.1094970703125,30.678077624205258],[114.1094970703125,30.583543786271377],[114.136962890625,30.51731518776188],[114.1204833984375,30.491284452100203],[114.22210693359375,30.41551908181151],[114.4171142578125,30.38472258144958]],[[114.1973876953125,30.732392734006083],[114.0216064453125,30.682801890953783]],[[114.23583984375,30.685163937659567],[114.19189453125,30.7040582309195],[114.202880859375,30.763079047459016]],[[114.224853515625,30.74419631925535],[114.19189453125,30.75127777625781]],[[114.3182373046875,30.75127777625781],[114.35394287109375,30.791396195188923]],[[114.29351806640625,30.666265946323293],[114.32098388671875,30.82678090477978]],[[114.26605224609375,30.616641134091196],[114.224853515625,30.74419631925535],[114.268798828125,30.805551642785957]],[[114.38690185546875,30.689887857721203],[114.4061279296875,30.753638146218577],[114.4390869140625,30.779598396611533]],[[114.521484375,30.597729748412036],[114.48028564453125,30.63554882653324],[114.4610595703125,30.73711434162705],[114.345703125,30.758358712564487],[114.1973876953125,30.734753566735037]],[[114.45556640625,30.403675423321417],[114.54620361328125,30.38235321766959],[114.5819091796875,30.344435586368462],[114.708251953125,30.35154626192903],[114.7576904296875,30.282788098216884],[114.7686767578125,30.145127183376133],[114.873046875,30.040566430584605]],[[114.23858642578125,30.325471259328083],[114.3402099609375,30.315987718557864],[114.4775390625,30.4297295750316],[114.5709228515625,30.460511875130663]],[[114.19189453125,30.342065246371632],[114.22210693359375,30.427361303226718]],[[114.2523193359375,30.4297295750316],[114.22760009765625,30.334953881988568]],[[114.01885986328125,30.007273923504556],[114.1259765625,30.118997363895105],[114.18914794921875,30.342065246371632]],[[114.37591552734375,29.89304338543417],[114.36492919921875,29.761993109601534],[114.30999755859375,29.635545914466675],[114.41436767578125,29.511330027309143],[114.5159912109375,29.482643134466613],[114.59014892578125,29.494596993903258],[114.708251953125,29.40849774406908]],[[114.87579345703125,30.040566430584605],[114.9005126953125,30.0262995822237]],[[115.1641845703125,29.702368038541763],[115.07354736328125,29.828731088914537],[115.0433349609375,29.966832283731065],[114.9664306640625,29.978728593469924],[114.9005126953125,30.021543509740027]],[[115.00213623046875,30.251949817104972],[114.95819091796875,30.339694848974247],[114.84832763671875,30.349176094149826],[114.80438232421875,30.375244781665316],[114.72198486328125,30.491284452100203],[114.43084716796875,30.597729748412036]],[[115.10101318359375,30.263811840754926],[115.15594482421875,30.361026358907182],[115.06256103515625,30.460511875130663],[115.02685546875,30.54570440548099],[114.91424560546875,30.661540870820915],[114.873046875,30.748917348441964],[114.93621826171875,31.10703695640707],[114.906005859375,31.416944229585397],[114.88128662109375,31.442723849469118],[114.88677978515625,31.587894464070402],[114.9169921875,31.660395123073883],[114.89501953125,31.697792705312864],[114.89501953125,31.81689688674699],[114.91973876953125,31.85189834587929],[114.9444580078125,32.01972036197235],[114.9169921875,32.10118973232095]],[[114.90875244140625,30.29464639587171],[115.03509521484375,30.315987718557864]],[[115.0213623046875,30.689887857721203],[115.0103759765625,30.6260954420505],[114.95269775390625,30.555165634175708],[114.752197265625,30.524413269923983]],[[114.74945068359375,30.78431768971889],[114.58740234375,30.777238663227422]],[[114.7467041015625,30.8244223296079],[114.7412109375,30.640275172418683],[114.76043701171875,30.562260950499436],[114.708251953125,30.479449996609702],[114.65057373046875,30.251949817104972],[114.6697998046875,30.114245744598506],[114.642333984375,29.966832283731065]],[[114.58465576171875,30.779598396611533],[114.54620361328125,30.838572911522633],[114.4610595703125,30.85743710875022],[114.3511962890625,30.843289308584104],[114.27154541015625,30.805551642785957]],[[114.55169677734375,31.017632855634176],[114.54071044921875,31.076460800121126],[114.6038818359375,31.248030044481112]],[[114.06280517578125,30.975254231355862],[114.08477783203125,31.240985378021307],[114.0435791015625,31.363018491291186],[114.14520263671875,31.57151553151978],[114.158935546875,31.665070644571784],[114.23583984375,31.840232667909362],[114.3182373046875,31.900878077763068],[114.32373046875,31.94517062781857],[114.2138671875,32.10118973232095]],[[114.05731201171875,30.97760909334869],[114.03533935546875,30.682801890953783]],[[113.9117431640625,31.057639814130127],[113.8568115234375,30.979963897240083],[113.84033203125,30.873940237887624],[113.75244140625,30.79847417956782]],[[114.04083251953125,31.459125370764383],[113.9666748046875,31.431006719178512],[113.83209228515625,31.266813252320716],[113.675537109375,31.168159735435708],[113.5986328125,31.055286929010194],[113.5821533203125,30.99173704508671],[113.5272216796875,30.956413244067264],[113.43658447265625,30.800833391884055],[113.47503662109375,30.668628397433352],[113.48602294921875,30.510216587229976],[113.5491943359375,30.334953881988568],[113.7689208984375,30.15462722077598],[113.94744873046875,30.07860131571654],[114.005126953125,30.009652330442933],[114.114990234375,29.995381033568137],[114.169921875,29.954934549656144],[114.39788818359375,29.88589962169624],[114.75494384765625,29.98586569548955],[114.8345947265625,30.03581104266779],[114.99114990234375,30.045321590268856],[115.02685546875,30.0714708879013],[115.13671875,30.050076521698728],[115.213623046875,30.09048422000535],[115.30975341796875,30.185496022109447],[115.35919189453125,30.275672431597897],[115.7574462890625,30.42262458713084],[115.83160400390625,30.50548389892728],[115.91400146484375,30.533876572997627],[116.06231689453125,30.441570071519465],[116.19140625,30.448673679287566],[116.28204345703125,30.375244781665316]],[[114.07379150390625,31.438037173124457],[114.38140869140625,31.38412355509402],[114.48577880859375,31.28089820501158],[114.9114990234375,31.02704776985439]],[[114.07379150390625,31.442723849469118],[113.851318359375,31.550452675471504],[113.67828369140625,31.669745930760243],[113.10699462890625,31.61830484385284],[112.32421875,31.800558330295203]],[[113.9776611328125,31.926523733115943],[113.79913330078125,31.73984697335503],[113.6041259765625,31.702466343795507],[113.5711669921875,31.667408317080884]],[[114.24407958984375,31.85189834587929],[114.23309326171875,31.865895211796342]],[[114.2742919921875,31.921861418447264],[114.312744140625,31.921861418447264]],[[114.312744140625,31.919530172476954],[114.510498046875,31.85189834587929],[114.51873779296875,31.79588964057517],[114.466552734375,31.683770377276034],[114.48577880859375,31.54108987958581],[114.3896484375,31.339562861785012],[114.3896484375,31.283245492650792],[114.3511962890625,31.208103321325254],[114.356689453125,31.137603270021287],[114.312744140625,31.04587480670449],[114.3072509765625,30.8904405255621],[114.36767578125,30.763079047459016]],[[114.3017578125,31.968473925845103],[114.246826171875,31.89621446335144],[114.23583984375,31.840232667909362]],[[115.400390625,31.674420981619946],[115.4718017578125,31.749189774957088],[115.51849365234375,31.85423130442635],[115.61187744140625,31.938178485591123],[115.5926513671875,32.10118973232095]],[[115.61187744140625,31.940509258776473],[115.42510986328125,31.963813739260488],[115.23834228515625,32.04998888314202],[114.85931396484375,32.06628317261135],[114.68902587890625,32.10118973232095]],[[115.71075439453125,31.452096498983664],[115.84808349609375,31.569175449070897],[115.90850830078125,31.57853542647338],[115.93597412109375,31.60660971922691],[115.960693359375,31.711812914350972],[116.07330322265625,31.842565921526727],[116.114501953125,31.85423130442635],[116.7022705078125,31.870560361529584],[117.2021484375,32.017391599804],[117.35321044921875,32.00807595929106],[117.48504638671875,31.94983176040688]],[[115.68328857421875,31.45443951485325],[115.609130859375,31.505971031689413],[115.565185546875,31.627659885545228],[115.42510986328125,31.674420981619946],[115.081787109375,31.74685416292141],[114.94720458984375,31.73283925365007],[114.81536865234375,31.758531633937167],[114.71099853515625,31.812229022640707],[114.5379638671875,31.823898240526958],[114.49676513671875,31.882222202659705],[114.5050048828125,31.977793589351563],[114.5654296875,32.10118973232095]],[[116.71600341796875,30.871582821957475],[116.77642822265625,30.807910681366465],[116.90826416015625,30.779598396611533],[117.00714111328125,30.642638258763256],[117.00439453125,30.607185902822607],[117.07305908203125,30.59300132508085],[117.06756591796875,30.474715811513846],[116.97418212890625,30.413150465068853],[116.9549560546875,30.27330042806993],[117.01812744140625,30.147502278499246],[117.00164794921875,30.050076521698728],[117.0208740234375,29.950175057288817],[117.1417236328125,29.783449456820605],[117.12249755859375,29.661802757613785],[117.0758056640625,29.580623120820178],[117.0977783203125,29.44677309638942],[117.05657958984375,29.34387539941801],[117.06207275390625,29.08497657598592],[117.04010009765625,29.041763247401377],[116.905517578125,28.943265329407495],[116.88079833984375,28.871134287431147],[116.8780517578125,28.717087374872193],[116.8121337890625,28.615870539671818],[116.82861328125,28.44937385955666],[116.90826416015625,28.318888915773826],[116.9329833984375,28.185822775955288],[116.77093505859375,27.88763921713651],[116.8011474609375,27.763760285581967],[116.72698974609375,27.65677090256574],[116.66656494140625,27.620273282414246],[116.6473388671875,27.50583532200369]],[[116.0540771484375,31.823898240526958],[115.61187744140625,31.938178485591123]],[[116.7681884765625,32.10118973232095],[116.7901611328125,31.898546300090374],[116.7626953125,31.70713974681462],[116.8670654296875,31.482551133122485],[116.87255859375,31.259769987394293],[116.993408203125,31.182259396364202],[117.06756591796875,31.055286929010194],[117.1417236328125,31.010571059441745],[117.28179931640625,30.85036346950237]],[[116.99066162109375,31.947501223670642],[117.09503173828125,31.872892847840674]],[[117.17193603515625,31.569175449070897],[116.53472900390625,31.416944229585397],[116.22711181640625,31.44975342450799],[116.0760498046875,31.42866311735861],[115.631103515625,31.459125370764383],[115.5816650390625,31.41460027631321],[115.5487060546875,31.339562861785012],[115.49652099609375,31.325486676506983],[115.37017822265625,31.203404950917403],[115.32623291015625,31.182259396364202],[115.2191162109375,31.184609135743244]],[[117.388916015625,32.09653629470277],[117.36968994140625,32.00341778396367]],[[117.46856689453125,32.10118973232095],[117.49603271484375,31.926523733115943],[117.5372314453125,31.863562548378965],[117.64434814453125,31.80756092262095],[117.77618408203125,31.781882156411044],[117.81463623046875,31.73984697335503]],[[117.80914306640625,32.10118973232095],[117.84759521484375,31.952162238024968],[117.79815673828125,31.830899063394384],[117.8228759765625,31.76787255014206],[117.80914306640625,31.716485846385325]],[[117.81463623046875,31.73751112568783],[117.9052734375,31.64636714691636],[118.08380126953125,31.55981453201842],[118.11126708984375,31.49191979634118],[118.201904296875,31.46849637920596],[118.267822265625,31.391157522824713],[118.377685546875,31.388812925453337],[118.4930419921875,31.320794146937374],[118.5919189453125,31.210452419007567],[118.64959716796875,31.008217011100186],[118.72650146484375,30.91636380602182],[118.80340576171875,30.949346915468567],[119.14947509765625,30.958768570779867],[119.42962646484375,30.86451022625836],[119.52301025390625,30.911651004518248],[119.68505859375,30.91636380602182],[119.83062744140625,30.96818929679425],[120.003662109375,30.972899311264143],[120.08331298828125,30.925788712587007],[120.34423828125,30.881012137733634],[120.42388916015625,30.902224705171434],[120.45135498046875,30.935212690426724]],[[117.88604736328125,31.435693747063894],[117.79266357421875,31.440380540593694],[117.6251220703125,31.367708915120843],[117.2186279296875,31.294981054372286],[117.06756591796875,31.149356922488067],[116.88079833984375,30.789036751261165],[116.33697509765625,30.446305867548077],[116.11724853515625,30.223475116500154],[116.092529296875,30.123748754600427],[116.04034423828125,30.116621582819377],[115.97442626953125,30.05483122485245],[115.9112548828125,30.033433263128998],[115.62286376953125,30.00489545954622],[115.477294921875,30.023921574501372],[115.367431640625,30.07622456354285],[115.28778076171875,30.199739899804584],[115.10650634765625,30.25906720321302],[114.949951171875,30.26855624904772],[114.7137451171875,30.42025614284516],[114.5709228515625,30.460511875130663],[114.54071044921875,30.49838443460378],[114.521484375,30.597729748412036],[114.58465576171875,30.666265946323293],[114.58740234375,30.777238663227422],[114.554443359375,30.793755581217667],[114.43359375,30.777238663227422],[114.49951171875,30.958768570779867],[114.5599365234375,31.022340429043638],[115.0433349609375,31.21984822620118],[115.1861572265625,31.208103321325254],[115.2191162109375,31.184609135743244],[115.22186279296875,31.142304905845734]],[[117.564697265625,31.35598241670874],[117.7569580078125,31.30436845183098],[117.95745849609375,31.156408414556992],[117.9656982421875,31.088222024691504],[118.0810546875,30.965834202421135],[118.14697265625,30.946991356457204],[118.42987060546875,30.956413244067264],[118.7567138671875,31.003508740016287],[118.861083984375,30.99409150031616],[118.8775634765625,30.956413244067264]],[[117.828369140625,31.23628864179301],[117.75146484375,31.205754165294366],[117.74871826171875,31.14700630855657],[117.68280029296875,31.022340429043638],[117.6580810546875,30.918720119722195],[117.6251220703125,30.885726447651578],[117.56744384765625,30.85979487256077],[117.33123779296875,30.881012137733634],[117.1417236328125,30.718226523201352],[116.97418212890625,30.69697330439986]],[[117.2845458984375,30.85036346950237],[117.35595703125,30.661540870820915],[117.34222412109375,30.571720565199897],[117.36968994140625,30.41551908181151],[117.49603271484375,30.24245916678936],[117.6690673828125,30.088107753367254],[117.7130126953125,29.971590978566113],[117.806396484375,29.89780561015587],[117.82012939453125,29.84302629154662]],[[117.19390869140625,31.264465555752835],[117.17742919921875,31.590234076606848],[117.27081298828125,31.73751112568783],[117.2735595703125,31.793555207271424]],[[116.95770263671875,30.956413244067264],[116.65283203125,30.85507928696859],[116.35894775390625,30.881012137733634],[116.26556396484375,30.8456474201826],[116.20513916015625,30.85979487256077],[115.9442138671875,30.838572911522633],[115.6475830078125,30.76071890894447],[115.5047607421875,30.79611490934485],[115.3289794921875,30.72767089504768]],[[117.00439453125,30.031055426540206],[116.95220947265625,30.021543509740027],[116.86981201171875,30.07622456354285],[116.806640625,30.085731229616613],[116.63909912109375,30.213981716870663],[116.55670166015625,30.33258331240559],[116.5704345703125,30.571720565199897],[116.488037109375,30.663903437451623],[116.3671875,30.70169664654607],[116.33697509765625,30.75599845832167],[116.35894775390625,30.803192546290973],[116.32049560546875,30.85272140721844],[116.27105712890625,31.017632855634176],[116.3232421875,31.097629956393973],[116.3397216796875,31.245681880715523],[116.41387939453125,31.34425445566805],[116.3946533203125,31.496603776074124],[116.4111328125,31.73751112568783],[116.09527587890625,32.10118973232095]],[[116.01837158203125,29.711910431038035],[116.13372802734375,29.74768632486993],[116.26007080078125,29.71668128723107],[116.39190673828125,29.470687864832556],[116.49627685546875,29.40849774406908],[116.98516845703125,29.33908692734107],[117.11700439453125,29.33669260694549],[117.2076416015625,29.3678143847754],[117.31475830078125,29.33908692734107],[117.36419677734375,29.28639889293477],[117.69927978515625,29.23608040616226],[117.9547119140625,29.346269551093656],[118.092041015625,29.465905362203003],[118.20465087890625,29.52567042617582],[118.212890625,29.62599627366079],[118.23760986328125,29.6594160549124],[118.22113037109375,29.759608787303804],[118.28155517578125,29.93113480986868],[118.21563720703125,30.012030680358606],[118.201904296875,30.073847754270204],[118.245849609375,30.114245744598506],[118.2568359375,30.228221472725963],[118.14697265625,30.304132001763676],[117.90802001953125,30.344435586368462],[117.89154052734375,30.427361303226718],[117.9437255859375,30.571720565199897],[117.81463623046875,30.76779915088146],[117.73773193359375,30.848005473822894],[117.55096435546875,30.88336932169227],[117.35595703125,30.998800236414823],[117.1966552734375,31.262117800776537]],[[116.2847900390625,29.695210649161083],[116.38092041015625,29.74768632486993],[116.56494140625,29.788216909678937],[116.5924072265625,29.850173125689892],[116.66107177734375,29.88589962169624],[116.7462158203125,29.983486718474694],[116.8780517578125,30.05245390181146]],[[115.3289794921875,30.725309888823375],[115.0048828125,30.692249731071882],[114.7467041015625,30.78667724943695]],[[116.01287841796875,29.728607435707517],[116.0101318359375,29.6761217847243],[115.9332275390625,29.645094649860752],[115.88653564453125,29.578234494739206],[115.86456298828125,29.477861195816843],[115.751953125,29.379781767454972],[115.77117919921875,29.05136777451729],[115.8673095703125,28.839861937967967],[115.7025146484375,28.627925287618567],[115.751953125,28.53627451298992],[115.78216552734375,28.52420925694493],[116.070556640625,28.51938276781837]],[[115.9222412109375,29.630771207229003],[115.90576171875,29.71668128723107],[115.9771728515625,29.821582720574995],[115.9112548828125,30.033433263128998]],[[115.8782958984375,29.566290516578164],[115.79864501953125,29.61405794969147],[115.72723388671875,29.60928222414313],[115.61737060546875,29.652255607121887],[115.477294921875,29.754839972510936],[115.21636962890625,29.699982298744374],[115.10101318359375,29.72383714638906],[114.993896484375,29.70952491792356],[114.7576904296875,29.728607435707517],[114.686279296875,29.72383714638906],[114.6258544921875,29.668962525992498],[114.4390869140625,29.647481692217653],[114.32098388671875,29.580623120820178],[114.14520263671875,29.561512529746736],[113.91448974609375,29.422852691411038],[113.87603759765625,29.37020797386552],[113.7469482421875,29.307956376745324],[113.6590576171875,29.293585226541637],[113.56842041015625,29.312746310577964],[113.5162353515625,29.298375834704203],[113.4173583984375,29.35105768570503],[112.950439453125,29.45633968030988],[112.796630859375,29.547177213315805],[112.5164794921875,29.544787796199472],[112.4560546875,29.413282951826233],[112.32421875,29.3893546604737]],[[115.455322265625,29.76914573606669],[115.52947998046875,29.904948520527967],[115.5377197265625,30.187870144799817],[115.5047607421875,30.280416266674024],[115.3729248046875,30.477082932837675],[115.3125,30.793755581217667],[115.3070068359375,30.918720119722195],[115.367431640625,31.052933985705167],[115.37017822265625,31.203404950917403]],[[115.828857421875,29.437205610623266],[115.84259033203125,29.40131951004149],[116.02935791015625,29.348663646523633],[116.38641357421875,29.468296641713223]],[[115.927734375,29.386961521657497],[115.938720703125,29.4276372231932],[116.06781005859375,29.523280500828605],[116.114501953125,29.666575993156655],[116.08978271484375,29.73099249532227]],[[115.58441162109375,28.721904784758905],[115.5322265625,28.76284380526603],[115.35369873046875,28.784510907407807],[115.28228759765625,28.77006667259029],[115.03509521484375,28.683359293140597],[115.01312255859375,28.613459424004418],[114.8675537109375,28.52662241864813],[114.5599365234375,28.48317705857076]],[[115.58441162109375,28.71949610755746],[115.63934326171875,28.66890107414433],[115.71624755859375,28.66649117698661]],[[115.72723388671875,28.57246199119784],[115.51849365234375,28.49283312896509],[115.433349609375,28.51938276781837],[115.37017822265625,28.507315578441776],[115.0323486328125,28.330977597778215],[114.92523193359375,28.294707428421205],[114.83184814453125,28.294707428421205]],[[115.76019287109375,28.565225490654655],[115.77667236328125,28.430052892335723]],[[115.85357666015625,28.531448576319235],[115.89752197265625,28.268101445445325],[115.85906982421875,28.178559849396976],[115.87005615234375,28.12286103189841],[115.84259033203125,28.035622160834336],[115.77117919921875,27.91433965541364],[115.78765869140625,27.841504767610218],[115.77392578125,27.775911526834264],[115.8013916015625,27.6981201476801],[115.67779541015625,27.45953933271788],[115.72723388671875,27.227768109976566],[115.67779541015625,27.05423380878584],[115.72174072265625,26.98327620345266],[115.740966796875,26.865730791177683],[115.83984375,26.787299222156093],[115.90576171875,26.679367271566832],[115.88104248046875,26.546765594479652],[115.89202880859375,26.45827916708413],[115.850830078125,26.335268473041793],[115.806884765625,26.283564932531377],[115.65032958984375,26.180088724387304],[115.499267578125,26.022233955988995],[115.47454833984375,25.928407032694125],[115.499267578125,25.832033242515323]],[[116.08428955078125,28.6785401085332],[116.35894775390625,28.688178255991446],[116.4605712890625,28.755620438104998],[116.62261962890625,28.78932520786553],[116.9989013671875,28.77488163974644],[117.22137451171875,28.871134287431147],[117.57843017578125,28.86151302782818],[117.66632080078125,28.916823103291662],[117.75970458984375,28.93845815364763],[117.83660888671875,29.027354780418392],[117.85308837890625,29.087376785271672],[117.92999267578125,29.111375801265368]],[[116.06781005859375,28.62310355452992],[116.04583740234375,28.625514448757897]],[[117.78717041015625,28.364818591401104],[117.78717041015625,28.166453875740515],[117.8009033203125,28.08894322534917],[117.83935546875,28.04774290722655],[117.80364990234375,27.967720756531094],[117.92449951171875,27.822073862795605],[118.0426025390625,27.768620944918666],[117.97943115234375,27.542371035269653],[118.0645751953125,27.493654053703125]],[[117.059326171875,28.796546241769192],[117.1966552734375,28.606225744900115],[117.3284912109375,28.512142619873373],[117.542724609375,28.420391085674297],[117.56195068359375,28.35515083653415]],[[116.77642822265625,27.858503954841254],[116.6912841796875,27.882783884259112],[116.39739990234375,27.870644599673355],[116.28753662109375,27.824502916144823],[116.22711181640625,27.761329874505236],[116.224365234375,27.673798957817638],[116.19140625,27.60323689456203],[116.07330322265625,27.520451064122113],[115.97442626953125,27.48878116893799],[115.94970703125,27.44735294439377],[115.82611083984375,27.37420635396107],[115.69427490234375,27.379084299555316],[115.3839111328125,27.237536666590685],[115.257568359375,27.227768109976566],[115.1312255859375,27.169138779897082],[114.98016357421875,27.220441130076168]],[[116.79290771484375,27.805068967813085],[117.04010009765625,27.749177005163986],[117.2076416015625,27.617839674947277],[117.35321044921875,27.56672143040973],[117.38616943359375,27.53506486393991],[117.4053955078125,27.44004046509707],[117.55645751953125,27.325415075194414]],[[118.0810546875,27.30589254842438],[118.05908203125,27.18868531527167],[117.99041748046875,27.156920456880883],[117.938232421875,27.088473156555892],[117.88055419921875,27.06890909546337],[117.861328125,27.002855190521245],[117.7679443359375,26.919620973927493]],[[117.6031494140625,27.301011379979172],[117.60589599609375,27.186242185608734],[117.674560546875,27.139812559018225],[117.6580810546875,27.08602783570744],[117.674560546875,27.01019643193152],[117.74871826171875,26.877980817017615],[117.83935546875,26.787299222156093],[117.916259765625,26.76523056569748],[117.97119140625,26.654823010507513],[118.07830810546875,26.56150670403794],[118.125,26.554136386183785]],[[117.257080078125,27.117812842321243],[117.40814208984375,27.181355765758894],[117.52899169921875,27.318094530276994],[117.59765625,27.30345199103455],[117.69378662109375,27.371767300523047],[117.80364990234375,27.379084299555316],[117.9107666015625,27.500962976461636],[117.9876708984375,27.52532254657345]],[[116.488037109375,27.873072565422788],[116.444091796875,28.057438520876673]],[[116.65283203125,28.263263279931962],[116.6363525390625,28.185822775955288],[116.46331787109375,27.98227465910408]],[[115.13671875,27.169138779897082],[115.1531982421875,27.10314396059573],[115.0982666015625,27.015090326515107],[115.0927734375,26.887779882029108]],[[114.8895263671875,27.10558890772988],[114.8565673828125,27.237536666590685],[114.76593017578125,27.43516520966034],[114.79339599609375,27.54967672076461],[114.7796630859375,27.610538528074827],[114.84283447265625,27.664068965384516],[114.83734130859375,27.74188463250708],[114.79339599609375,27.785631542688833],[114.8291015625,28.013801376380712],[114.81536865234375,28.08409694916473],[114.840087890625,28.110748760633527],[114.84832763671875,28.21486954807338],[114.83734130859375,28.415559851665833],[114.71923828125,28.632746799225885],[114.63409423828125,28.683359293140597],[114.63958740234375,28.810986808864513],[114.5928955078125,28.88556450665763],[114.5819091796875,28.95287901179664],[114.79339599609375,29.180941290001783],[114.84832763671875,29.363027037783752],[114.82635498046875,29.41567547121788],[114.840087890625,29.501768632523266],[114.94720458984375,29.611670115197384],[114.9609375,29.831113764737154],[114.8785400390625,29.923993777627715],[114.9114990234375,30.168875561169088],[114.99664306640625,30.251949817104972]],[[113.939208984375,27.061571692162204],[113.9117431640625,27.144700797119597],[113.8787841796875,27.16669522225311],[113.89251708984375,27.364449817684076],[113.82110595703125,27.44979032978422],[113.82110595703125,27.693256343091576]],[[114.3402099609375,27.899776596718084],[114.34295654296875,27.841504767610218]],[[114.63409423828125,28.6785401085332],[114.521484375,28.659261153016075],[114.48028564453125,28.613459424004418],[114.345703125,28.54351300356734],[114.2523193359375,28.430052892335723],[114.1424560546875,28.35273376023781],[113.994140625,28.309216980457762],[113.9117431640625,28.33823014702584],[113.8018798828125,28.318888915773826],[113.6700439453125,28.251166905231486],[113.49700927734375,28.234229675051054],[113.4503173828125,28.205188168057333]],[[114.81536865234375,29.252855985973767],[115.015869140625,29.27442054681336],[115.1092529296875,29.317536019588104],[115.32073974609375,29.346269551093656],[115.40313720703125,29.307956376745324],[115.46630859375,29.32232550375285],[115.57342529296875,29.293585226541637],[115.75469970703125,29.166552295200148]],[[114.71923828125,29.113775395114388],[114.5654296875,29.13536922092716],[114.4830322265625,29.10657644568026],[114.41436767578125,29.024953173722608],[114.09027099609375,28.948072282131648],[114.0325927734375,28.9120147012556],[113.9666748046875,28.803766775462208],[113.84307861328125,28.680949728554964],[113.59039306640625,28.656851034203413],[113.49151611328125,28.6785401085332],[113.4393310546875,28.72431340647347],[113.31298828125,28.76284380526603],[113.04656982421875,28.755620438104998],[112.9888916015625,28.729130483430154],[112.862548828125,28.721904784758905],[112.7362060546875,28.656851034203413],[112.65106201171875,28.64962034533977],[112.489013671875,28.52420925694493],[112.46429443359375,28.594168506232606],[112.32421875,28.671310915880838]],[[113.74420166015625,29.307956376745324],[113.82110595703125,29.386961521657497],[113.85406494140625,29.473079031558157],[113.8018798828125,29.583011690377504],[113.79638671875,29.73576244444908],[114.0216064453125,30.009652330442933]],[[113.203125,29.40610505570929],[113.20587158203125,29.463514026304708]],[[113.20587158203125,29.19532826709913],[113.236083984375,29.1881350308025]],[[112.34344482421875,29.38456832654707],[112.3736572265625,29.173747044774984],[112.35443115234375,29.063372175852237],[112.32421875,29.04656562272885]],[[112.37091064453125,28.478348692223165],[112.32696533203125,28.364818591401104]],[[112.48626708984375,28.52420925694493],[112.40936279296875,28.485591158961483],[112.32421875,28.485591158961483]],[[112.7581787109375,28.246327971048842],[112.54119873046875,28.33823014702584],[112.43682861328125,28.54351300356734],[112.32421875,28.635157471966508]],[[112.8460693359375,28.28019589809702],[112.7801513671875,28.285033294640684],[112.73895263671875,28.335812685613348]],[[112.752685546875,28.076827124762374],[112.7911376953125,28.115593833316765],[112.87353515625,28.12770555728798]],[[112.752685546875,28.07198030177986],[112.6043701171875,28.052590823339827],[112.467041015625,27.99440141104614],[112.32421875,27.97014654331592],[112.3406982421875,27.972572275562527]],[[112.554931640625,27.90705837112199],[112.63458251953125,27.892494332286603],[112.65380859375,27.86821657951407]],[[112.56317138671875,27.909485520346962],[112.576904296875,28.04774290722655],[112.48626708984375,28.188243641850306],[112.47802734375,28.326142289949928],[112.53021240234375,28.362401735238237]],[[113.0548095703125,28.09621222943811],[113.03009033203125,27.9337540167772]],[[113.05755615234375,28.09621222943811],[113.0438232421875,28.171296429593482],[113.0657958984375,28.26568239014648],[113.1866455078125,28.456618312416822],[113.258056640625,28.62310355452992],[113.2470703125,28.810986808864513],[113.26904296875,29.053768766577093],[113.24432373046875,29.214507763499356],[113.4173583984375,29.35105768570503],[113.44207763671875,29.461122634021223],[113.543701171875,29.48025219334427],[113.59039306640625,29.528060295064265],[113.6480712890625,29.537619205973428],[113.73321533203125,29.647481692217653],[113.8568115234375,29.733377498237076],[113.96942138671875,29.785833211631726],[114.11773681640625,29.81681685764994],[114.23858642578125,29.914471604382356],[114.27978515625,29.98586569548955],[114.27154541015625,30.19736606327224],[114.23858642578125,30.325471259328083],[114.169921875,30.349176094149826],[114.05181884765625,30.462879341709893],[114.0380859375,30.678077624205258],[113.95294189453125,30.72058770289763],[113.82110595703125,30.73711434162705],[113.7030029296875,30.836214626064844],[113.5546875,30.86686781614027],[113.26904296875,30.82678090477978],[112.96966552734375,30.942280064232108],[112.90374755859375,30.989382531740574],[112.74993896484375,31.022340429043638],[112.32421875,30.965834202421135]],[[112.88177490234375,28.137393951160064],[112.8570556640625,28.081673729044283],[112.93121337890625,27.938607062267067]],[[113.06304931640625,28.234229675051054],[113.148193359375,28.239069158099042],[113.13995361328125,28.30196245176674],[112.9559326171875,28.330977597778215],[112.84881591796875,28.28019589809702],[112.8460693359375,28.219709908986488],[112.88177490234375,28.137393951160064],[112.95318603515625,28.09136628140695],[113.09600830078125,28.093789282770956],[113.18115234375,28.120438687101057],[113.3624267578125,28.074403740607153]],[[113.15643310546875,28.185822775955288],[113.0438232421875,28.171296429593482]],[[113.148193359375,28.239069158099042],[113.1756591796875,28.069556808283608],[113.1591796875,27.936180566769394]],[[113.2086181640625,28.188243641850306],[113.15643310546875,28.188243641850306]],[[113.7579345703125,27.904631167440087],[113.873291015625,27.928900753321884],[113.94195556640625,27.97984914504167],[114.03533935546875,27.97742357642852],[114.11773681640625,28.018650821833063],[114.19464111328125,28.023500048883022],[114.2742919921875,28.08409694916473],[114.37042236328125,28.09136628140695],[114.44183349609375,28.14950321154457],[114.53521728515625,28.15918963404671],[114.6533203125,28.217289755957054],[114.70550537109375,28.272939391283685],[114.83184814453125,28.292288977397078]],[[113.818359375,27.693256343091576],[113.76617431640625,27.756468889550774],[113.785400390625,27.83421858600917],[113.75244140625,27.924047271926142],[113.697509765625,27.960443068978336],[113.6920166015625,28.04774290722655],[113.62884521484375,28.108326142212576],[113.5107421875,28.195505910618976],[113.3184814453125,28.188243641850306],[113.15093994140625,28.241488817301672]],[[113.58489990234375,27.688392321785656],[113.53271484375,27.62270683579733],[113.48602294921875,27.605670826465442],[112.67578125,27.634873791342528],[112.49725341796875,27.668934069896224],[112.32421875,27.60323689456203]],[[113.44207763671875,27.72243591897343],[113.26904296875,27.80992778090838]],[[113.44482421875,27.73216070958091],[113.302001953125,27.885211577912173],[113.07952880859375,27.943459889766487],[112.65380859375,27.86821657951407],[112.510986328125,27.775911526834264],[112.32421875,27.734591771665478]],[[113.44482421875,27.729729593266242],[113.6700439453125,27.678663629123278],[113.85406494140625,27.70055196869741],[113.93646240234375,27.681095883537267],[114.34295654296875,27.841504767610218],[114.6258544921875,27.82693191514393],[114.89776611328125,27.873072565422788],[115.0103759765625,27.86821657951407],[115.28228759765625,27.948312499250406],[115.4278564453125,27.902203909304404],[115.5596923828125,27.943459889766487],[115.576171875,27.97984914504167],[115.67779541015625,28.025924580499378],[116.04583740234375,28.038046419369948],[116.2188720703125,28.06713326012151],[116.4385986328125,28.057438520876673],[116.5484619140625,28.166453875740515],[116.56768798828125,28.27052044582541]],[[113.43109130859375,27.60810470430411],[113.45855712890625,27.780771643348217],[113.37615966796875,27.97984914504167],[113.3624267578125,28.234229675051054],[113.4228515625,28.37448546561231],[113.5931396484375,28.52662241864813],[113.63433837890625,28.680949728554964],[113.5931396484375,28.758028282691143],[113.60137939453125,28.832643906527778],[113.741455078125,28.991324816170305],[113.78265380859375,29.099376992628493],[113.7469482421875,29.307956376745324]],[[112.85980224609375,27.12759102850208],[112.91748046875,27.029770731463543]],[[112.85980224609375,27.130035441479365],[112.73895263671875,27.171582284054892]],[[112.8021240234375,27.315654241263488],[112.9229736328125,27.269278554175017]],[[112.77740478515625,27.244862521497282],[112.8021240234375,27.315654241263488],[112.763671875,27.371767300523047],[112.60986328125,27.42053815128712]],[[112.72247314453125,27.220441130076168],[112.7252197265625,27.100698960063966],[112.58514404296875,26.961245770526972]],[[112.32421875,27.02243076878952],[112.58514404296875,26.961245770526972],[112.752685546875,26.96369380927679],[112.8460693359375,26.99306612298122],[112.87628173828125,27.0273241305333],[112.98065185546875,27.02243076878952],[113.1646728515625,26.973485432147243],[113.214111328125,26.917171977972316],[113.31024169921875,26.86328062676624],[113.49700927734375,26.787299222156093],[113.52996826171875,26.73334604773261]],[[112.52197265625,26.851029008675013],[112.32421875,26.804460766546157]],[[112.52471923828125,26.75787339384165],[112.532958984375,26.838776064165856],[112.45330810546875,27.093363638115846],[112.46978759765625,27.178912475578528],[112.598876953125,27.379084299555316],[112.62908935546875,27.47659801363777],[112.75543212890625,27.639740194861716],[112.81036376953125,27.86336037597853],[112.7911376953125,27.960443068978336],[112.7471923828125,28.02834905750575],[112.7581787109375,28.246327971048842],[112.7362060546875,28.335812685613348]],[[112.52197265625,26.75542089735913],[112.5494384765625,26.53939432901703],[112.4505615234375,26.384488478587272],[112.52197265625,26.083921329998333],[112.489013671875,25.869109390999313],[112.5,25.676186684959887],[112.44232177734375,25.43583380055557],[112.45330810546875,25.38869799035082],[112.5933837890625,25.311752681576294],[112.64556884765625,25.249664387120887],[112.708740234375,25.117932276583332],[112.57415771484375,24.938747836398363],[112.576904296875,24.794214972389483],[112.65106201171875,24.734358906253803],[112.64556884765625,24.689447940546827],[112.686767578125,24.637031353509528],[112.68402099609375,24.559614286039903],[112.752685546875,24.499645635732875],[112.75543212890625,24.467150664738995],[112.8131103515625,24.44964989775967],[112.9559326171875,24.299543746864117],[113.05206298828125,24.259485382998975],[113.08502197265625,24.206889622398023],[113.0987548828125,24.106647179201786],[113.15643310546875,24.04144746013874],[113.26904296875,23.986252599841805],[113.29925537109375,23.825551306884762],[113.34320068359375,23.77026416023979],[113.35968017578125,23.634459770994653],[113.40087890625,23.576574305545677],[113.37615966796875,23.458207269894118],[113.34320068359375,23.43300907742035],[113.30474853515625,23.33721216650116],[113.27178955078125,23.347299312167777],[113.29376220703125,23.36999258703044]],[[112.81585693359375,26.853479438420024],[112.72247314453125,26.81671742280699],[112.587890625,26.814266197561466],[112.32421875,26.605718655192618]],[[113.53271484375,26.73334604773261],[113.5986328125,26.55904998407553],[113.653564453125,26.50744670637141],[113.73321533203125,26.495156792444035],[113.7799072265625,26.504988828743407],[113.994140625,26.70145259031436],[114.09576416015625,26.73334604773261],[114.26605224609375,26.706359857633544]],[[113.3624267578125,26.84857852587328],[113.32122802734375,26.804460766546157],[113.28277587890625,26.696545111585152],[113.24432373046875,26.674458841825214],[113.22509765625,26.554136386183785]],[[113.36517333984375,26.851029008675013],[113.37890625,26.949004778750293],[113.44757080078125,27.076246018600372],[113.51898193359375,27.322974947245683],[113.5107421875,27.42053815128712],[113.4283447265625,27.581329075043357],[113.433837890625,27.60810470430411]],[[114.2578125,26.694091292950134],[114.35943603515625,26.752968347950258]],[[114.35943603515625,26.75542089735913],[114.44183349609375,26.806912203798277],[114.697265625,26.8706309607671],[114.80987548828125,26.851029008675013]],[[114.66705322265625,26.300802009052887],[114.6917724609375,26.372185441695592],[114.66705322265625,26.404170611853445],[114.64508056640625,26.551679508261216],[114.73297119140625,26.706359857633544],[114.7906494140625,26.75542089735913],[114.85107421875,26.946556420812627],[114.85382080078125,27.05912578437406],[114.9993896484375,27.24974615683658],[115.01861572265625,27.442478012046976],[115.10650634765625,27.554546907810334],[115.169677734375,27.74188463250708],[115.2850341796875,27.858503954841254],[115.28228759765625,27.948312499250406],[115.345458984375,28.040470623280086],[115.4498291015625,28.12770555728798],[115.55419921875,28.16403251662807],[115.77392578125,28.430052892335723]],[[114.6917724609375,26.352497858154024],[114.66705322265625,26.330345320410842],[114.64508056640625,26.217055082529825],[114.68902587890625,26.08145445860754],[114.67803955078125,25.99754991957211],[114.7906494140625,25.74547706736861],[114.7796630859375,25.557309435783125],[114.8236083984375,25.515178744398526],[114.86480712890625,25.510221219663606],[114.8895263671875,25.356436563512105],[114.87030029296875,25.281954265954283],[114.89227294921875,25.14031191468075],[114.88128662109375,25.028372762053436],[114.78790283203125,25.01343981225635]],[[114.72198486328125,25.916055815010864],[114.64508056640625,25.841921351954852],[114.6588134765625,25.780107118422237]],[[114.76593017578125,25.832033242515323],[114.93072509765625,25.923466700919278],[115.24658203125,25.928407032694125],[115.43060302734375,25.876523225444387],[115.50750732421875,25.827088877957934],[115.58441162109375,25.832033242515323],[115.72998046875,25.79494547564967],[115.8013916015625,25.81967194390404],[115.8673095703125,25.876523225444387],[115.960693359375,25.891349498323137]],[[114.345703125,25.35395455852668],[114.2523193359375,25.47551281648971],[114.2742919921875,25.535006795752295],[114.2523193359375,25.564742726875778],[114.27978515625,25.64895443060557],[114.32373046875,25.676186684959887],[114.32647705078125,25.723209559418265],[114.422607421875,25.789999562873618],[114.43634033203125,25.83944940206318],[114.3731689453125,25.992612489709202],[114.290771484375,26.10365442903843],[114.30999755859375,26.18748293472086],[114.290771484375,26.27863958300398],[114.312744140625,26.332806922897873],[114.2742919921875,26.426308999847024],[114.312744140625,26.517277690994334],[114.29901123046875,26.66709580110482],[114.35943603515625,26.74561038219902],[114.3511962890625,26.811814919309285],[114.3731689453125,26.865730791177683],[114.3072509765625,26.919620973927493],[114.3072509765625,26.96369380927679],[114.34844970703125,27.015090326515107],[114.356689453125,27.134924107129393],[114.30450439453125,27.247304365962293],[114.30450439453125,27.322974947245683],[114.37042236328125,27.405909155361044],[114.38140869140625,27.47659801363777],[114.3621826171875,27.52532254657345],[114.4061279296875,27.659203644307922],[114.3841552734375,27.75889940916045],[114.28802490234375,27.75889940916045],[114.246826171875,27.83907609477781],[114.4061279296875,27.967720756531094],[114.4281005859375,28.004101830368654],[114.41162109375,28.14708146899133],[114.45556640625,28.21002896775545],[114.45831298828125,28.268101445445325],[114.532470703125,28.30196245176674],[114.5819091796875,28.359984824037397],[114.55169677734375,28.497660832963476],[114.44183349609375,28.533861572281154],[114.4171142578125,28.584521719370414]],[[114.7796630859375,25.587039832050053],[114.708251953125,25.569697998006674],[114.55169677734375,25.453194979524866],[114.41162109375,25.42591200329217],[114.35394287109375,25.35395455852668],[114.3841552734375,25.257116659859804],[114.3402099609375,25.187544344824488],[114.2138671875,25.09803582382183],[114.1424560546875,25.003483503351504],[114.06280517578125,24.973609735832184],[113.98590087890625,24.998505046275227],[113.86505126953125,24.988547527022064]],[[114.79339599609375,25.668760323272963],[114.89227294921875,25.76031975471389],[115.04058837890625,25.841921351954852],[115.15594482421875,26.019765785872238],[115.26580810546875,26.076520559856974],[115.39215087890625,26.266325294563856],[115.3948974609375,26.39679020510266],[115.42510986328125,26.48778221323812],[115.50201416015625,26.504988828743407],[115.59539794921875,26.581158567686842],[115.72174072265625,26.605718655192618],[115.7904052734375,26.743157621118215],[115.88653564453125,26.725986812271756],[115.92498779296875,26.691637421472706],[116.08978271484375,26.70145259031436],[116.1474609375,26.728439943649306],[116.22711181640625,26.728439943649306],[116.31500244140625,26.797106136843354],[116.4276123046875,26.78239544697975],[116.56219482421875,26.809363588053785],[116.71051025390625,26.8730809659384],[116.91650390625,26.8730809659384],[117.02911376953125,26.93921102789467],[117.26806640625,26.961245770526972]],[[114.87030029296875,25.286921177164416],[114.730224609375,25.27201983343825],[114.67803955078125,25.23475847023373],[114.49951171875,25.192515115191526],[114.36767578125,25.219850725454748]],[[114.74395751953125,24.861518533567946],[114.7357177734375,24.913840438375942],[114.77691650390625,24.966140159912968],[114.8016357421875,25.05574511701532],[114.7796630859375,25.214881071132595],[114.818115234375,25.304303764403613],[114.818115234375,25.381253810395094],[114.7796630859375,25.47551281648971],[114.708251953125,25.537485071759036],[114.68902587890625,25.626668871238564],[114.6478271484375,25.68608778072486],[114.66156005859375,25.780107118422237]],[[115.29327392578125,24.83410297983096],[114.96368408203125,24.69194341912649]],[[114.08203125,24.801694951670044],[114.0985107421875,24.861518533567946],[114.16168212890625,24.933766759388817],[114.17266845703125,25.028372762053436]],[[113.4228515625,24.896402266558724],[113.59039306640625,24.873978140216295],[113.67828369140625,24.831610355586918]],[[113.86505126953125,24.986058021167594],[113.68377685546875,24.836595553891186],[113.53271484375,24.66199437910157]],[[113.04107666015625,25.663809158457227],[113.07403564453125,25.57713052023523],[113.1317138671875,25.522614647623286],[113.1976318359375,25.549875683500616],[113.2965087890625,25.532528468534437],[113.33770751953125,25.562265014427496],[113.4228515625,25.530050090109015],[113.5382080078125,25.527571660479637],[113.587646484375,25.569697998006674],[113.719482421875,25.601902261115725],[113.9447021484375,25.569697998006674],[113.9776611328125,25.547397663603164],[114.158935546875,25.604379153070965],[114.169921875,25.636574077877043],[114.268798828125,25.688562926103543],[114.290771484375,25.723209559418265],[114.50775146484375,25.770213848960253],[114.620361328125,25.76031975471389],[114.76593017578125,25.829561086053516]],[[112.6373291015625,25.646478462796154],[112.73345947265625,25.64895443060557],[112.76641845703125,25.681137335685307],[112.9010009765625,25.70341271817702],[113.04107666015625,25.66628476656517]],[[112.63458251953125,25.646478462796154],[112.32421875,25.539963296551065]],[[112.32421875,24.694438847734347],[112.32421875,24.71689545585933]],[[112.32421875,24.7493256266972],[112.4176025390625,24.903876070498157],[112.4615478515625,24.90885835502671],[112.56591796875,25.01841766402613],[112.70599365234375,25.06320924418648],[112.72247314453125,25.14031191468075],[112.8460693359375,25.35147250259257],[112.9559326171875,25.396141711313803]],[[112.32421875,24.659498301151928],[112.40386962890625,24.614560364814565],[112.445068359375,24.53962791886123],[112.5164794921875,24.492147541216028],[112.60711669921875,24.48714856317342],[112.642822265625,24.454650364990954],[112.686767578125,24.38962882208007],[112.67578125,24.327076540018638]],[[112.53570556640625,24.489648077028676],[112.57415771484375,24.484648999654027]],[[112.32421875,24.003817170108704],[112.45330810546875,24.013852991071445],[112.4835205078125,24.066528197726853],[112.55767822265625,24.106647179201786],[112.92022705078125,24.109154198477526],[113.04931640625,24.174319457949082],[113.16741943359375,24.199374168881917],[113.22784423828125,24.251973033707202],[113.3624267578125,24.284523340980442]],[[112.7581787109375,24.149259828083544],[112.74993896484375,24.19185827231766],[112.6702880859375,24.266997288418167],[112.67852783203125,24.3596075853508]],[[112.7197265625,24.20438452045994],[112.78564453125,24.10163299339662],[112.88726806640625,24.066528197726853],[112.87078857421875,24.043955754397516],[112.92022705078125,23.94609601499839],[112.91748046875,23.77026416023979],[112.94219970703125,23.760209425039207],[112.9559326171875,23.67722824181564],[113.01910400390625,23.662135084369496],[113.05206298828125,23.569022144054955],[113.11248779296875,23.508589226762282],[113.10699462890625,23.485919728174252],[113.18389892578125,23.435529112916896],[113.203125,23.236298608603306]],[[113.3624267578125,24.287026865376433],[113.48052978515625,24.29453714238271],[113.7799072265625,24.216909537721747],[113.88427734375,24.23193793300139],[113.93096923828125,24.26198940079631]],[[113.79364013671875,24.45715052418585],[113.8458251953125,24.437147861615614],[113.8568115234375,24.30455015382509],[113.90899658203125,24.297040469311554],[113.9447021484375,24.234442493099976],[113.9886474609375,24.22191919987297],[114.04632568359375,24.043955754397516],[114.13970947265625,23.971195346707432]],[[113.37615966796875,23.604261847070177],[113.46405029296875,23.556434243209438]],[[113.37615966796875,23.606778606523974],[113.148193359375,23.64955612214773],[113.04107666015625,23.579091596182877],[112.98065185546875,23.483400654325635],[113.0328369140625,23.27162705391828],[113.00262451171875,23.034242642076592],[113.02734375,22.9331007469804],[113.16741943359375,22.907803451058385]],[[113.6865234375,23.717468136962665],[113.74420166015625,23.745125865762915],[113.763427734375,23.79539759797875],[113.807373046875,23.818013536211907],[113.873291015625,23.812988112549903],[114.0435791015625,23.86323358998692],[114.0655517578125,23.918481109336824],[114.13970947265625,23.96868563342325],[114.2083740234375,23.913459582890837]],[[113.81561279296875,23.41284706430993],[113.6260986328125,23.349820978829413]],[[113.81561279296875,23.41536748402241],[113.8677978515625,23.425448682701457],[113.917236328125,23.48843875389896],[113.961181640625,23.50103316052575],[114.04083251953125,23.616845161169948],[114.0875244140625,23.619361679019548],[114.12872314453125,23.591677325244078],[114.19464111328125,23.60929531766476],[114.40338134765625,23.498514375479786],[114.532470703125,23.526218362216596],[114.60113525390625,23.516144859563923],[114.67529296875,23.546363054291575],[114.84283447265625,23.498514375479786],[114.91424560546875,23.51362636346272],[114.96368408203125,23.493476660960866],[115.1202392578125,23.533772983255957]],[[113.75244140625,23.483400654325635],[113.6151123046875,23.50103316052575],[113.56842041015625,23.531254824436445],[113.5272216796875,23.521181707248573],[113.46405029296875,23.55391651832163]],[[113.7579345703125,23.266580706342197],[113.68377685546875,23.23882237936205],[113.4393310546875,23.24639340521435]],[[113.543701171875,23.289287764949123],[113.51348876953125,23.332168306311473],[113.29925537109375,23.332168306311473],[113.302001953125,23.27919621687336],[113.35693359375,23.26153416765183]],[[113.49151611328125,23.27162705391828],[113.6041259765625,23.31703557669873],[113.62335205078125,23.349820978829413]],[[113.49151611328125,23.41536748402241],[113.54644775390625,23.483400654325635],[113.54095458984375,23.516144859563923]],[[113.48876953125,23.41536748402241],[113.46405029296875,23.397723537981236],[113.48052978515625,23.332168306311473]],[[113.30474853515625,23.458207269894118],[113.44757080078125,23.44812856964819],[113.5272216796875,23.521181707248573]],[[113.29376220703125,23.304423652549673],[113.26904296875,23.304423652549673]],[[113.29376220703125,23.301901124188873],[113.3624267578125,23.276673210348193],[113.37066650390625,23.183288403039526],[113.3349609375,23.039297747769723],[113.3404541015625,23.062043375744096]],[[113.35968017578125,23.281719175600017],[113.4173583984375,23.372513822359466],[113.4228515625,23.44812856964819],[113.466796875,23.528736617422013],[113.44757080078125,23.69734973992078],[113.5107421875,23.77026416023979],[113.51348876953125,23.84564988765935],[113.587646484375,23.878303435147103],[113.58489990234375,23.93103407144254],[113.609619140625,23.951116272177757],[113.60137939453125,24.04144746013874],[113.6590576171875,24.139234599693722],[113.68377685546875,24.26198940079631],[113.72772216796875,24.30455015382509],[113.79364013671875,24.45715052418585],[113.78814697265625,24.482149386474248],[113.697509765625,24.524636054156844],[113.6480712890625,24.62704474615603],[113.5931396484375,24.63952788063341],[113.50799560546875,24.73685348477069],[113.3843994140625,24.74433692007308],[113.2635498046875,24.786734541988906],[113.24432373046875,24.814160581042984],[113.18939208984375,24.811667555461852],[113.20587158203125,24.906367237908],[113.13995361328125,24.946219074360087],[113.13995361328125,25.060721252314167],[113.05755615234375,25.14031191468075],[113.0657958984375,25.254632619749458],[113.04107666015625,25.28443774698306],[112.97515869140625,25.294371162588163]],[[113.3624267578125,23.276673210348193],[113.42559814453125,23.251440517055997],[113.4942626953125,23.27162705391828]],[[113.35693359375,23.25901082664879],[113.40087890625,23.228727009959016]],[[113.12896728515625,23.306946133072103],[113.17291259765625,23.218630877057024],[113.1536865234375,23.147936590271485],[113.16741943359375,22.907803451058385],[113.20587158203125,22.7559206814864],[113.192138671875,22.66470981017683],[113.13720703125,22.611475436593366],[113.14544677734375,22.565829569662966],[113.0877685546875,22.548074315418148],[113.02734375,22.588654394218807],[112.88177490234375,22.59372606392931]],[[112.32421875,23.62187814853651],[112.56591796875,23.405285517133322],[112.708740234375,23.380077240656462],[112.78839111328125,23.284242086524202]],[[112.7691650390625,23.327124254593286],[112.91748046875,23.387640227334956],[112.99163818359375,23.44812856964819],[113.05755615234375,23.443088931121792],[113.2415771484375,23.49599554229019],[113.30474853515625,23.463246331550366]],[[112.76641845703125,23.32964630439146],[112.72247314453125,23.27919621687336]],[[112.7911376953125,23.284242086524202],[112.840576171875,23.23882237936205],[112.85430908203125,23.183288403039526],[112.95318603515625,23.14288556959849],[113.126220703125,23.12773136572592]],[[112.32696533203125,23.264057460884302],[112.47802734375,23.334690260349376],[112.6043701171875,23.445608774415305],[112.6812744140625,23.569022144054955],[112.75543212890625,23.576574305545677],[112.818603515625,23.672197382983015],[112.90374755859375,23.72752617195914],[112.95867919921875,23.722497251447336],[112.99713134765625,23.75266786383142],[113.28277587890625,23.757695619849855],[113.48052978515625,23.787858076846504],[113.68377685546875,23.717468136962665]],[[112.32421875,23.18581317530291],[112.5,23.120153621695607],[112.55767822265625,23.165613663312598],[112.5933837890625,23.233774790113884],[112.67578125,23.27919621687336],[112.7911376953125,23.284242086524202],[112.93121337890625,23.24891698501048],[112.96142578125,23.213582524373834],[113.203125,23.236298608603306],[113.2196044921875,23.165613663312598]],[[112.37640380859375,23.183288403039526],[112.3956298828125,23.228727009959016],[112.38189697265625,23.334690260349376],[112.4395751953125,23.503551897424117]],[[112.89276123046875,23.099944212531398],[112.7197265625,23.094891385016638],[112.50823974609375,22.988738160960736],[112.4066162109375,22.998851594142906],[112.32696533203125,22.963451264973543]],[[112.9229736328125,23.155512764341466],[113.04107666015625,23.31703557669873],[113.26904296875,23.306946133072103]],[[112.906494140625,22.976095304428483],[112.8955078125,23.104996849988808],[112.92022705078125,23.155512764341466]],[[113.0218505859375,22.839477183318877],[112.94769287109375,22.89515303255672],[112.906494140625,22.978623970384916]],[[113.192138671875,22.66470981017683],[113.21136474609375,22.626687362153035],[113.19488525390625,22.583582537733903],[113.2525634765625,22.459263801003203],[113.4063720703125,22.228090416784482]],[[112.950439453125,22.674847351188518],[113.060302734375,22.70272172445999],[113.22509765625,22.692586244730677],[113.37890625,22.771116581083135]],[[112.99163818359375,22.636827710810877],[112.9779052734375,22.695120184965702],[113.0218505859375,22.79643932091949],[113.05206298828125,23.03171501811343],[113.1317138671875,23.132782957293628],[113.20587158203125,23.168138769018753],[113.33770751953125,23.173188837559053],[113.5272216796875,23.147936590271485],[113.69476318359375,22.998851594142906],[113.6700439453125,22.879970973215123],[113.68927001953125,22.83694592094386],[113.78265380859375,22.809098927506625],[113.84307861328125,22.745789142425892],[113.829345703125,22.65457152009901],[113.851318359375,22.629222519460498]],[[112.9779052734375,22.695120184965702],[112.82135009765625,22.824288902739497],[112.72796630859375,22.849601761797317],[112.7197265625,22.91792293614604],[112.6483154296875,23.044352663791813],[112.7197265625,23.27919621687336]],[[112.9779052734375,22.692586244730677],[112.906494140625,22.64696731112366],[112.85430908203125,22.52270570348246],[112.79937744140625,22.487181821139302],[112.6043701171875,22.42880136450019],[112.57415771484375,22.393253404773546],[112.467041015625,22.352616035512156],[112.32421875,22.35769635535354]],[[112.3297119140625,22.27130574817764],[112.4176025390625,22.33991442556203]],[[112.51922607421875,22.334833457530493],[112.4395751953125,22.471954507739227],[112.40936279296875,22.68498414287211],[112.467041015625,22.753387867156704],[112.56317138671875,22.783778538608644],[112.62359619140625,22.85972558644609],[112.68951416015625,22.874909909420126],[112.76641845703125,22.94068901460203],[112.96417236328125,22.998851594142906],[113.01361083984375,22.991266590272033]],[[113.1427001953125,22.212834764522583],[113.13446044921875,22.14416381335971],[113.170166015625,22.01436065310321]],[[112.85980224609375,22.555683989943702],[112.7252197265625,22.55314747840319],[112.52197265625,22.62161690727673],[112.44232177734375,22.72045700902588],[112.32421875,22.717923537632174]],[[113.03009033203125,22.59372606392931],[112.9888916015625,22.64443248121715],[112.9559326171875,22.47449250959042],[113.03009033203125,22.33991442556203],[113.060302734375,22.2001204537101]],[[113.1536865234375,22.4846440518709],[113.2745361328125,22.504944902977]],[[113.1536865234375,22.48210623607767],[113.03558349609375,22.40341089271213],[112.906494140625,22.40341089271213],[112.708740234375,22.309425841200195],[112.60986328125,22.299261499741192],[112.4176025390625,22.337373964688652]],[[113.11798095703125,22.55314747840319],[113.18115234375,22.441494859380256],[113.1976318359375,22.355156218589755],[113.35968017578125,22.2001204537101]],[[113.302001953125,22.560756873100104],[113.32672119140625,22.603868842895693]],[[113.45855712890625,22.520168585994384],[113.40362548828125,22.489719543878778],[113.28277587890625,22.49225722008518]],[[113.4613037109375,22.520168585994384],[113.50250244140625,22.54553766398186],[113.71124267578125,22.550610920226646],[113.84857177734375,22.616546265412552],[113.86505126953125,22.65457152009901],[113.9666748046875,22.68751822367979],[114.17266845703125,22.65710616282908],[114.2523193359375,22.710322842052264],[114.345703125,22.73059042549383],[114.554443359375,22.86731796007561],[114.8675537109375,22.887562215174484],[114.89501953125,22.84707068783908],[115.0433349609375,22.806567100271522],[115.1312255859375,22.842008398595794],[115.279541015625,22.82175735786123],[115.433349609375,22.869848657005292],[115.59814453125,22.965980167474115],[116.0650634765625,22.960922315176262],[116.19964599609375,23.03171501811343],[116.29302978515625,23.046880050666118],[116.422119140625,23.024131861805984],[116.5264892578125,23.084785159943735],[116.5484619140625,23.168138769018753],[116.65557861328125,23.23125092389779],[116.74346923828125,23.32460215692096],[116.75994873046875,23.397723537981236],[116.72149658203125,23.498514375479786],[116.751708984375,23.636975950433467],[116.84234619140625,23.69734973992078],[117.2186279296875,23.692319656040908],[117.36419677734375,23.79539759797875],[117.4053955078125,23.94609601499839],[117.45208740234375,23.951116272177757]],[[113.36517333984375,22.266222283797774],[113.18939208984375,22.2026634080092],[113.1207275390625,22.22554792331448],[113.07403564453125,22.215377488459296],[112.85980224609375,21.993988560906033],[112.774658203125,21.973613542607552],[112.686767578125,21.869145728216196],[112.6153564453125,21.836005797984285],[112.53570556640625,21.836005797984285],[112.42034912109375,21.89718120023508],[112.32421875,21.88698712068158]],[[113.367919921875,22.263680482353237],[113.42010498046875,22.301802654450015]],[[113.3624267578125,22.2001204537101],[113.39263916015625,22.128899048260692]],[[113.33770751953125,22.172144917381758],[113.411865234375,22.228090416784482],[113.50799560546875,22.25097078275087],[113.46954345703125,22.31196681097761]],[[113.34320068359375,22.009267904493797],[113.22784423828125,22.1645142591278],[113.2196044921875,22.212834764522583]],[[113.41461181640625,22.067823457478667],[113.47503662109375,22.113632629218046],[113.45855712890625,22.233175265402792],[113.42559814453125,22.25859674097572],[113.4173583984375,22.319589442833916],[113.35418701171875,22.352616035512156],[113.345947265625,22.42880136450019],[113.2745361328125,22.504944902977],[113.3074951171875,22.565829569662966],[113.21136474609375,22.626687362153035]],[[113.565673828125,22.212834764522583],[113.4283447265625,22.16705785788615],[113.29925537109375,22.052550431714693],[113.1536865234375,22.039821650237045],[113.06854248046875,22.001628438498244],[112.90374755859375,22.009267904493797],[112.8790283203125,22.01945321869661],[112.8240966796875,22.14416381335971],[112.82958984375,22.319589442833916],[112.80487060546875,22.4135676383698],[112.82958984375,22.504944902977]],[[113.5821533203125,22.212834764522583],[113.72222900390625,22.284013600962453],[113.87054443359375,22.273847411104626],[114.08477783203125,22.352616035512156]],[[113.6480712890625,22.558220454844033],[113.5986328125,22.631757630008693]],[[113.895263671875,22.65964075875479],[113.93096923828125,22.565829569662966]],[[113.89251708984375,22.65964075875479],[113.8677978515625,22.766051469126936],[113.88427734375,22.81922576591333]],[[113.88153076171875,22.717923537632174],[113.9337158203125,22.715390019335942],[114.00238037109375,22.758453448852336],[114.09576416015625,22.750855005867322],[114.12872314453125,22.776181505086512],[114.1973876953125,22.753387867156704],[114.2523193359375,22.76351884267669],[114.290771484375,22.793907258498933],[114.32647705078125,22.793907258498933],[114.39239501953125,22.73565685220649]],[[113.88153076171875,22.72299043351299],[113.82110595703125,22.753387867156704],[113.763427734375,22.73565685220649]],[[113.8568115234375,22.85466376836665],[113.94744873046875,22.725523811089403]],[[113.7469482421875,22.81416244082486],[113.79638671875,22.864787216003137],[113.917236328125,22.869848657005292],[114.0435791015625,22.955864273707803],[114.04632568359375,22.983681160330875],[113.983154296875,23.067097437847593],[114.00238037109375,23.14288556959849],[113.961181640625,23.155512764341466],[113.939208984375,23.198436321779383]],[[113.66180419921875,22.63936268105668],[113.6041259765625,22.63936268105668],[113.50799560546875,22.717923537632174],[113.44482421875,22.778713896595676],[113.44207763671875,22.839477183318877]],[[113.6041259765625,22.63936268105668],[113.5162353515625,22.588654394218807],[113.32672119140625,22.603868842895693],[113.302001953125,22.662175307872076],[113.33221435546875,22.801503304669694],[113.28826904296875,22.864787216003137]],[[113.323974609375,22.60640442085196],[113.14544677734375,22.570902079599392]],[[113.28277587890625,22.86731796007561],[113.24981689453125,22.965980167474115],[113.17291259765625,22.978623970384916]],[[113.4228515625,22.85972558644609],[113.53271484375,22.890092534815892],[113.74969482421875,22.892622807277988],[113.88427734375,22.983681160330875],[113.93646240234375,22.971037830568946],[113.99688720703125,23.003908026630654],[114.08203125,22.988738160960736],[114.246826171875,23.082258484939914],[114.400634765625,23.0216040482443],[114.45831298828125,23.024131861805984],[114.63958740234375,23.160563309048314],[114.7467041015625,23.33721216650116],[114.89501953125,23.425448682701457],[115.059814453125,23.478362362272506],[115.1202392578125,23.526218362216596],[115.103759765625,23.616845161169948],[115.13397216796875,23.65458785220298],[115.1202392578125,23.742611769344833],[115.21087646484375,23.805449612314632],[115.22186279296875,23.89337152586046],[115.2685546875,23.971195346707432],[115.34820556640625,24.038939116894056],[115.39215087890625,24.26449336927064],[115.433349609375,24.292033766081374],[115.46630859375,24.36461161969538],[115.4498291015625,24.694438847734347],[115.29052734375,24.81665355646996],[115.33721923828125,24.913840438375942],[115.33721923828125,25.023395313968294],[115.37841796875,25.068185076358617],[115.34271240234375,25.219850725454748],[115.38665771484375,25.26953609822708],[115.39215087890625,25.34154376944167],[115.42510986328125,25.386216648026647],[115.4168701171875,25.468073997498138],[115.46630859375,25.626668871238564],[115.5267333984375,25.68608778072486],[115.5322265625,25.750424835909385],[115.49652099609375,25.832033242515323]],[[113.4228515625,22.85719470096963],[113.26629638671875,22.87237930678816],[113.10699462890625,22.831883254915766],[113.01910400390625,22.842008398595794]],[[113.37890625,22.81922576591333],[113.4832763671875,22.849601761797317]],[[113.45855712890625,22.76351884267669],[113.40087890625,22.758453448852336],[113.31298828125,22.83694592094386],[113.27728271484375,23.01654827895625],[113.24981689453125,23.056989123824536]],[[113.50250244140625,22.791375149053493],[113.42010498046875,22.59372606392931],[113.4283447265625,22.548074315418148],[113.53546142578125,22.46941645938385],[113.53546142578125,22.433878901782975],[113.47503662109375,22.31704861179864],[113.42010498046875,22.30434376293222]],[[113.477783203125,22.87237930678816],[113.477783203125,22.93057122993814],[113.3953857421875,23.094891385016638]],[[113.4832763671875,22.87237930678816],[113.48602294921875,22.804035225991186],[113.55743408203125,22.766051469126936],[113.70574951171875,22.82682040054405]],[[113.280029296875,23.034242642076592],[113.291015625,23.064570430524867]],[[113.22235107421875,23.051934682121157],[113.22784423828125,22.986209684312342],[113.2965087890625,22.965980167474115],[113.3843994140625,22.991266590272033]],[[113.36517333984375,23.07973176244988],[113.22235107421875,23.051934682121157],[113.203125,23.064570430524867],[113.192138671875,23.158038060498214]],[[113.25531005859375,23.18833789991561],[113.2470703125,23.168138769018753]],[[113.2525634765625,23.165613663312598],[113.27178955078125,23.40024424568925],[113.31298828125,23.526218362216596],[113.28277587890625,23.586643178460292],[113.24432373046875,23.60174503930736],[113.21685791015625,23.725011735951796],[113.17291259765625,23.79288447286916],[113.16741943359375,23.90090491303775],[113.30474853515625,24.0765591202954],[113.35968017578125,24.22191919987297],[113.367919921875,24.322071022275992],[113.4393310546875,24.402135566630747],[113.52447509765625,24.447149589730813],[113.57391357421875,24.61206333896378],[113.54644775390625,24.659498301151928],[113.49151611328125,24.669482313373848],[113.39813232421875,24.789228068907335],[113.41461181640625,24.888928010132062],[113.40087890625,24.99103698246374],[113.3294677734375,25.053256973596106],[113.31024169921875,25.117932276583332],[113.23333740234375,25.187544344824488],[113.148193359375,25.202456047341315],[113.1207275390625,25.237242916673054],[113.02459716796875,25.249664387120887],[112.950439453125,25.331614221401054],[112.9669189453125,25.440794392795965],[113.04107666015625,25.55978725072876],[113.03009033203125,25.62171595984576],[113.07952880859375,25.79989118208833],[113.07952880859375,25.896291175546608],[113.02734375,26.019765785872238],[112.91473388671875,26.115985925333533],[112.8790283203125,26.18748293472086],[112.87353515625,26.359881094855382],[112.9339599609375,26.610630040149132],[112.818603515625,26.853479438420024],[112.8790283203125,27.20578572438332],[113.02459716796875,27.36201054924028],[113.04931640625,27.822073862795605],[113.01910400390625,27.85364731612738],[113.0328369140625,27.9337540167772]],[[113.20587158203125,23.233774790113884],[113.258056640625,23.23882237936205]],[[113.3843994140625,23.213582524373834],[113.42559814453125,23.251440517055997]],[[113.39263916015625,23.15298742058208],[113.40087890625,23.115101554603044],[113.35693359375,23.05446192669382],[113.42010498046875,22.9331007469804],[113.4173583984375,22.86731796007561],[113.4393310546875,22.839477183318877]],[[113.411865234375,23.160563309048314],[113.39813232421875,23.226203048301542]],[[113.49151611328125,23.09741782252918],[113.47503662109375,23.094891385016638]],[[113.49151611328125,23.094891385016638],[113.55194091796875,23.087311787457338],[113.54644775390625,23.046880050666118],[113.59588623046875,22.94574762338833],[113.6151123046875,22.8344146114748],[113.65081787109375,22.806567100271522]],[[113.4832763671875,23.195911787809493],[113.4832763671875,23.332168306311473]],[[113.48602294921875,23.195911787809493],[113.499755859375,23.11004929735674],[113.4613037109375,23.026659627974098],[113.3843994140625,22.993794972242185]],[[113.477783203125,23.218630877057024],[113.4283447265625,23.251440517055997]],[[113.7030029296875,23.168138769018753],[113.54095458984375,23.286764949641892]],[[113.9337158203125,23.200960808078563],[113.78265380859375,23.21610672456478],[113.59039306640625,23.163088509987773],[113.4503173828125,23.213582524373834],[113.31573486328125,23.213582524373834],[113.258056640625,23.236298608603306]],[[114.21661376953125,22.955864273707803],[114.1864013671875,22.998851594142906],[114.17266845703125,23.117627611920554],[114.2138671875,23.236298608603306],[114.28802490234375,23.327124254593286],[114.2742919921875,23.427968862308674],[114.3072509765625,23.493476660960866],[114.27978515625,23.604261847070177],[114.312744140625,23.659619388708066],[114.2742919921875,23.79539759797875],[114.20562744140625,23.870768731820476],[114.21661376953125,24.033922283462488]],[[114.51873779296875,23.082258484939914],[114.521484375,23.203485246703025],[114.45831298828125,23.266580706342197],[114.48577880859375,23.304423652549673],[114.51324462890625,23.493476660960866],[114.609375,23.576574305545677],[114.664306640625,23.672197382983015],[114.67529296875,23.78534480594122],[114.7906494140625,23.855698009751237],[114.81536865234375,23.94860616800962],[114.78240966796875,24.15928427005673],[114.8895263671875,24.287026865376433],[114.927978515625,24.397133017391056],[114.90875244140625,24.507143283102835],[114.971923828125,24.614560364814565],[114.95819091796875,24.779253660568543],[114.884033203125,24.90138485280086],[114.9005126953125,24.98107885823501],[114.8785400390625,25.0333500082522]],[[114.45831298828125,23.024131861805984],[114.5050048828125,22.950806043101025],[114.48028564453125,22.86731796007561],[114.52423095703125,22.760986169250472]],[[114.38140869140625,23.046880050666118],[114.3017578125,22.9331007469804],[114.3402099609375,22.862256424791937],[114.30999755859375,22.733123662313673]],[[114.32647705078125,23.059516273509303],[114.34295654296875,23.006436171834565]],[[114.3292236328125,23.059516273509303],[114.32373046875,23.12773136572592],[114.38690185546875,23.203485246703025]],[[114.20562744140625,22.611475436593366],[114.1534423828125,22.558220454844033]],[[114.09027099609375,22.667244265664934],[114.0985107421875,22.591190252422905]],[[114.1644287109375,22.64696731112366],[114.20562744140625,22.72045700902588],[114.20562744140625,22.798971336311112],[114.23858642578125,22.82935185127083],[114.2138671875,22.955864273707803]],[[114.16168212890625,22.64696731112366],[114.25506591796875,22.578510494507483]],[[114.0985107421875,22.70525547720753],[114.093017578125,22.667244265664934]],[[114.202880859375,22.677381619369157],[114.10125732421875,22.634292693793526]],[[114.23309326171875,22.85466376836665],[114.12872314453125,22.86731796007561],[114.0765380859375,22.85213278864117],[114.0380859375,22.809098927506625]],[[113.9501953125,22.725523811089403],[113.9666748046875,22.68751822367979]],[[114.0435791015625,22.6013332182212],[114.04632568359375,22.712856454141274],[114.02435302734375,22.740723091194724],[114.0380859375,22.804035225991186],[113.83209228515625,22.978623970384916],[113.77166748046875,23.17823871557667],[113.78814697265625,23.23125092389779],[113.73046875,23.306946133072103],[113.44757080078125,23.44812856964819]],[[113.94195556640625,22.502407459497746],[113.89801025390625,22.51001965025796],[113.8238525390625,22.586118489321095],[113.7689208984375,22.65964075875479],[113.763427734375,22.73565685220649],[113.653564453125,22.806567100271522]],[[113.983154296875,22.446571932178983],[113.98590087890625,22.421184710331858]],[[114.06829833984375,22.53031677641036],[114.0435791015625,22.512556954051448],[113.851318359375,22.626687362153035]],[[114.1754150390625,22.563293244707793],[114.48577880859375,22.63936268105668],[114.51324462890625,22.674847351188518],[114.510498046875,22.7559206814864],[114.620361328125,22.768584048597106],[114.66156005859375,22.804035225991186],[114.73846435546875,22.81922576591333]],[[114.17816162109375,22.525242774383898],[114.14794921875,22.45672552018891],[114.2138671875,22.423723641481672],[114.20013427734375,22.378015781668722],[114.21112060546875,22.411028521558706]],[[114.1534423828125,22.48210623607767],[114.0875244140625,22.504944902977],[114.06005859375,22.489719543878778],[114.049072265625,22.44403341900899],[114.08477783203125,22.352616035512156],[114.16168212890625,22.30688482518366]],[[114.14520263671875,22.504944902977],[114.14794921875,22.487181821139302]],[[114.1754150390625,22.37547601556477],[114.14520263671875,22.32975230437647]],[[114.169921875,22.281472122783825],[114.23583984375,22.301802654450015],[114.20562744140625,22.334833457530493]],[[114.093017578125,22.344995208437894],[114.1424560546875,22.32975230437647]],[[113.9501953125,22.370396344320056],[113.961181640625,22.31450773451182],[113.93646240234375,22.29417905166038]],[[113.9776611328125,22.38817438253173],[114.02435302734375,22.355156218589755],[114.10675048828125,22.372936203113838],[114.1259765625,22.34753553043207]],[[113.983154296875,22.416106708771792],[114.049072265625,22.451648819126206]],[[114.23858642578125,22.26876403907397],[114.21112060546875,22.2916377582967]],[[114.73846435546875,22.82175735786123],[114.7686767578125,22.707789183072975]],[[114.642333984375,23.011492320142253],[114.67529296875,22.864787216003137],[114.752197265625,22.824288902739497],[114.796142578125,22.890092534815892]],[[114.63958740234375,23.011492320142253],[114.55169677734375,23.18581317530291],[114.27154541015625,23.198436321779383],[114.18914794921875,23.158038060498214],[113.9337158203125,23.200960808078563],[113.89801025390625,23.276673210348193],[113.851318359375,23.311990950585994],[113.84307861328125,23.387640227334956],[113.71673583984375,23.548880923858746],[113.7139892578125,23.614328594991676],[113.66180419921875,23.6470401845486]],[[114.796142578125,23.84564988765935],[114.85382080078125,23.8330886396801],[114.92523193359375,23.86072177861452],[114.93621826171875,23.88583769986201],[114.98291015625,23.873280348324172],[114.9993896484375,23.905926927314724],[115.07904052734375,23.938565262944763],[115.10101318359375,23.983743179882865],[115.279541015625,24.10163299339662],[115.631103515625,24.033922283462488],[115.86456298828125,24.16680208530323],[115.92498779296875,24.154272147387545],[115.97991943359375,24.23193793300139],[116.19415283203125,24.27200497871759],[116.279296875,24.344594295127962],[116.34246826171875,24.34209190699893],[116.4166259765625,24.30455015382509],[116.48529052734375,24.317065306876046],[116.61712646484375,24.419642928396613],[116.6693115234375,24.489648077028676],[116.77093505859375,24.53712939907993],[116.78741455078125,24.587090339209638],[116.83685302734375,24.609566263260902],[116.8890380859375,24.689447940546827],[116.84234619140625,24.886436490787716],[116.9549560546875,25.030861410390443],[116.9549560546875,25.09306120481608],[116.9989013671875,25.16517336866393],[117.11700439453125,25.202456047341315],[117.19390869140625,25.291887884970592],[117.3724365234375,25.34154376944167],[117.4383544921875,25.336579097268114]],[[114.45831298828125,23.26910390402152],[114.4610595703125,23.31703557669873],[114.41162109375,23.39016112696072],[114.41986083984375,23.50103316052575]],[[114.45831298828125,23.266580706342197],[114.378662109375,23.203485246703025]],[[114.0545654296875,23.619361679019548],[113.85406494140625,23.70740932619981],[113.75244140625,23.687289378375908],[113.73046875,23.712438828536392],[113.675537109375,23.717468136962665],[113.65081787109375,23.619361679019548],[113.5601806640625,23.581608838550338],[113.52996826171875,23.521181707248573]],[[114.3072509765625,23.64452419857369],[114.39239501953125,23.576574305545677],[114.4171142578125,23.50103316052575]],[[114.13970947265625,23.96868563342325],[114.2962646484375,24.119181784645278],[114.3292236328125,24.269501158235087],[114.2962646484375,24.322071022275992],[114.1094970703125,24.452150156180963],[114.09576416015625,24.51713945052515],[114.06280517578125,24.53712939907993],[114.05181884765625,24.58958786341259],[114.08203125,24.694438847734347],[114.06280517578125,24.8789616312],[113.8677978515625,24.976099493695415],[113.8458251953125,25.053256973596106],[113.77166748046875,25.105497373014686],[113.7744140625,25.207426209065787],[113.73046875,25.264568475331586],[113.72222900390625,25.3216838587021],[113.6590576171875,25.378772315094963],[113.62884521484375,25.37629076881005],[113.6151123046875,25.430873004044713],[113.65081787109375,25.460634718477536],[113.642578125,25.599425317852933],[113.6700439453125,25.663809158457227],[113.77166748046875,25.762793355586624],[113.82110595703125,25.869109390999313],[113.818359375,25.94322678532245],[113.77716064453125,25.980268007469803],[113.77716064453125,26.04938040062953],[113.7469482421875,26.083921329998333],[113.7579345703125,26.197341151857387],[113.73321533203125,26.24169279934013],[113.66729736328125,26.281102283903152],[113.642578125,26.35742006833118],[113.66180419921875,26.50253089853325]],[[114.50225830078125,24.33458444595871],[114.5050048828125,24.38962882208007],[114.61212158203125,24.532132210302734],[114.5928955078125,24.597080137096412],[114.6368408203125,24.69942955501979],[114.6038818359375,24.779253660568543],[114.67803955078125,24.844072974931862],[114.8291015625,24.866502526926908],[114.8785400390625,24.906367237908]],[[114.49951171875,24.33458444595871],[114.3182373046875,24.20939467509706]],[[115.2191162109375,24.071543757075247],[115.191650390625,24.126701958681664],[115.13671875,24.15928427005673],[114.9224853515625,24.149259828083544],[114.7796630859375,24.219414393426433],[114.6478271484375,24.22191919987297],[114.55169677734375,24.317065306876046],[114.4775390625,24.344594295127962],[114.45556640625,24.387127324604492],[114.38140869140625,24.409639018963105],[114.30999755859375,24.394631668477132],[114.28253173828125,24.419642928396613],[114.224853515625,24.414641072789095],[114.136962890625,24.327076540018638],[113.93096923828125,24.26449336927064]],[[115.79864501953125,24.129208585132503],[115.91400146484375,24.026396666017334],[115.97991943359375,24.016361823963024],[116.02935791015625,24.051480343220106],[116.0760498046875,24.14675359470307],[116.048583984375,24.279516144120464],[116.0980224609375,24.35460335312115],[116.01837158203125,24.387127324604492],[115.927734375,24.504644117002115],[115.872802734375,24.529633541314368]],[[116.004638671875,24.021379342900303],[116.01287841796875,23.96868563342325],[116.11175537109375,23.8531860522681],[116.136474609375,23.76272318167679],[116.180419921875,23.712438828536392],[116.24908447265625,23.68980454142961],[116.34246826171875,23.606778606523974],[116.47705078125,23.614328594991676],[116.619873046875,23.453168015916177],[116.6693115234375,23.427968862308674],[116.73248291015625,23.45064831681647]],[[116.15020751953125,24.38962882208007],[116.1859130859375,24.392130270038876],[116.268310546875,24.337086982410497]],[[116.12548828125,23.810475327766568],[116.026611328125,23.807962494353504],[115.89202880859375,23.8531860522681],[115.762939453125,23.843137735416263]],[[116.43310546875,23.468285200853245],[116.4276123046875,23.48843875389896]],[[116.5594482421875,23.541327170505454],[116.6363525390625,23.586643178460292],[116.729736328125,23.59922818323939]],[[116.61712646484375,23.45064831681647],[116.54296875,23.372513822359466],[116.57318115234375,23.24639340521435],[116.55120849609375,23.175713800385196]],[[116.66656494140625,23.25648743787913],[116.61712646484375,23.306946133072103],[116.36444091796875,23.274150156028497],[116.33697509765625,23.306946133072103],[116.2353515625,23.327124254593286],[116.1639404296875,23.372513822359466],[116.0540771484375,23.375035009742803],[115.982666015625,23.43300907742035],[115.79315185546875,23.485919728174252],[115.67230224609375,23.59922818323939],[115.52398681640625,23.614328594991676],[115.43609619140625,23.58412603264412],[115.213623046875,23.574056966642672],[115.1202392578125,23.53629109387657]],[[116.3671875,23.274150156028497],[116.378173828125,23.309468565752198],[116.3287353515625,23.395202782287825],[116.3287353515625,23.463246331550366]],[[115.7135009765625,23.332168306311473],[115.83160400390625,23.40780608086142],[115.90850830078125,23.40276490540795],[115.95794677734375,23.443088931121792],[116.08978271484375,23.468285200853245],[116.27105712890625,23.475843144075895],[116.39739990234375,23.443088931121792],[116.43310546875,23.465765790247943]],[[115.76019287109375,23.873280348324172],[115.92498779296875,24.026396666017334]],[[115.7025146484375,23.740097624402253],[115.6475830078125,23.71495350699027],[115.5706787109375,23.616845161169948]],[[115.50201416015625,22.907803451058385],[115.48828125,23.059516273509303]],[[115.5047607421875,22.907803451058385],[115.50750732421875,22.733123662313673]],[[116.03759765625,22.882501434370056],[115.9661865234375,22.94068901460203],[115.960693359375,23.089838367476702],[116.0321044921875,23.23125092389779],[116.10626220703125,23.274150156028497],[116.224365234375,23.533772983255957],[116.312255859375,23.631943543199654]],[[116.3616943359375,22.988738160960736],[116.35894775390625,23.115101554603044],[116.3287353515625,23.18833789991561],[116.36444091796875,23.274150156028497]],[[116.79840087890625,23.66465073163161],[116.76544189453125,23.70740932619981],[116.839599609375,23.757695619849855],[116.8670654296875,23.807962494353504],[116.81488037109375,23.88834902394626],[116.82586669921875,23.92852357663793],[116.79840087890625,23.983743179882865],[116.82861328125,24.051480343220106],[116.69403076171875,24.19185827231766],[116.63909912109375,24.20187936928663],[116.58416748046875,24.30204697503656],[116.5155029296875,24.33458444595871]],[[116.76544189453125,23.70740932619981],[116.63909912109375,23.750153913010124],[116.5814208984375,23.747639913652662],[116.54022216796875,23.70740932619981],[116.53472900390625,23.574056966642672],[116.43310546875,23.468285200853245],[116.5374755859375,23.36999258703044]],[[116.8670654296875,23.807962494353504],[116.88079833984375,23.77529123645138],[116.85333251953125,23.702379629984165]],[[117.36419677734375,23.79539759797875],[117.4383544921875,23.722497251447336]],[[117.19940185546875,24.126701958681664],[117.22686767578125,24.119181784645278],[117.2900390625,24.016361823963024],[117.41912841796875,23.986252599841805],[117.4658203125,23.92852357663793],[117.564697265625,23.93103407144254],[117.65533447265625,23.973705011113736],[117.74322509765625,24.124195283114304],[117.8558349609375,24.21440463276275],[117.83660888671875,24.27450874986185],[117.85858154296875,24.374619094607866],[117.77618408203125,24.46215069371526],[117.78717041015625,24.497146320571886],[117.90802001953125,24.55461799280981],[117.96295166015625,24.482149386474248],[118.01788330078125,24.467150664738995]],[[117.26531982421875,24.27701247166408],[117.22412109375,24.30455015382509],[117.06207275390625,24.292033766081374],[117.01263427734375,24.236947003917507],[116.96319580078125,24.266997288418167],[116.86431884765625,24.27450874986185],[116.7681884765625,24.249468818656027],[116.69952392578125,24.194363620393617]],[[117.9766845703125,24.35460335312115],[118.0206298828125,24.34959892303675]],[[117.95745849609375,24.482149386474248],[117.94647216796875,24.44464923209823],[117.97943115234375,24.3596075853508],[117.828369140625,24.34209190699893],[117.674560546875,24.397133017391056],[117.51251220703125,24.534630829559177]],[[118.0755615234375,24.634534776496096],[118.0535888671875,24.68445683348716],[118.06732177734375,24.819146481739068],[118.04534912109375,24.87148631935797],[118.07281494140625,24.946219074360087],[118.070068359375,25.043303894873077],[118.12774658203125,25.05574511701532],[118.19915771484375,25.03583855563501],[118.32550048828125,25.112958466940725],[118.40789794921875,25.110471486223346],[118.46282958984375,25.16765923542178],[118.58917236328125,25.23227397301963],[118.60015869140625,25.301820690255198],[118.65234375,25.386216648026647]],[[118.06732177734375,24.796708348945742],[117.92449951171875,24.804188177830667],[117.83111572265625,24.769278450595266],[117.79541015625,24.731864277701746],[117.79266357421875,24.676969798202677]],[[117.8558349609375,24.532132210302734],[117.828369140625,24.432146700011003],[117.84210205078125,24.38962882208007]],[[117.47955322265625,25.787526529117883],[117.52899169921875,25.557309435783125],[117.4603271484375,25.487909825592325],[117.43011474609375,25.3663640738949],[117.44659423828125,25.296854389343864],[117.520751953125,25.229789425034383],[117.48504638671875,25.095548539604252],[117.5042724609375,24.973609735832184],[117.57568359375,24.864010555361574],[117.59490966796875,24.7493256266972],[117.68280029296875,24.66199437910157]],[[117.44110107421875,25.331614221401054],[117.586669921875,25.363882272740256],[117.63885498046875,25.28443774698306],[117.67730712890625,25.27450351782018],[117.94921875,25.299337565234083],[118.06732177734375,25.244695951306042],[118.1689453125,25.309269760067778]],[[117.07305908203125,25.185058883580666],[117.04833984375,25.10798445491342],[117.06756591796875,24.988547527022064],[117.14996337890625,24.921313186123925]],[[116.80938720703125,25.18008780899065],[116.89178466796875,25.170145051503127],[116.9549560546875,25.09306120481608]],[[116.817626953125,25.18008780899065],[116.8560791015625,25.175116531621768]],[[116.9384765625,25.105497373014686],[116.9989013671875,25.09803582382183],[117.00714111328125,25.058233209922534],[117.059326171875,25.02588406324483]],[[117.158203125,24.913840438375942],[117.20489501953125,24.898893584819817],[117.2845458984375,24.79920167537385],[117.38067626953125,24.734358906253803]],[[117.1197509765625,24.933766759388817],[117.17193603515625,24.898893584819817],[117.1856689453125,24.824132181788883],[117.2406005859375,24.861518533567946]],[[117.08404541015625,24.98107885823501],[116.9549560546875,25.030861410390443]],[[117.2955322265625,24.789228068907335],[117.27630615234375,24.824132181788883]],[[117.35595703125,24.741842491684054],[117.41363525390625,24.711905448466084],[117.454833984375,24.652009767778694],[117.5811767578125,24.61955426694489],[117.77618408203125,24.49464695573168]],[[117.3779296875,24.73685348477069],[117.35595703125,24.7393480132487]],[[116.85882568359375,24.80668135385197],[116.7352294921875,24.756808311192714]],[[116.47430419921875,25.10798445491342],[116.4495849609375,25.110471486223346]],[[116.4166259765625,25.110471486223346],[116.57318115234375,25.127879288597555],[116.60064697265625,25.15771546436791],[116.6363525390625,25.15025710411473],[116.71875,25.19500042430751]],[[116.35894775390625,25.06320924418648],[116.38092041015625,25.023395313968294],[116.455078125,25.000994300028964],[116.4935302734375,24.92878548105226],[116.5704345703125,24.883944921181765],[116.60064697265625,24.836595553891186],[116.86431884765625,24.647017162630362],[116.93572998046875,24.644520785197557],[116.99066162109375,24.674474019870786],[117.06756591796875,24.632038149596895],[117.1087646484375,24.637031353509528],[117.158203125,24.592085337797215],[117.23785400390625,24.607069137709686],[117.4053955078125,24.50214490121087],[117.44384765625,24.504644117002115]],[[116.21612548828125,25.03583855563501],[116.1090087890625,25.060721252314167],[115.99639892578125,25.043303894873077],[115.9771728515625,25.078136134310142],[115.894775390625,25.10052305746521],[115.697021484375,25.09803582382183],[115.50750732421875,25.199970890386027],[115.27679443359375,25.160201483133378],[115.1422119140625,25.10052305746521],[115.01861572265625,25.10052305746521],[114.88128662109375,25.030861410390443]],[[115.45806884765625,24.664490407124262],[115.5267333984375,24.726874870506975],[115.6256103515625,24.751819904924858],[115.67779541015625,24.831610355586918],[115.718994140625,24.83410297983096]],[[115.99365234375,25.928407032694125],[116.10076904296875,25.923466700919278],[116.2078857421875,25.841921351954852],[116.2408447265625,25.780107118422237],[116.334228515625,25.76031975471389],[116.47979736328125,25.537485071759036],[116.4825439453125,25.48295117535531],[116.52374267578125,25.415989389177113],[116.61712646484375,25.368845824082797],[116.6363525390625,25.304303764403613],[116.69403076171875,25.2620845876545],[116.7132568359375,25.202456047341315],[116.89727783203125,25.160201483133378]],[[115.7904052734375,26.743157621118215],[115.7574462890625,26.77749145995061],[115.587158203125,26.806912203798277],[115.32623291015625,26.89757809733392],[114.9224853515625,26.88043066291884]],[[115.81787109375,26.794654487638084],[115.79315185546875,26.743157621118215]],[[116.34246826171875,26.797106136843354],[116.39739990234375,26.961245770526972],[116.50726318359375,27.076246018600372],[116.5264892578125,27.16669522225311],[116.56219482421875,27.196014383173306],[116.62811279296875,27.437602864300445]],[[116.34246826171875,26.799557733065356],[116.34521484375,26.58852714730861],[116.30950927734375,26.473031635843398],[116.16119384765625,26.359881094855382],[116.092529296875,26.108587183647046],[115.96343994140625,25.903703303407667],[115.9771728515625,25.79989118208833],[115.90301513671875,25.735580912151534],[115.79864501953125,25.567220388070027],[115.7958984375,25.411027775872228],[115.762939453125,25.339061458818378],[115.74371337890625,25.15025710411473],[115.76019287109375,24.90885835502671],[115.718994140625,24.80917447973026],[115.83160400390625,24.7393480132487],[115.84808349609375,24.68445683348716],[115.8343505859375,24.617057340809524],[115.87554931640625,24.55711616430962],[115.84259033203125,24.44964989775967],[115.75469970703125,24.432146700011003],[115.697021484375,24.384625777615966],[115.63934326171875,24.234442493099976],[115.66680908203125,24.096618611278785],[115.7574462890625,23.875791916101022],[115.675048828125,23.66465073163161],[115.7025146484375,23.563987128451217],[115.68603515625,23.480881532357074],[115.72174072265625,23.40024424568925],[115.7135009765625,23.332168306311473],[115.55694580078125,23.18833789991561],[115.4608154296875,23.03171501811343],[115.30975341796875,23.029187346744592],[115.11199951171875,22.950806043101025],[114.9993896484375,23.026659627974098],[114.8455810546875,22.99632330686717],[114.730224609375,23.044352663791813],[114.51324462890625,22.976095304428483],[114.34844970703125,22.95839331808635],[114.27978515625,22.976095304428483],[114.12322998046875,22.943218342627347],[114.0435791015625,22.955864273707803],[114.09576416015625,22.9331007469804],[114.12872314453125,22.776181505086512]],[[116.751708984375,26.8706309607671],[116.77093505859375,26.826521793655658],[116.75445556640625,26.792202785452886],[116.80389404296875,26.657277674217582],[116.795654296875,26.534479888888043],[116.89178466796875,26.468114356372283],[116.96044921875,26.453361257321603],[116.99066162109375,26.41401041997821],[117.10052490234375,26.41647024087777],[117.158203125,26.379567421051803],[117.21038818359375,26.382027976025356],[117.2625732421875,26.325421958421146],[117.388916015625,26.300802009052887],[117.432861328125,26.2466197162221],[117.49053955078125,26.221983043453278]],[[117.4932861328125,26.221983043453278],[117.58392333984375,26.11105348290954],[117.71026611328125,26.096254906968525],[117.86407470703125,26.007424156802216],[118.06182861328125,25.96298355482267],[118.4051513671875,25.928407032694125],[118.5205078125,25.869109390999313],[118.60565185546875,25.792472545052036],[118.6962890625,25.762793355586624],[118.740234375,25.7108369196406]],[[117.4273681640625,26.24415628389076],[117.38616943359375,26.221983043453278],[117.25982666015625,26.221983043453278],[117.20489501953125,26.192412147582772]],[[117.80364990234375,26.431228064506442],[117.7569580078125,26.512362303867505],[117.7679443359375,26.563963371340193],[117.64434814453125,26.613085653537325],[117.63336181640625,26.64500382781526],[117.50701904296875,26.706359857633544],[117.52349853515625,26.76523056569748],[117.42462158203125,26.86328062676624],[117.40264892578125,26.91472292887056],[117.27081298828125,26.96369380927679],[117.28729248046875,27.078691552927538],[117.2515869140625,27.125146562094343],[117.16644287109375,27.159364228436814],[117.0648193359375,27.24974615683658],[116.88079833984375,27.274161117374675],[116.7626953125,27.37664535363959],[116.630859375,27.4132238954746],[116.6473388671875,27.515579365859637],[116.60614013671875,27.539935698803774],[116.59515380859375,27.64217331545882],[116.35345458984375,27.902203909304404],[116.2738037109375,28.057438520876673],[116.23260498046875,28.212449285338465],[116.07330322265625,28.44212891037047],[116.08428955078125,28.6785401085332],[116.03759765625,28.798953141916442],[115.84808349609375,28.842267837187478],[115.7958984375,28.87834964760205],[115.70526123046875,28.880754656303992],[115.6475830078125,28.868729056028982],[115.58441162109375,28.765251483248832],[115.55145263671875,28.635157471966508],[115.67230224609375,28.444543948574818],[115.83709716796875,28.4276375233474],[116.0430908203125,28.343064904825482],[116.21612548828125,28.343064904825482],[116.46881103515625,28.27052044582541],[116.91650390625,28.282614623837404]],[[117.8118896484375,26.423849388805877],[117.92724609375,26.364802990757894],[118.04534912109375,26.251546424213046],[118.0535888671875,26.212126912880876],[118.14697265625,26.115985925333533],[118.179931640625,25.992612489709202],[118.2183837890625,25.96051413998019]],[[117.7239990234375,26.598351182358286],[117.7239990234375,26.752968347950258],[117.7789306640625,26.83142366095319],[117.76519775390625,26.809363588053785]],[[118.531494140625,26.632728662035916],[118.42987060546875,26.595895252653804],[118.35845947265625,26.598351182358286],[118.2513427734375,26.53939432901703],[118.125,26.556593211456345]],[[118.21563720703125,25.96051413998019],[118.16619873046875,25.86169509134365],[118.1854248046875,25.79494547564967],[118.135986328125,25.698462993261657],[118.201904296875,25.495347417365963],[118.19915771484375,25.403584973186696],[118.1634521484375,25.391179281675832]],[[119.14398193359375,26.120918159599725],[119.35546875,26.108587183647046],[119.37744140625,26.032106117348945],[119.410400390625,26.037041886515837],[119.4598388671875,26.004955675315387]],[[119.4049072265625,25.94322678532245],[119.410400390625,25.98767485238497],[119.3609619140625,26.01729756385174]],[[119.38018798828125,25.901232645855217],[119.33624267578125,25.92099645737912]],[[119.48455810546875,25.86169509134365],[119.38018798828125,25.898761936567027]],[[119.48455810546875,25.97779895546435],[119.4049072265625,25.94322678532245],[119.3060302734375,25.83944940206318]],[[119.5257568359375,26.288490072961167],[119.60540771484375,26.256472923285344]],[[119.5257568359375,26.286027528885214],[119.344482421875,26.221983043453278],[119.322509765625,26.160368536718508],[119.27032470703125,26.128316120642424]],[[118.92974853515625,26.794654487638084],[118.88580322265625,26.748063090366855],[118.91876220703125,26.686729520004036],[118.8775634765625,26.617996722116757],[118.817138671875,26.58852714730861],[118.80615234375,26.54430855862742]],[[118.8995361328125,26.77503938699961],[119.01763916015625,26.93921102789467],[119.03411865234375,27.15203275336286]],[[119.718017578125,26.838776064165856],[119.59442138671875,26.789751030291114],[119.564208984375,26.703906250401914],[119.586181640625,26.691637421472706],[119.586181640625,26.610630040149132],[119.62188720703125,26.53202258988756],[119.6026611328125,26.490240458869636],[119.66033935546875,26.318036522949072],[119.608154296875,26.256472923285344],[119.619140625,26.209662749792983],[119.5916748046875,26.11105348290954],[119.619140625,26.07898753522592],[119.58892822265625,26.064184903323948],[119.57244873046875,25.958044673317843],[119.50653076171875,25.90617390922084],[119.4378662109375,25.797418354662938],[119.42962646484375,25.67123582857704],[119.36370849609375,25.604379153070965],[119.3115234375,25.485430526043558]],[[119.77020263671875,26.836325316130583],[119.81414794921875,26.779943479945103],[119.8114013671875,26.728439943649306],[119.96795654296875,26.64500382781526]],[[119.53125,26.73334604773261],[119.344482421875,26.691637421472706],[119.3389892578125,26.66218684325854],[119.2840576171875,26.63518380072172],[119.08355712890625,26.686729520004036],[119.02587890625,26.664641348582705],[118.9105224609375,26.67200454772943]],[[119.66583251953125,25.923466700919278],[119.63287353515625,25.911114965615425],[119.46258544921875,25.99508123057508],[119.55596923828125,26.17269404488789],[119.542236328125,26.25893609446841],[119.47906494140625,26.36972467710973],[119.4873046875,26.44352480769591],[119.59991455078125,26.573789513879802]],[[119.73175048828125,25.587039832050053],[119.564208984375,25.750424835909385],[119.53125,25.841921351954852],[119.4873046875,25.86416657624642]],[[119.11102294921875,25.160201483133378],[119.0313720703125,25.37132752330035],[118.96270751953125,25.408546892670557],[118.84185791015625,25.373809171543982],[118.45733642578125,25.391179281675832],[118.36395263671875,25.35147250259257],[118.3282470703125,25.296854389343864],[118.23486328125,25.294371162588163]],[[119.278564453125,25.57217555668211],[119.46807861328125,25.542441470124828],[119.608154296875,25.46311452925943],[119.66583251953125,25.47551281648971],[119.63836669921875,25.470553654947807]],[[119.20440673828125,25.487909825592325],[118.99566650390625,25.594471277418847],[118.9654541015625,25.63905025115193],[118.7567138671875,25.681137335685307]],[[119.102783203125,25.413508608042292],[119.12200927734375,25.344026029134326],[119.20440673828125,25.254632619749458]],[[118.65509033203125,25.386216648026647],[118.69903564453125,25.465594288934156],[118.71002197265625,25.614286207744712],[118.74847412109375,25.67371128247386],[118.74847412109375,25.72073513441211],[118.84185791015625,25.770213848960253],[118.916015625,25.84933689170761],[118.970947265625,25.84439325019514],[119.07806396484375,25.901232645855217],[119.1961669921875,25.92099645737912],[119.23736572265625,25.982737007627378]],[[118.41064453125,25.676186684959887],[118.377685546875,25.57465306409283],[118.201904296875,25.50526349022745]],[[118.223876953125,25.296854389343864],[118.1744384765625,25.309269760067778]],[[118.12774658203125,25.264568475331586],[118.125,25.060721252314167]],[[118.47381591796875,24.95867013057679],[118.6962890625,24.996015742094002],[118.76495361328125,24.95119964792312],[118.77593994140625,24.913840438375942],[118.6029052734375,24.751819904924858],[118.5479736328125,24.751819904924858],[118.4820556640625,24.786734541988906]],[[118.3941650390625,25.028372762053436],[118.26507568359375,25.05574511701532]],[[118.38592529296875,25.110471486223346],[118.388671875,25.15025710411473],[118.3447265625,25.204941153569123],[118.223876953125,25.296854389343864],[118.1634521484375,25.314235552197573],[118.1634521484375,25.391179281675832],[118.06732177734375,25.48295117535531],[118.026123046875,25.48295117535531],[117.99041748046875,25.51765742999403],[117.8778076171875,25.525093179649872],[117.80914306640625,25.668760323272963],[117.68280029296875,25.693513062561053],[117.59765625,25.77268724365814],[117.48779296875,25.780107118422237],[117.37518310546875,25.869109390999313],[117.3394775390625,25.948166288539724],[117.3065185546875,25.96298355482267],[117.2900390625,26.086388149394878],[117.21588134765625,26.18748293472086],[117.06207275390625,26.209662749792983],[116.90826416015625,26.18748293472086],[116.8121337890625,26.209662749792983],[116.74346923828125,26.266325294563856],[116.67205810546875,26.286027528885214],[116.5704345703125,26.254009699865733],[116.45782470703125,26.27125116671496],[116.3836669921875,26.231838339013294],[116.28204345703125,26.24169279934013],[116.08428955078125,26.3204983871002],[116.00738525390625,26.382027976025356],[115.83160400390625,26.384488478587272],[115.7958984375,26.404170611853445],[115.75469970703125,26.389409326462527],[115.70526123046875,26.431228064506442],[115.6475830078125,26.41155054662258],[115.40863037109375,26.441065564038425],[115.28778076171875,26.50253089853325],[115.224609375,26.64991352472505],[115.09002685546875,26.77258726109544],[114.71649169921875,26.978380924258815],[114.52972412109375,26.971037606255564],[114.32373046875,27.01019643193152],[114.246826171875,27.04689544542316],[114.08203125,27.029770731463543],[113.94195556640625,27.05912578437406],[113.7030029296875,26.917171977972316],[113.56292724609375,26.75542089735913],[113.3734130859375,26.605718655192618],[113.27178955078125,26.583614813585854],[113.17840576171875,26.527107834031526],[113.0877685546875,26.522192867724726],[113.02459716796875,26.546765594479652],[112.81036376953125,26.495156792444035],[112.47528076171875,26.468114356372283],[112.3626708984375,26.482865564303538],[112.32421875,26.517277690994334]],[[118.67431640625,24.998505046275227],[118.65509033203125,24.936257323061312],[118.5919189453125,24.864010555361574],[118.38592529296875,24.70442006237336],[118.311767578125,24.67946552658519],[118.1744384765625,24.689447940546827],[117.90802001953125,24.55711616430962],[117.79815673828125,24.671978191593254],[117.6580810546875,24.654505995486744],[117.5262451171875,24.584592765192085],[117.520751953125,24.55461799280981],[117.4493408203125,24.507143283102835],[117.40814208984375,24.42714534008205],[117.31475830078125,24.337086982410497],[117.31475830078125,24.29453714238271],[117.2296142578125,24.256981315882484],[117.19390869140625,24.124195283114304],[117.103271484375,24.08909667008301],[117.081298828125,24.001308092538196],[116.9769287109375,23.951116272177757],[116.8670654296875,23.810475327766568]],[[118.67706298828125,24.998505046275227],[118.7127685546875,25.060721252314167],[118.817138671875,25.125392611512027],[118.88031005859375,25.264568475331586],[118.99566650390625,25.299337565234083],[119.102783203125,25.42839252919684],[119.23187255859375,25.49038907399803],[119.2840576171875,25.587039832050053],[119.300537109375,25.854280326572407],[119.33624267578125,25.92099645737912],[119.3280029296875,25.95310558454753],[119.23736572265625,25.982737007627378],[119.1522216796875,26.10365442903843],[119.00115966796875,26.192412147582772],[118.89678955078125,26.199805575765808],[118.751220703125,26.170229047478472],[118.70452880859375,26.194876675795214],[118.64959716796875,26.18748293472086],[118.6029052734375,26.239229262573588],[118.597412109375,26.286027528885214],[118.56719970703125,26.27617682983724],[118.5150146484375,26.30572641742428],[118.4271240234375,26.25893609446841],[118.28155517578125,26.288490072961167],[118.2403564453125,26.35742006833118],[118.21014404296875,26.362342068998757],[118.18817138671875,26.423849388805877],[118.1414794921875,26.445983998856377],[118.1195068359375,26.514820023728774],[117.99041748046875,26.514820023728774],[117.7679443359375,26.41155054662258],[117.71026611328125,26.335268473041793],[117.6580810546875,26.330345320410842],[117.45758056640625,26.197341151857387],[117.4603271484375,26.128316120642424],[117.432861328125,26.071586453170966],[117.32574462890625,25.980268007469803],[117.2406005859375,25.841921351954852],[117.191162109375,25.827088877957934],[117.1142578125,25.747950977397593],[116.99066162109375,25.708362237278735],[116.9659423828125,25.676186684959887],[116.84234619140625,25.681137335685307],[116.73248291015625,25.65143034703972],[116.65008544921875,25.413508608042292],[116.60614013671875,25.34154376944167],[116.54571533203125,25.31920114076412],[116.466064453125,25.23475847023373],[116.40289306640625,25.080623772444838],[116.23260498046875,25.05574511701532],[116.21612548828125,25.03583855563501],[116.224365234375,24.89391089802126],[116.180419921875,24.82662495656217],[116.180419921875,24.654505995486744],[116.1529541015625,24.59957746200348],[116.18316650390625,24.44964989775967],[116.0980224609375,24.35460335312115]],[[118.76495361328125,24.95119964792312],[118.795166015625,24.973609735832184],[118.93798828125,24.976099493695415],[118.9599609375,25.000994300028964]],[[118.5260009765625,24.824132181788883],[118.52874755859375,24.891419479211137],[118.40240478515625,25.015928763367853],[118.388671875,25.110471486223346]],[[118.575439453125,24.696934226366665],[118.3941650390625,24.637031353509528]],[[118.6083984375,24.622051143216936],[118.58367919921875,24.647017162630362],[118.575439453125,24.7493256266972]],[[118.32000732421875,24.53962791886123],[118.32550048828125,24.61206333896378]],[[118.41064453125,24.647017162630362],[118.40240478515625,24.71689545585933]],[[118.399658203125,24.71689545585933],[118.38592529296875,24.84158055144536],[118.44085693359375,24.946219074360087],[118.4710693359375,24.961160190729046]],[[120.30029296875,22.586118489321095],[120.32501220703125,22.565829569662966]],[[120.3277587890625,22.674847351188518],[120.35797119140625,22.690052257634022],[120.36346435546875,22.750855005867322],[120.4266357421875,22.783778538608644],[120.421142578125,22.82175735786123],[120.3607177734375,22.87237930678816],[120.355224609375,22.950806043101025],[120.31951904296875,22.983681160330875],[120.36346435546875,23.24134610238613],[120.4266357421875,23.309468565752198],[120.43212890625,23.40276490540795],[120.50079345703125,23.468285200853245],[120.48431396484375,23.526218362216596],[120.6024169921875,23.69734973992078],[120.5914306640625,23.745125865762915],[120.6134033203125,23.77529123645138],[120.70404052734375,23.782831486445176],[120.70953369140625,23.90090491303775],[120.64910888671875,23.963666060236676],[120.6793212890625,24.051480343220106],[120.52001953125,24.139234599693722],[120.57769775390625,24.199374168881917],[120.6024169921875,24.299543746864117],[120.66009521484375,24.34959892303675],[120.68206787109375,24.469650575801793],[120.85235595703125,24.69194341912649],[120.926513671875,24.7493256266972],[121.0693359375,24.756808311192714],[121.14349365234375,24.80668135385197],[121.1956787109375,24.79920167537385],[121.201171875,24.851549944184725],[121.322021484375,24.938747836398363],[121.4154052734375,24.95119964792312],[121.47857666015625,24.988547527022064],[121.53350830078125,24.95867013057679],[121.585693359375,24.978589201164255],[121.64886474609375,25.08559889706477],[121.7120361328125,25.13782549072222]],[[120.4266357421875,22.786310789104277],[120.4815673828125,22.804035225991186],[120.49530029296875,22.86731796007561]],[[120.4266357421875,22.783778538608644],[120.56396484375,22.68498414287211],[120.5255126953125,22.598797546832557],[120.531005859375,22.471954507739227],[120.498046875,22.441494859380256]],[[120.322265625,23.064570430524867],[120.1959228515625,23.07973176244988]],[[120.67108154296875,24.026396666017334],[120.7672119140625,23.981233711026718],[120.80841064453125,24.003817170108704],[120.86883544921875,23.976214626638296],[120.9869384765625,23.983743179882865]],[[120.69305419921875,24.269501158235087],[120.6134033203125,24.307053283225912]],[[120.69305419921875,24.27200497871759],[120.7562255859375,24.26449336927064],[120.71502685546875,24.20438452045994]],[[121.73126220703125,25.117932276583332],[121.59393310546875,25.06320924418648],[121.34124755859375,25.065697185535882],[121.1572265625,24.90138485280086],[121.014404296875,24.868994448260295],[121.00341796875,24.769278450595266],[120.88531494140625,24.669482313373848],[120.860595703125,24.582095141363695],[120.78369140625,24.497146320571886],[120.77545166015625,24.414641072789095],[120.70404052734375,24.319568189281284],[120.684814453125,24.224423957057553],[120.63812255859375,24.19185827231766],[120.61614990234375,24.119181784645278],[120.574951171875,24.119181784645278],[120.52276611328125,24.0765591202954],[120.46783447265625,23.76523688975867],[120.47607421875,23.702379629984165],[120.35797119140625,23.430488993882975],[120.355224609375,23.380077240656462],[120.23712158203125,23.21610672456478],[120.24810791015625,22.943218342627347],[120.333251953125,22.758453448852336],[120.34149169921875,22.5962618287339],[120.3167724609375,22.578510494507483]],[[121.32476806640625,24.941238299396304],[121.21490478515625,25.06320924418648]],[[121.59393310546875,25.003483503351504],[121.54998779296875,25.015928763367853]],[[121.62139892578125,25.03583855563501],[121.79168701171875,24.854042166854427],[121.7779541015625,24.754314133091242],[121.80816650390625,24.62704474615603]],[[121.82464599609375,29.312746310577964],[121.849365234375,29.303166218113063],[121.8603515625,29.224096165685424],[121.8988037109375,29.19293057772775]],[[121.57745361328125,29.06577288841541],[121.49505615234375,29.082576310768772],[121.2945556640625,29.068173545070536]],[[121.22589111328125,29.048966726566917],[121.23138427734375,28.741172204593553]],[[121.51702880859375,28.71949610755746],[121.42364501953125,28.745988504505064],[121.21490478515625,28.741172204593553],[121.06658935546875,28.871134287431147],[120.926513671875,28.88556450665763],[120.76446533203125,28.82783160744586],[120.6683349609375,28.82542537447722],[120.6024169921875,28.767659105691223],[120.66558837890625,28.709860843942863],[120.66558837890625,28.54351300356734],[120.71502685546875,28.468691297348144],[120.78094482421875,28.25842489476814],[120.76995849609375,28.1761387642634],[120.728759765625,28.151924899329828],[120.69854736328125,28.086520114600717]],[[121.29180908203125,28.736355682639356],[121.3055419921875,28.66408122441068]],[[121.2451171875,28.488005204159464],[121.3385009765625,28.454203549949142],[121.55548095703125,28.444543948574818]],[[121.24237060546875,28.485591158961483],[121.22039794921875,28.408312587374255],[121.14898681640625,28.369652138600856],[121.124267578125,28.326142289949928],[121.07757568359375,28.188243641850306],[120.95672607421875,28.076827124762374],[120.81390380859375,28.02834905750575]],[[121.10504150390625,28.239069158099042],[121.15447998046875,28.239069158099042],[121.256103515625,28.178559849396976],[121.300048828125,28.183401855246004],[121.37420654296875,28.219709908986488],[121.4154052734375,28.30679885919413],[121.55548095703125,28.403480802362708],[121.552734375,28.52662241864813],[121.51153564453125,28.66890107414433],[121.519775390625,28.721904784758905],[121.57196044921875,28.777289039997626],[121.59942626953125,28.948072282131648],[121.57470703125,29.04656562272885],[121.58294677734375,29.144965021168815],[121.68731689453125,29.250459642950645],[121.8218994140625,29.307956376745324],[121.805419921875,29.482643134466613],[121.8328857421875,29.537619205973428],[121.81915283203125,29.611670115197384],[121.783447265625,29.6594160549124],[121.62689208984375,29.72383714638906],[121.58294677734375,29.781065645248304]],[[120.94573974609375,28.01137657176146],[120.78369140625,28.018650821833063],[120.7562255859375,27.972572275562527],[120.66558837890625,27.909485520346962],[120.65460205078125,27.829360859789787],[120.56671142578125,27.74188463250708],[120.4925537109375,27.59350062636446],[120.3167724609375,27.44735294439377],[120.25360107421875,27.432727501179997],[120.2178955078125,27.3571318511258],[120.2178955078125,27.28392560022975],[120.2618408203125,27.21067107379004],[120.2398681640625,27.176469131898898],[120.245361328125,27.071354789865012],[120.17669677734375,26.95390133505323],[120.1025390625,26.93186515638891],[120.069580078125,26.890229515523643],[119.8114013671875,26.836325316130583],[119.718017578125,26.838776064165856],[119.66033935546875,26.904926201064484],[119.6905517578125,26.975933204816087],[119.67132568359375,27.05912578437406],[119.586181640625,27.05912578437406]],[[120.25909423828125,27.2009001608357],[120.30029296875,27.244862521497282],[120.487060546875,27.2936892248524],[120.60791015625,27.503399176197846],[120.5914306640625,27.55941687886545],[120.61065673828125,27.630007171411222],[120.86883544921875,27.885211577912173],[120.93475341796875,27.987125523564288],[120.95672607421875,28.076827124762374]],[[120.57220458984375,27.444915505146938],[120.50628662109375,27.539935698803774],[120.30029296875,27.620273282414246],[120.3167724609375,27.668934069896224],[120.28106689453125,27.75160768754938]],[[120.69305419921875,27.928900753321884],[120.5914306640625,27.965294915211132],[120.5859375,28.09621222943811],[120.552978515625,28.144659671673153],[120.40740966796875,28.16887518006334],[120.36346435546875,28.13497193481315],[120.311279296875,28.139815912754443],[120.223388671875,28.207608595327372],[120.21240234375,28.263263279931962],[120.12176513671875,28.27052044582541],[120.0860595703125,28.321306762152958],[120.025634765625,28.31163504675061],[120.003662109375,28.347899442570935],[119.893798828125,28.391400375817753]],[[120.70404052734375,27.936180566769394],[120.7672119140625,27.936180566769394],[120.83587646484375,27.86821657951407]],[[120.70953369140625,28.07925045424247],[120.673828125,28.018650821833063]],[[120.58319091796875,28.07925045424247],[120.69854736328125,28.086520114600717],[120.79742431640625,28.05501469943188],[120.80841064453125,28.02834905750575]],[[120.5694580078125,27.744315477639688],[120.509033203125,27.75889940916045],[120.50079345703125,27.790491224830873],[120.55572509765625,27.91433965541364],[120.53924560546875,27.972572275562527],[120.5804443359375,28.06228599981216]],[[120.56671142578125,27.74188463250708],[120.5914306640625,27.749177005163986],[120.66558837890625,27.685960229871625]],[[119.71527099609375,28.289870471423555],[119.58892822265625,28.09863512140531],[119.53125,28.093789282770956],[119.4488525390625,28.12770555728798],[119.35546875,28.069556808283608],[119.28131103515625,28.086520114600717],[119.2291259765625,28.038046419369948],[119.12200927734375,28.05501469943188],[118.99566650390625,27.948312499250406],[118.9654541015625,27.80020993741826],[118.89129638671875,27.685960229871625],[118.89404296875,27.615406013399593],[118.795166015625,27.515579365859637],[118.72650146484375,27.500962976461636],[118.6688232421875,27.457102162785134],[118.6798095703125,27.359571227053095],[118.707275390625,27.320534765605473],[118.62762451171875,27.12759102850208],[118.51776123046875,27.100698960063966],[118.487548828125,27.06646334771017],[118.35296630859375,27.06890909546337]],[[119.57244873046875,28.09136628140695],[119.630126953125,27.996826597738718],[119.62738037109375,27.892494332286603],[119.72076416015625,27.805068967813085],[119.8828125,27.819644755099446],[120.2618408203125,27.749177005163986],[120.29754638671875,27.7661906423875],[120.50079345703125,27.75889940916045]],[[120.223388671875,27.379084299555316],[120.135498046875,27.34981340093563],[120.06683349609375,27.271719862586494],[119.96795654296875,27.28392560022975],[119.89654541015625,27.21067107379004],[119.69879150390625,27.193571414057217],[119.619140625,27.120257469000634],[119.58343505859375,27.04689544542316],[119.59442138671875,26.949004778750293],[119.520263671875,26.797106136843354],[119.54498291015625,26.630273470591902],[119.59991455078125,26.586071006794256]],[[119.62188720703125,27.134924107129393],[119.542236328125,27.269278554175017],[119.63287353515625,27.466850519268462],[119.69329833984375,27.522886832325796],[119.8992919921875,27.583763493386016],[119.91851806640625,27.625140335093292],[120.05859375,27.659203644307922],[120.10528564453125,27.705415448162256],[120.1080322265625,27.775911526834264]],[[119.586181640625,27.061571692162204],[119.542236328125,27.034663773424228],[119.49554443359375,27.05912578437406],[119.3994140625,27.034663773424228],[119.34722900390625,27.071354789865012],[119.24835205078125,27.071354789865012],[119.1412353515625,27.10558890772988],[119.0533447265625,27.1618079465197],[119.01214599609375,27.14958882140732],[118.98193359375,27.181355765758894],[118.8995361328125,27.19845729876721],[118.83087158203125,27.325415075194414],[118.77044677734375,27.3571318511258],[118.663330078125,27.3571318511258],[118.45458984375,27.483908068528592],[118.3282470703125,27.430289738862598],[118.17718505859375,27.466850519268462],[118.0645751953125,27.452227661315078]],[[118.35296630859375,27.06646334771017],[118.41064453125,27.012643405861155],[118.4051513671875,26.826521793655658],[118.4765625,26.75787339384165],[118.49578857421875,26.659732285135718],[118.53973388671875,26.620452177301217],[118.663330078125,26.617996722116757],[118.7127685546875,26.56150670403794],[118.79241943359375,26.554136386183785],[118.8665771484375,26.409090620814297],[119.17144775390625,26.180088724387304],[119.1632080078125,26.13078200354765]],[[118.30902099609375,28.287451910503748],[118.28704833984375,28.318888915773826],[118.13323974609375,28.386567819657216],[118.10028076171875,28.43246820620095],[118.0975341796875,28.507315578441776],[118.05908203125,28.54351300356734],[118.03436279296875,28.66408122441068],[117.9876708984375,28.717087374872193],[117.9766845703125,28.84467368077179],[117.89703369140625,28.904801680303535],[117.7679443359375,28.948072282131648]],[[118.99017333984375,27.941033503267164],[118.948974609375,27.98227465910408],[118.7347412109375,27.85121891518709],[118.5919189453125,27.899776596718084],[118.5205078125,27.88763921713651]],[[119.32525634765625,29.523280500828605],[119.28131103515625,29.551955878093025],[119.18243408203125,29.563901551414418],[119.146728515625,29.633158589140564],[119.05059814453125,29.692824739380754],[118.89678955078125,29.661802757613785],[118.8116455078125,29.683280533733637],[118.65234375,29.84540862642845],[118.5479736328125,29.888280933159265]],[[120.1904296875,29.32232550375285],[120.16845703125,29.3893546604737],[120.03936767578125,29.40610505570929]],[[119.718017578125,29.168950601092277],[119.77569580078125,28.97931203672246],[119.91851806640625,28.871134287431147],[120.003662109375,28.85670206406195],[120.08880615234375,28.796546241769192],[120.0201416015625,28.70504287929188],[119.9432373046875,28.676130433078256],[119.86907958984375,28.613459424004418],[119.85809326171875,28.454203549949142],[119.89105224609375,28.37931857241108],[119.81414794921875,28.357567857801698],[119.7674560546875,28.30679885919413],[119.71527099609375,28.289870471423555],[119.68505859375,28.340647553430927],[119.586181640625,28.367235392522986],[119.52301025390625,28.43246820620095],[119.454345703125,28.430052892335723],[119.35821533203125,28.533861572281154],[119.3389892578125,28.59658006463482],[119.28131103515625,28.61828159998386],[119.27032470703125,28.695406284421964],[119.16595458984375,28.823019085894103],[119.17144775390625,28.87834964760205],[119.13848876953125,28.904801680303535],[119.14947509765625,28.93845815364763],[119.11376953125,29.048966726566917],[119.1741943359375,29.360633279887992]],[[120.07781982421875,28.806173508854783],[120.25360107421875,28.79173227474078],[120.46234130859375,28.7267219726982],[120.6024169921875,28.767659105691223]],[[120.6024169921875,28.77006667259029],[120.53375244140625,28.78932520786553],[120.3607177734375,29.099376992628493]],[[120.2508544921875,29.041763247401377],[120.19866943359375,29.212110522726206],[120.2069091796875,29.312746310577964]],[[120.838623046875,29.561512529746736],[120.81939697265625,29.680894340704327],[120.8441162109375,29.726222319395504],[120.82489013671875,29.89780561015587],[120.84686279296875,29.964452850852],[120.78094482421875,30.038188765153905],[120.76995849609375,30.20923467351001],[120.79193115234375,30.41788764107116],[120.74798583984375,30.533876572997627],[120.75347900390625,30.682801890953783]],[[120.83587646484375,29.55912345157796],[120.74798583984375,29.537619205973428],[120.63262939453125,29.449164826924672],[120.56396484375,29.45155650109173],[120.5474853515625,29.42524498547202],[120.31951904296875,29.327114763049266],[120.17120361328125,29.317536019588104],[119.97894287109375,29.221699149280653],[119.86358642578125,29.238477085928054]],[[120.2508544921875,29.807284450222497],[120.245361328125,29.745301662213592]],[[120.5474853515625,29.919232804842153],[120.61614990234375,29.79536766320929],[120.63262939453125,29.66418940369614],[120.67108154296875,29.633158589140564],[120.7012939453125,29.520890519025357],[120.76446533203125,29.473079031558157],[120.7891845703125,29.40610505570929],[120.76995849609375,29.26962881522664],[120.8111572265625,29.137768254983342],[120.8551025390625,29.041763247401377],[120.9320068359375,28.962491801855165],[120.96221923828125,28.871134287431147]],[[120.38543701171875,30.083354648756156],[120.47332763671875,30.012030680358606]],[[120.4705810546875,30.00489545954622],[120.3167724609375,29.900186637177384],[120.25360107421875,29.807284450222497]],[[120.78094482421875,30.038188765153905],[120.7232666015625,29.971590978566113],[120.52276611328125,29.916852233070173],[120.421142578125,29.773913869992242],[120.30029296875,29.745301662213592]],[[120.7672119140625,30.67099079077917],[120.9979248046875,30.630822249736866]],[[120.7452392578125,30.659178246433783],[120.67108154296875,30.62373195163005],[120.6024169921875,30.55280041345354],[120.50628662109375,30.512582844999528]],[[120.509033203125,30.50785027187169],[120.28656005859375,30.375244781665316]],[[120.4815673828125,30.566990873153344],[120.33050537109375,30.557530797259176],[120.2947998046875,30.57408532473883]],[[120.4486083984375,30.711142637210045],[120.1519775390625,30.488917676126846],[120.14923095703125,30.391830328088133]],[[120.289306640625,30.578814670835015],[120.20965576171875,30.597729748412036],[119.915771484375,30.576450026618105],[119.88555908203125,30.436834045442225],[119.90203857421875,30.379983796443767],[119.86358642578125,30.27330042806993],[119.86907958984375,30.1641263431611],[119.82513427734375,30.04294403895716],[119.8663330078125,29.981107684467247],[120.0091552734375,29.957314210401563],[120.20965576171875,29.814433840986084]],[[120.25360107421875,30.330212685432727],[120.2838134765625,30.375244781665316]],[[120.3662109375,30.325471259328083],[120.30853271484375,30.323100460201644],[120.1849365234375,30.391830328088133],[120.08880615234375,30.38235321766959],[120.047607421875,30.330212685432727],[120.03936767578125,30.244831915307145],[120.08880615234375,30.14275203107539],[120.1739501953125,30.095236981932985],[120.28106689453125,30.09048422000535]],[[120.3936767578125,30.441570071519465],[120.39642333984375,30.394199462058324],[120.35247802734375,30.29227485102426],[120.3607177734375,30.223475116500154],[120.20416259765625,29.9120909187815],[120.2178955078125,29.819199817513834],[120.18768310546875,29.77629785183136],[120.1629638671875,29.64270755090439],[120.025634765625,29.45155650109173],[120.01739501953125,29.363027037783752],[119.8992919921875,29.257648503615542],[119.67681884765625,29.14736383122664],[119.46807861328125,29.13536922092716],[119.40765380859375,29.099376992628493],[119.300537109375,29.104176683949987],[118.68804931640625,28.948072282131648],[118.55621337890625,28.950475674848008],[118.4600830078125,28.916823103291662],[118.2843017578125,28.7483965711874],[118.2183837890625,28.71226974306188],[118.12774658203125,28.603814407841327],[118.004150390625,28.514556057751705],[117.91900634765625,28.490419194161674],[117.79815673828125,28.37206882963163],[117.57568359375,28.359984824037397],[117.5152587890625,28.335812685613348],[117.40264892578125,28.357567857801698],[117.125244140625,28.35515083653415],[116.91650390625,28.285033294640684]],[[120.4156494140625,30.251949817104972],[120.6134033203125,30.23771349789203],[120.706787109375,30.171250084367486],[120.79193115234375,30.159376896356193],[120.90728759765625,30.178373310707883],[121.190185546875,30.29701788337205]],[[120.37994384765625,30.216355152668555],[120.71502685546875,30.073847754270204],[120.9210205078125,30.04769908451695],[120.98968505859375,30.064339946244303],[121.11053466796875,30.009652330442933],[121.30279541015625,29.981107684467247],[121.431884765625,29.90971017627031],[121.4923095703125,29.84064389983442],[121.7340087890625,29.831113764737154],[121.84112548828125,29.93113480986868]],[[120.23162841796875,30.218728531207887],[120.4046630859375,30.225848323247703]],[[120.13275146484375,30.16650098076606],[120.1080322265625,30.149877316442073]],[[120.03662109375,30.24245916678936],[119.86358642578125,30.251949817104972],[119.7015380859375,30.192618218499277],[119.56146240234375,30.211608223816924],[119.3939208984375,30.178373310707883],[119.14947509765625,30.178373310707883],[119.0863037109375,30.1641263431611],[118.970947265625,30.0714708879013],[118.883056640625,30.038188765153905],[118.81988525390625,30.045321590268856],[118.751220703125,30.00489545954622]],[[120.0750732421875,30.315987718557864],[120.0531005859375,30.339694848974247],[119.92950439453125,30.358656420788776],[119.761962890625,30.488917676126846],[119.72900390625,30.661540870820915],[119.6795654296875,30.722948824772516],[119.68505859375,30.91636380602182],[119.63287353515625,31.010571059441745],[119.68231201171875,31.132901401103325],[119.608154296875,31.245681880715523],[119.58892822265625,31.367708915120843]],[[120.1849365234375,30.531510833645243],[120.223388671875,30.6260954420505],[120.223388671875,30.718226523201352],[120.27008056640625,30.78667724943695]],[[120.10528564453125,30.135626231134594],[120.03662109375,30.021543509740027],[119.9432373046875,30.000138360580678],[119.91851806640625,29.933515040088096],[119.70428466796875,29.761993109601534],[119.619140625,29.72383714638906],[119.454345703125,29.578234494739206],[119.32525634765625,29.523280500828605],[119.2401123046875,29.398926652739164],[119.01763916015625,29.298375834704203],[118.94073486328125,29.226493125990913],[118.839111328125,29.183339259653224],[118.7896728515625,29.19293057772775],[118.68804931640625,29.144965021168815],[118.60015869140625,29.166552295200148],[118.531494140625,29.152161283318918],[118.4051513671875,29.0801759896232],[118.27056884765625,29.0969770630431],[118.18267822265625,29.05857058301332],[118.125,29.06097140738389],[118.08380126953125,29.09457707751183],[117.9876708984375,29.09457707751183],[117.938232421875,29.10897615145302],[117.8887939453125,29.14736383122664],[117.87506103515625,29.19293057772775],[117.784423828125,29.240873709577244],[117.77069091796875,29.35105768570503],[117.8228759765625,29.611670115197384],[117.806396484375,29.652255607121887],[117.83111572265625,29.74768632486993],[117.8173828125,29.84302629154662]],[[120.22064208984375,29.821582720574995],[120.2783203125,29.785833211631726],[120.3057861328125,29.726222319395504],[120.28106689453125,29.668962525992498],[120.37445068359375,29.468296641713223],[120.355224609375,29.42046034101314],[120.40191650390625,29.28639889293477],[120.3607177734375,29.099376992628493],[120.19866943359375,28.993727204618935],[120.06134033203125,28.820612741699435]],[[120.1190185546875,29.575845812137388],[120.28656005859375,29.637933183204566]],[[119.58892822265625,29.692824739380754],[119.58343505859375,29.814433840986084],[119.51751708984375,29.878755346037977],[119.4927978515625,29.947795225672394],[119.35821533203125,30.080978010788556],[119.37469482421875,30.232967599863755],[119.27581787109375,30.363396239603716],[119.25384521484375,30.451041433506944],[119.1082763671875,30.512582844999528],[119.036865234375,30.597729748412036]],[[119.454345703125,29.578234494739206],[119.44061279296875,29.52567042617582],[119.49005126953125,29.434813598289637],[119.6136474609375,29.334298230315667],[119.65484619140625,29.329509308364706],[119.73175048828125,29.178543264303002]],[[118.22113037109375,29.551955878093025],[118.27880859375,29.508939763268387],[118.30902099609375,29.334298230315667],[118.399658203125,29.28639889293477],[118.42437744140625,29.152161283318918],[118.45458984375,29.104176683949987],[118.55621337890625,29.072974690644912],[118.6248779296875,28.98651987182332],[118.6798095703125,28.962491801855165],[118.72100830078125,28.87594458322063],[118.663330078125,28.796546241769192],[118.68255615234375,28.73876397137029],[118.6468505859375,28.673720702193137],[118.531494140625,28.531448576319235],[118.53424072265625,28.434883464940086],[118.47381591796875,28.304380682962787],[118.5205078125,28.207608595327372],[118.56170654296875,28.18098087972554],[118.553466796875,28.110748760633527],[118.509521484375,28.052590823339827],[118.52874755859375,27.98470011861268],[118.5040283203125,27.9337540167772],[118.509521484375,27.86821657951407],[118.38043212890625,27.768620944918666],[118.35296630859375,27.66163633191522],[118.2843017578125,27.671366540932326],[118.14422607421875,27.530193813187935],[118.05908203125,27.48878116893799],[118.05084228515625,27.332735136859142],[118.09478759765625,27.269278554175017],[118.15521240234375,27.18868531527167],[118.289794921875,27.132479801022868],[118.29254150390625,27.10314396059573],[118.3392333984375,27.0982539061379],[118.35296630859375,27.06890909546337],[118.3282470703125,27.0273241305333],[118.33648681640625,26.961245770526972],[118.30352783203125,26.828972753817766],[118.23760986328125,26.77258726109544],[118.22662353515625,26.708813412005924],[118.14697265625,26.679367271566832],[118.11676025390625,26.522192867724726]],[[118.52874755859375,29.883518253353174],[118.50677490234375,29.92161331969558],[118.52874755859375,30.05245390181146],[118.62213134765625,30.118997363895105],[118.74298095703125,30.270928367219014],[118.77593994140625,30.358656420788776],[118.8555908203125,30.432097789337575],[118.9105224609375,30.44393799829119],[119.03411865234375,30.585908257485585],[119.036865234375,30.64500128737231],[118.91326904296875,30.819705005461486],[118.9105224609375,30.89986798527889],[118.88031005859375,30.956413244067264]],[[118.7896728515625,30.021543509740027],[118.6248779296875,29.957314210401563],[118.5919189453125,29.914471604382356],[118.43536376953125,29.821582720574995],[118.41064453125,29.74053216675361],[118.35296630859375,29.695210649161083],[118.19091796875,29.704753721672645],[118.13873291015625,29.752455480021396],[117.97943115234375,29.781065645248304],[117.91900634765625,29.84064389983442],[117.7734375,29.850173125689892],[117.7349853515625,29.87399221123566],[117.52899169921875,29.8382614512946],[117.279052734375,29.89066218773948],[117.125244140625,29.819199817513834]],[[118.267822265625,30.178373310707883],[118.33099365234375,30.202113679097238],[118.4600830078125,30.327842001072668],[118.4381103515625,30.53860787885455],[118.35296630859375,30.609549797190837],[118.3502197265625,30.663903437451623],[118.23760986328125,30.86922534804083],[118.245849609375,31.050580984217518],[118.22662353515625,31.116443024569463],[118.17718505859375,31.151707478133673],[118.07281494140625,31.30436845183098],[117.8887939453125,31.435693747063894]],[[118.355712890625,30.6260954420505],[118.487548828125,30.673353126358165],[118.57818603515625,30.78667724943695],[118.740234375,30.911651004518248]],[[119.23736572265625,30.46998139622127],[119.50653076171875,30.588272671026985],[119.5916748046875,30.692249731071882],[119.8114013671875,30.78431768971889],[120.0421142578125,30.82913942201398],[120.1904296875,30.807910681366465],[120.49530029296875,30.715865285686263],[120.596923828125,30.817346256492073],[121.058349609375,30.954057859276134],[121.1627197265625,31.019986671412497],[121.23138427734375,31.022340429043638],[121.34124755859375,31.109388560814963],[121.7449951171875,31.189308439528162],[121.78619384765625,31.17990959866414]],[[119.33349609375,30.902224705171434],[119.38568115234375,30.93756853975414],[119.5147705078125,30.93756853975414],[119.55047607421875,30.91636380602182]],[[119.28680419921875,31.205754165294366],[119.2950439453125,31.3020216901361],[119.34173583984375,31.35598241670874],[119.34173583984375,31.402879631499857],[119.39666748046875,31.508312698943442],[119.42138671875,31.67909579713165],[119.388427734375,31.8798899525235],[119.3994140625,32.04766089060861]],[[119.28680419921875,31.203404950917403],[119.25933837890625,31.09292610699383],[119.1741943359375,30.923432573007346],[119.16595458984375,30.76779915088146],[119.036865234375,30.652090026760007]],[[118.55621337890625,31.266813252320716],[118.76220703125,31.30436845183098],[118.9874267578125,31.41460027631321],[119.3389892578125,31.40522387758132]],[[118.26507568359375,31.64636714691636],[118.34197998046875,31.865895211796342],[118.33648681640625,32.10118973232095]],[[118.23486328125,32.09886304314587],[118.026123046875,32.02670629333615],[117.62786865234375,31.94283997285308],[117.3779296875,31.809895002118836],[117.22686767578125,31.79122071500838],[117.16094970703125,31.821564514920738],[117.11151123046875,31.905541455900376],[117.103271484375,32.10118973232095]],[[118.59466552734375,32.038348328331196],[118.4820556640625,32.0453328388585],[118.37493896484375,32.10118973232095]],[[118.5589599609375,32.10118973232095],[118.58917236328125,31.996430077186645],[118.73199462890625,31.88455439374627],[118.80615234375,31.875225275111617],[118.883056640625,31.952162238024968],[118.95172119140625,32.10118973232095]],[[118.67156982421875,31.94517062781857],[118.6578369140625,31.89155061268437],[118.53424072265625,31.76320220989608],[118.5205078125,31.47318153169718],[118.465576171875,31.34190868797168],[118.39691162109375,31.21984822620118],[118.3447265625,31.177559742645514],[118.32000732421875,31.109388560814963],[118.07830810546875,31.008217011100186],[117.88055419921875,30.85743710875022],[117.7734375,30.817346256492073],[117.7130126953125,30.713503990354965],[117.49603271484375,30.607185902822607],[117.36419677734375,30.50785027187169],[117.25982666015625,30.496017831341277],[117.21038818359375,30.460511875130663],[117.06756591796875,30.474715811513846]],[[118.7786865234375,31.96614386212009],[118.828125,31.809895002118836],[119.00115966796875,31.68610757907949],[118.970947265625,31.53172614451715],[118.99017333984375,31.41460027631321]],[[118.839111328125,32.00108860754044],[118.992919921875,31.821564514920738],[119.05609130859375,31.683770377276034],[119.12200927734375,31.62298248226682],[119.33349609375,31.510654307532675],[119.46533203125,31.386468269542306],[119.68231201171875,31.36067319160631],[119.85809326171875,31.294981054372286],[119.93499755859375,31.14700630855657],[119.95697021484375,30.96347904995936],[120.02288818359375,30.904581367044216],[120.06134033203125,30.82678090477978],[120.07781982421875,30.73711434162705],[120.047607421875,30.680439786468128],[120.0640869140625,30.6260954420505],[120.01739501953125,30.54570440548099],[120.01739501953125,30.50075098029069],[120.0860595703125,30.458144351018078],[120.11627197265625,30.387091887781125]],[[118.86932373046875,32.10118973232095],[118.89404296875,32.04766089060861],[118.8226318359375,31.987112306515527],[118.71826171875,31.977793589351563],[118.67156982421875,31.94283997285308]],[[118.89129638671875,32.0639555946604],[119.59442138671875,32.04067655771746],[119.68780517578125,31.970803930433092],[119.9981689453125,31.837899355285074],[120.12176513671875,31.73984697335503]],[[118.9874267578125,31.41460027631321],[118.9874267578125,31.266813252320716],[118.8720703125,30.98702796028033]],[[119.39117431640625,31.47318153169718],[119.50653076171875,31.498945677962936],[119.68780517578125,31.667408317080884]],[[119.39666748046875,32.04766089060861],[119.4049072265625,32.10118973232095]],[[119.45709228515625,32.05930026106165],[119.454345703125,32.10118973232095]],[[119.6356201171875,32.01972036197235],[119.6795654296875,32.10118973232095]],[[119.80865478515625,32.10118973232095],[119.871826171875,32.00807595929106],[119.87457275390625,31.88688652578081]],[[119.8773193359375,31.940509258776473],[120.08056640625,32.10118973232095]],[[120.12176513671875,31.74218276211799],[120.28656005859375,31.81923073032661],[120.5145263671875,31.814562984184235],[120.92926025390625,31.667408317080884]],[[119.94598388671875,31.512995857454683],[119.85809326171875,31.73984697335503],[119.871826171875,31.88688652578081]],[[120.01190185546875,31.54108987958581],[119.9267578125,31.587894464070402]],[[120.0146484375,31.54108987958581],[120.23162841796875,31.42163196041959],[120.37445068359375,31.46849637920596],[120.45135498046875,31.391157522824713]],[[119.7564697265625,31.34425445566805],[119.80316162109375,31.419288124288357],[119.96795654296875,31.53172614451715],[120.1025390625,31.566835307893896],[120.28106689453125,31.658057274089913]],[[120.30029296875,30.8904405255621],[120.3057861328125,30.819705005461486],[120.2728271484375,30.78667724943695]],[[120.4376220703125,30.965834202421135],[120.47332763671875,30.83385628265907],[120.44586181640625,30.687525926582907],[120.5145263671875,30.49838443460378],[120.52001953125,30.361026358907182],[120.552978515625,30.30650325984884],[120.57220458984375,30.194992169502896],[120.5255126953125,30.097613277217135],[120.52825927734375,30.04769908451695],[120.47607421875,29.993002284551082],[120.54473876953125,29.919232804842153]],[[120.6463623046875,31.34894581557998],[120.68206787109375,31.137603270021287],[120.6683349609375,30.774878871959743],[120.76446533203125,30.67099079077917]],[[120.64361572265625,31.34894581557998],[120.7452392578125,31.503629305773032],[120.9320068359375,31.667408317080884],[121.0748291015625,31.58321506275729],[121.2506103515625,31.320794146937374],[121.23687744140625,31.23628864179301],[121.300048828125,31.139954117071454],[121.29180908203125,30.98467333070846]],[[120.8990478515625,31.634675549541328],[120.91278076171875,31.58321506275729],[120.86883544921875,31.30436845183098],[120.81390380859375,31.13525236469775],[120.82763671875,30.88336932169227],[120.97320556640625,30.706419757489712],[121.00067138671875,30.6260954420505],[121.15997314453125,30.42025614284516],[121.190185546875,30.29701788337205],[121.3494873046875,30.26855624904772],[121.41815185546875,30.223475116500154],[121.44561767578125,30.14275203107539],[121.4154052734375,29.990623478530466],[121.44287109375,29.947795225672394]],[[120.3277587890625,31.634675549541328],[120.31402587890625,31.821564514920738]],[[120.311279296875,31.821564514920738],[120.22064208984375,32.10118973232095]],[[120.5255126953125,31.814562984184235],[120.4925537109375,31.863562548378965],[120.50628662109375,31.935847653299433],[120.4705810546875,31.961483557268537]],[[120.73974609375,32.056972505418514],[120.72052001953125,32.070938150804665]],[[120.72052001953125,32.07559289203769],[120.7012939453125,32.10118973232095]],[[120.72052001953125,32.10118973232095],[120.7177734375,31.987112306515527],[120.6243896484375,31.89621446335144],[120.52001953125,31.569175449070897],[120.4486083984375,31.47318153169718],[120.399169921875,31.45443951485325]],[[120.91827392578125,32.091882620021806],[120.904541015625,32.10118973232095]],[[120.78369140625,32.10118973232095],[120.9429931640625,32.08722870829662],[120.9869384765625,32.00807595929106],[120.9979248046875,31.788886163788447],[120.9320068359375,31.667408317080884]],[[121.2286376953125,31.8798899525235],[121.20391845703125,32.054644690549324],[121.15447998046875,32.10118973232095]],[[121.1956787109375,31.644028945047822],[121.058349609375,31.597252561706668]],[[121.519775390625,31.37943395059564],[121.48406982421875,31.416944229585397],[121.26434326171875,31.367708915120843],[121.1407470703125,31.31375491407894],[121.1187744140625,31.074108380573307],[121.212158203125,30.89986798527889],[121.22589111328125,30.812628584773705],[121.2890625,30.73711434162705]],[[121.3604736328125,32.10118973232095],[121.409912109375,32.038348328331196],[121.61041259765625,31.984782715952377],[121.651611328125,31.882222202659705]],[[121.640625,31.306715155075167],[121.69281005859375,31.290287004988542],[121.78070068359375,31.099981793749436],[121.78619384765625,30.96347904995936],[121.761474609375,30.921076375384885],[120.98968505859375,30.85272140721844]],[[121.673583984375,31.306715155075167],[121.827392578125,31.552793227677327],[121.651611328125,31.65571936628581],[121.717529296875,31.81689688674699],[121.7010498046875,31.85423130442635],[121.53076171875,31.903209796367193],[121.0528564453125,31.935847653299433],[120.992431640625,31.963813739260488]],[[121.64337158203125,31.15875879532973],[121.63787841796875,31.318447794449284],[121.59393310546875,31.35363694150098],[121.49505615234375,31.37943395059564],[121.35772705078125,31.33487103395059],[121.343994140625,31.248030044481112],[121.3824462890625,31.12114570915631]],[[121.8109130859375,31.104685293758493],[121.5802001953125,31.085869896208322],[121.52252197265625,31.055286929010194],[121.387939453125,31.036461753598545],[121.29180908203125,30.98467333070846],[121.09954833984375,30.97760909334869]],[[121.59942626953125,30.8904405255621],[121.61865234375,31.04352163068421],[121.5911865234375,31.149356922488067]],[[121.36322021484375,30.800833391884055],[121.2890625,30.98467333070846]],[[121.387939453125,31.248030044481112],[121.17919921875,31.255074185421932],[121.0528564453125,31.330178972184655],[120.79193115234375,31.37005403926065],[120.56121826171875,31.35598241670874],[120.50628662109375,31.447410291428724],[120.31951904296875,31.64636714691636],[120.12176513671875,31.73984697335503],[120.02288818359375,31.676758418795515],[119.9432373046875,31.658057274089913],[119.6136474609375,31.67909579713165],[119.3719482421875,31.73283925365007],[118.94622802734375,31.68610757907949],[118.7677001953125,31.688444722033864],[118.56719970703125,31.604270517991196],[118.0645751953125,31.65571936628581],[117.94921875,31.58321506275729],[117.94647216796875,31.508312698943442],[117.8887939453125,31.435693747063894],[117.86407470703125,31.32314044095743],[117.80914306640625,31.262117800776537]],[[121.4044189453125,31.290287004988542],[121.30828857421875,31.3020216901361],[121.26434326171875,31.367708915120843]],[[121.34674072265625,31.332525032307842],[121.25335693359375,31.320794146937374]],[[121.3494873046875,31.33487103395059],[121.30828857421875,31.435693747063894]],[[121.2945556640625,31.21749936193814],[121.256103515625,31.210452419007567]],[[121.38519287109375,31.116443024569463],[121.48406982421875,30.897511207369135],[121.4813232421875,30.85036346950237],[121.30279541015625,30.77015911578421],[121.26983642578125,30.732392734006083],[120.9814453125,30.6260954420505],[120.78094482421875,30.434465946141998],[120.498046875,30.42025614284516],[120.25634765625,30.35628642525117]],[[121.13525390625,31.137603270021287],[121.28631591796875,31.154057975490815],[121.35223388671875,31.189308439528162]],[[121.13800048828125,31.137603270021287],[120.88531494140625,31.048227924549778],[120.5804443359375,31.02704776985439],[120.45135498046875,30.93756853975414]],[[121.24786376953125,31.222197032103168],[120.95672607421875,31.21984822620118],[120.80291748046875,31.257422115608605],[120.76171875,31.22924309961782],[120.5255126953125,31.191658003929035],[120.48980712890625,31.201055678196838],[120.42938232421875,31.28089820501158],[120.45135498046875,31.391157522824713],[120.50628662109375,31.447410291428724],[120.57220458984375,31.470838984764384],[120.7452392578125,31.503629305773032],[121.0418701171875,31.482551133122485],[121.2176513671875,31.550452675471504]],[[121.0968017578125,30.975254231355862],[121.0748291015625,30.925788712587007],[120.95123291015625,30.803192546290973],[120.7452392578125,30.661540870820915]],[[121.41815185546875,30.223475116500154],[121.541748046875,30.175998959139577],[121.69830322265625,29.993002284551082]],[[121.17645263671875,30.363396239603716],[121.17919921875,30.363396239603716]],[[121.0693359375,30.038188765153905],[121.06109619140625,30.240086360983426]],[[121.42364501953125,29.807284450222497],[121.34124755859375,29.69759650228319],[121.25335693359375,29.666575993156655],[121.124267578125,29.528060295064265],[121.07757568359375,29.518500480769006],[121.0308837890625,29.566290516578164],[120.87158203125,29.583011690377504],[120.82763671875,29.537619205973428],[120.904541015625,29.477861195816843],[120.87158203125,29.298375834704203],[121.01165771484375,29.154559925347584],[121.06658935546875,29.14736383122664],[121.22589111328125,29.048966726566917],[121.3055419921875,29.0801759896232],[121.2945556640625,29.14736383122664],[121.31378173828125,29.15935704135542],[121.32476806640625,29.260044678228482],[121.45111083984375,29.35584559531074],[121.41265869140625,29.482643134466613],[121.4263916015625,29.59734192056736],[121.59393310546875,29.8382614512946]],[[121.63787841796875,29.971590978566113],[121.75323486328125,30.050076521698728],[121.904296875,30.05245390181146],[121.95098876953125,30.10236569641242],[121.98944091796875,30.09048422000535],[121.97296142578125,30.171250084367486],[122.0635986328125,30.29701788337205]],[[121.94549560546875,29.76914573606669],[121.89605712890625,29.850173125689892]],[[121.92626953125,29.790600550959454],[121.73126220703125,29.690438772945072]],[[122.0306396484375,29.87399221123566],[121.99493408203125,29.8549373975967],[121.74774169921875,29.88589962169624],[121.70928955078125,29.89780561015587],[121.62139892578125,29.993002284551082],[121.57470703125,29.995381033568137],[121.44287109375,29.947795225672394],[121.40716552734375,29.847790904477122],[121.46209716796875,29.783449456820605],[121.58294677734375,29.781065645248304],[121.66259765625,29.814433840986084],[121.70928955078125,29.89780561015587]],[[122.00042724609375,30.050076521698728],[121.97296142578125,30.092860629528147]],[[122.080078125,30.6260954420505],[121.97845458984375,30.69697330439986],[121.9757080078125,30.746556862773616],[121.9097900390625,30.85743710875022],[121.84661865234375,30.909294516720152],[121.6680908203125,30.989382531740574],[121.64337158203125,31.154057975490815]]]},"properties":{"kind":"highway","kind_detail":"motorway","source":"Protomaps / OpenStreetMap","source_zoom":5},"id":35184376646450},{"type":"Feature","geometry":{"type":"MultiLineString","coordinates":[[[112.818603515625,31.9941007232608],[112.82684326171875,31.996430077186645]],[[113.20037841796875,31.634675549541328],[113.21136474609375,31.627659885545228]],[[113.24432373046875,31.700129553985917],[113.2305908203125,31.68610757907949]],[[113.5711669921875,31.669745930760243],[113.56842041015625,31.665070644571784]],[[113.29925537109375,31.644028945047822],[113.28277587890625,31.637013986617973]],[[113.70025634765625,31.177559742645514],[113.6810302734375,31.170509824703444]],[[113.76068115234375,30.793755581217667],[113.74420166015625,30.805551642785957]],[[112.66204833984375,31.172859855662637],[112.6483154296875,31.17520982831084]],[[113.09600830078125,30.57408532473883],[113.0987548828125,30.59300132508085]],[[112.467041015625,30.339694848974247],[112.44781494140625,30.34680586896208]],[[112.38739013671875,30.147502278499246],[112.3956298828125,30.1380015549519]],[[112.52197265625,29.544787796199472],[112.53570556640625,29.549566573947914]],[[113.0438232421875,29.947795225672394],[113.03009033203125,29.950175057288817]],[[113.78814697265625,29.69759650228319],[113.78814697265625,29.680894340704327]],[[113.79364013671875,29.728607435707517],[113.78814697265625,29.714295887474805]],[[113.5601806640625,30.339694848974247],[113.53546142578125,30.339694848974247]],[[113.46954345703125,30.597729748412036],[113.477783203125,30.607185902822607]],[[113.9117431640625,30.526779182105784],[113.92822265625,30.533876572997627]],[[114.049072265625,30.467614102257855],[114.06280517578125,30.453409130203596]],[[114.0545654296875,30.562260950499436],[114.0380859375,30.559895902701285]],[[114.246826171875,30.64500128737231],[114.25506591796875,30.63554882653324]],[[114.11224365234375,30.699335004371974],[114.0985107421875,30.70169664654607]],[[114.19189453125,30.7040582309195],[114.1973876953125,30.69697330439986]],[[114.3072509765625,30.741835717889785],[114.3017578125,30.74419631925535]],[[114.41436767578125,30.75127777625781],[114.40338134765625,30.746556862773616]],[[114.5159912109375,30.569355748003844],[114.52972412109375,30.571720565199897]],[[114.4610595703125,30.39893755761868],[114.44183349609375,30.403675423321417]],[[114.25506591796875,30.327842001072668],[114.23309326171875,30.327842001072668]],[[114.1973876953125,30.342065246371632],[114.18914794921875,30.33258331240559]],[[114.246826171875,30.4060442699695],[114.23858642578125,30.413150465068853]],[[114.21112060546875,30.413150465068853],[114.2083740234375,30.42262458713084]],[[114.13421630859375,30.394199462058324],[114.1094970703125,30.391830328088133]],[[114.16717529296875,30.441570071519465],[114.1644287109375,30.439202087235586]],[[114.3511962890625,29.594953690210986],[114.3402099609375,29.599730094380433]],[[114.2633056640625,29.94541533710445],[114.2523193359375,29.93113480986868]],[[114.88128662109375,30.038188765153905],[114.8675537109375,30.050076521698728]],[[114.89501953125,30.031055426540206],[114.91424560546875,30.04294403895716]],[[114.9444580078125,29.71668128723107],[114.93621826171875,29.72383714638906]],[[115.169677734375,29.699982298744374],[115.1531982421875,29.702368038541763]],[[114.99664306640625,30.304132001763676],[114.993896484375,30.29464639587171]],[[115.02960205078125,30.251949817104972],[114.99114990234375,30.244831915307145]],[[114.91973876953125,30.29701788337205],[114.9005126953125,30.29938931352261]],[[114.6368408203125,30.358656420788776],[114.6533203125,30.353916372297036]],[[114.68902587890625,30.35154626192903],[114.6697998046875,30.35154626192903]],[[114.697265625,30.432097789337575],[114.697265625,30.427361303226718]],[[114.72747802734375,30.496017831341277],[114.7027587890625,30.503117468399395]],[[114.89501953125,30.72058770289763],[114.88128662109375,30.732392734006083]],[[114.96917724609375,30.578814670835015],[114.9774169921875,30.59063702689292]],[[114.7906494140625,31.10703695640707],[114.774169921875,31.111740106979667]],[[114.93621826171875,31.177559742645514],[114.9444580078125,31.186958816798736]],[[114.75494384765625,30.78195807210956],[114.7412109375,30.78667724943695]],[[114.59564208984375,30.779598396611533],[114.57916259765625,30.779598396611533]],[[114.36767578125,30.75599845832167],[114.36767578125,30.76543912810554]],[[114.0380859375,30.75599845832167],[114.027099609375,30.758358712564487]],[[114.06005859375,30.98702796028033],[114.049072265625,30.97760909334869]],[[114.3951416015625,31.37005403926065],[114.40887451171875,31.35832783341131]],[[114.06829833984375,31.442723849469118],[114.07379150390625,31.442723849469118]],[[114.24957275390625,31.85189834587929],[114.23309326171875,31.84956532831343]],[[114.50775146484375,31.85423130442635],[114.5159912109375,31.84723225173113]],[[114.9444580078125,32.06861069132688],[114.9334716796875,32.0732655510424]],[[114.89227294921875,31.751525328078912],[114.89227294921875,31.74685416292141]],[[115.61737060546875,31.938178485591123],[115.62286376953125,31.935847653299433]],[[115.76568603515625,31.487235582017448],[115.76568603515625,31.47318153169718]],[[115.718994140625,31.44975342450799],[115.697021484375,31.45443951485325]],[[116.015625,30.822063696500948],[116.0101318359375,30.84093113902992]],[[116.06231689453125,31.833232553025212],[116.048583984375,31.81689688674699]],[[116.32049560546875,31.85423130442635],[116.334228515625,31.84956532831343]],[[116.79840087890625,31.900878077763068],[116.7901611328125,31.89155061268437]],[[116.99066162109375,31.947501223670642],[116.9879150390625,31.954492656522532]],[[116.861572265625,31.505971031689413],[116.8670654296875,31.505971031689413]],[[116.86431884765625,31.431006719178512],[116.87255859375,31.42163196041959]],[[117.18017578125,31.566835307893896],[117.18017578125,31.564495107991192]],[[117.10052490234375,31.9941007232608],[117.11151123046875,31.987112306515527]],[[117.34771728515625,31.805226784149482],[117.33123779296875,31.805226784149482]],[[117.49603271484375,31.954492656522532],[117.49603271484375,31.935847653299433]],[[117.52899169921875,31.89621446335144],[117.52349853515625,31.88455439374627]],[[117.806396484375,31.751525328078912],[117.8228759765625,31.728167146023935]],[[117.98492431640625,31.597252561706668],[117.96844482421875,31.60660971922691]],[[117.8887939453125,31.431006719178512],[117.8997802734375,31.431006719178512]],[[117.57293701171875,31.351291407790598],[117.56744384765625,31.35363694150098]],[[117.8118896484375,31.248030044481112],[117.8118896484375,31.266813252320716]],[[117.83660888671875,31.23394018610982],[117.82012939453125,31.23394018610982]],[[118.070068359375,30.979963897240083],[118.0645751953125,30.989382531740574]],[[117.78717041015625,30.822063696500948],[117.7679443359375,30.8244223296079]],[[116.8231201171875,30.91636380602182],[116.8231201171875,30.918720119722195]],[[116.95220947265625,30.954057859276134],[116.96044921875,30.96818929679425]],[[116.87255859375,30.791396195188923],[116.87255859375,30.78195807210956]],[[116.72698974609375,30.873940237887624],[116.72149658203125,30.871582821957475]],[[116.971435546875,30.69697330439986],[116.971435546875,30.687525926582907]],[[116.89453125,30.050076521698728],[116.88079833984375,30.059585699708208]],[[116.56494140625,30.588272671026985],[116.56494140625,30.576450026618105]],[[115.46356201171875,30.325471259328083],[115.46630859375,30.334953881988568]],[[115.543212890625,30.014408973248905],[115.52398681640625,30.014408973248905]],[[115.9112548828125,30.033433263128998],[115.90576171875,30.033433263128998]],[[115.88104248046875,29.563901551414418],[115.88653564453125,29.575845812137388]],[[115.828857421875,29.449164826924672],[115.828857421875,29.434813598289637]],[[115.80963134765625,28.964894859921145],[115.8013916015625,28.98892237190414]],[[115.3948974609375,28.772474183943032],[115.39764404296875,28.777289039997626]],[[115.65032958984375,28.45903301972804],[115.631103515625,28.454203549949142]],[[115.6256103515625,28.52420925694493],[115.6036376953125,28.51938276781837]],[[115.718994140625,28.567637712798685],[115.72723388671875,28.57246199119784]],[[115.76019287109375,28.538687398442562],[115.76019287109375,28.51938276781837]],[[115.784912109375,28.430052892335723],[115.7684326171875,28.42280662001366]],[[115.87554931640625,28.413144152002786],[115.8782958984375,28.403480802362708]],[[115.9112548828125,28.53627451298992],[115.92498779296875,28.53627451298992]],[[115.72174072265625,28.673720702193137],[115.72174072265625,28.66649117698661]],[[115.8673095703125,28.849485201023],[115.87554931640625,28.839861937967967]],[[116.158447265625,28.335812685613348],[116.15020751953125,28.347899442570935]],[[116.39190673828125,29.473079031558157],[116.40289306640625,29.461122634021223]],[[117.0538330078125,29.34387539941801],[117.059326171875,29.33908692734107]],[[117.78167724609375,29.26244079669891],[117.76519775390625,29.255252272863004]],[[117.78167724609375,29.245666788514384],[117.8118896484375,29.257648503615542]],[[117.9217529296875,29.10897615145302],[117.9437255859375,29.10657644568026]],[[116.8780517578125,28.767659105691223],[116.88629150390625,28.77488163974644]],[[118.0810546875,27.30345199103455],[118.0865478515625,27.318094530276994]],[[117.586669921875,27.30345199103455],[117.608642578125,27.308333052145457]],[[117.25982666015625,27.120257469000634],[117.2515869140625,27.125146562094343]],[[116.466064453125,27.991976169784152],[116.4715576171875,27.98470011861268]],[[116.27105712890625,28.06470965729666],[116.279296875,28.04774290722655]],[[115.94146728515625,28.040470623280086],[115.9332275390625,28.0501668926037]],[[115.8453369140625,28.040470623280086],[115.850830078125,28.033197847676377]],[[115.6915283203125,27.386400814693573],[115.69427490234375,27.371767300523047]],[[114.98016357421875,27.217998696328692],[114.971923828125,27.21311366818236]],[[114.89501953125,27.108033801463122],[114.88128662109375,27.0982539061379]],[[114.2578125,27.812357105960828],[114.25506591796875,27.80263947977653]],[[114.356689453125,27.83907609477781],[114.33197021484375,27.83907609477781]],[[114.83184814453125,28.30196245176674],[114.83184814453125,28.282614623837404]],[[114.796142578125,27.858503954841254],[114.80438232421875,27.85121891518709]],[[115.2850341796875,27.941033503267164],[115.2740478515625,27.943459889766487]],[[114.77142333984375,28.533861572281154],[114.7796630859375,28.52179604000068]],[[113.6260986328125,28.64962034533977],[113.61785888671875,28.656851034203413]],[[112.74169921875,28.340647553430927],[112.74444580078125,28.3285599713617]],[[112.4725341796875,28.497660832963476],[112.4615478515625,28.50248831613041]],[[112.84881591796875,28.272939391283685],[112.8350830078125,28.282614623837404]],[[112.74993896484375,28.057438520876673],[112.7471923828125,28.069556808283608]],[[112.53570556640625,28.12770555728798],[112.52471923828125,28.139815912754443]],[[112.79937744140625,27.90705837112199],[112.80487060546875,27.899776596718084]],[[113.04931640625,27.807498401524754],[113.05206298828125,27.819644755099446]],[[113.1591796875,27.9337540167772],[113.16192626953125,27.943459889766487]],[[113.1646728515625,28.12528332196176],[113.170166015625,28.101057958669443]],[[113.0548095703125,28.09621222943811],[113.04931640625,28.08894322534917]],[[112.8680419921875,28.130127737874005],[112.89276123046875,28.120438687101057]],[[113.148193359375,28.23180985121182],[113.13995361328125,28.239069158099042]],[[113.3624267578125,28.178559849396976],[113.34869384765625,28.185822775955288]],[[113.81561279296875,27.707847106603438],[113.8348388671875,27.6981201476801]],[[112.587890625,26.95390133505323],[112.59613037109375,26.961245770526972]],[[112.5164794921875,26.750515745618387],[112.5274658203125,26.748063090366855]],[[112.9119873046875,26.53939432901703],[112.90924072265625,26.519735305660788]],[[113.6590576171875,26.50744670637141],[113.66180419921875,26.495156792444035]],[[113.53546142578125,26.728439943649306],[113.5272216796875,26.74070480712784]],[[113.36517333984375,26.86328062676624],[113.3734130859375,26.84857852587328]],[[114.34295654296875,26.73334604773261],[114.356689453125,26.743157621118215]],[[114.34295654296875,27.012643405861155],[114.345703125,27.002855190521245]],[[114.84283447265625,26.917171977972316],[114.8345947265625,26.912273826625594]],[[115.29052734375,26.89512862317936],[115.2960205078125,26.907375462719244]],[[115.08453369140625,25.933347157371628],[115.0872802734375,25.923466700919278]],[[114.71649169921875,25.913585416189804],[114.71923828125,25.923466700919278]],[[114.334716796875,25.735580912151534],[114.334716796875,25.725683932942644]],[[114.69451904296875,25.557309435783125],[114.7027587890625,25.557309435783125]],[[114.818115234375,25.281954265954283],[114.80712890625,25.27698715136924]],[[114.78790283203125,25.02090651422749],[114.7906494140625,25.01343981225635]],[[113.86505126953125,24.98107885823501],[113.8568115234375,24.983568464904025]],[[112.4725341796875,25.57960792510569],[112.48077392578125,25.589517031797257]],[[112.3406982421875,24.76678452287446],[112.3297119140625,24.756808311192714]],[[112.686767578125,24.379622535115118],[112.67578125,24.357105493969726]],[[112.7911376953125,24.094111346612223],[112.7801513671875,24.099125826874868]],[[113.0877685546875,24.171813716251364],[113.082275390625,24.186847428521247]],[[113.675537109375,24.246964554300916],[113.675537109375,24.23193793300139]],[[113.2415771484375,23.996289790628424],[113.25531005859375,23.996289790628424]],[[113.3624267578125,23.662135084369496],[113.3843994140625,23.66465073163161]],[[113.5052490234375,23.78534480594122],[113.51348876953125,23.787858076846504]],[[113.47503662109375,23.78534480594122],[113.5052490234375,23.79791067448197]],[[113.65631103515625,23.634459770994653],[113.66180419921875,23.657103644651258]],[[113.5711669921875,23.526218362216596],[113.59039306640625,23.518663307493853]],[[113.74969482421875,23.27919621687336],[113.7579345703125,23.264057460884302]],[[113.63433837890625,23.352342597581114],[113.6151123046875,23.33721216650116]],[[113.49151611328125,23.266580706342197],[113.477783203125,23.26910390402152]],[[113.44757080078125,23.26153416765183],[113.44482421875,23.253964001346873]],[[113.4393310546875,23.253964001346873],[113.41461181640625,23.243869777671577]],[[113.49151611328125,23.32964630439146],[113.48052978515625,23.33721216650116]],[[113.5162353515625,23.523700058824133],[113.53271484375,23.531254824436445]],[[113.433837890625,23.445608774415305],[113.43658447265625,23.468285200853245]],[[113.302001953125,23.465765790247943],[113.323974609375,23.458207269894118]],[[113.37066650390625,23.45064831681647],[113.39263916015625,23.45568766694339]],[[113.37615966796875,23.475843144075895],[113.3624267578125,23.478362362272506]],[[113.27178955078125,23.362428593408836],[113.26904296875,23.339734024762862]],[[113.31573486328125,23.347299312167777],[113.29925537109375,23.32964630439146]],[[113.302001953125,23.299378547993726],[113.29376220703125,23.314513287569497]],[[113.2086181640625,23.311990950585994],[113.1976318359375,23.311990950585994]],[[113.00811767578125,23.291810532441914],[113.016357421875,23.309468565752198]],[[112.994384765625,23.443088931121792],[112.9833984375,23.443088931121792]],[[113.15093994140625,23.642008164226908],[113.15643310546875,23.6470401845486]],[[113.038330078125,23.576574305545677],[113.0438232421875,23.589160275994914]],[[112.950439453125,23.740097624402253],[112.939453125,23.75266786383142]],[[112.54669189453125,23.420408179404035],[112.5604248046875,23.410326596588277]],[[112.423095703125,23.470804563362307],[112.43682861328125,23.468285200853245]],[[112.7801513671875,23.284242086524202],[112.78564453125,23.289287764949123]],[[112.40386962890625,23.301901124188873],[112.38189697265625,23.291810532441914]],[[112.37640380859375,23.180763583129448],[112.37640380859375,23.180763583129448]],[[112.928466796875,23.15298742058208],[112.91473388671875,23.160563309048314]],[[113.01361083984375,23.132782957293628],[113.00811767578125,23.147936590271485]],[[113.02459716796875,23.211058276488203],[113.01361083984375,23.200960808078563]],[[113.15643310546875,23.23882237936205],[113.16741943359375,23.23125092389779]],[[113.170166015625,22.986209684312342],[113.17291259765625,22.971037830568946]],[[113.0328369140625,22.9356302167745],[113.05206298828125,22.9331007469804]],[[113.0218505859375,22.849601761797317],[113.02734375,22.83694592094386]],[[113.1866455078125,22.839477183318877],[113.18389892578125,22.85213278864117]],[[113.1866455078125,22.690052257634022],[113.19488525390625,22.695120184965702]],[[112.43408203125,22.715390019335942],[112.4285888671875,22.72299043351299]],[[112.412109375,22.334833457530493],[112.412109375,22.3424548401465]],[[113.1591796875,22.02963780070074],[113.1536865234375,22.04745905654542]],[[113.05755615234375,22.192491314469777],[113.06854248046875,22.205206316244173]],[[112.99713134765625,22.408489358342635],[113.00537109375,22.400871590305968]],[[112.88726806640625,22.591190252422905],[112.87353515625,22.588654394218807]],[[113.09326171875,22.446571932178983],[113.0877685546875,22.433878901782975]],[[113.148193359375,22.477030464933307],[113.15093994140625,22.4846440518709]],[[113.13995361328125,22.583582537733903],[113.126220703125,22.583582537733903]],[[113.1976318359375,22.591190252422905],[113.203125,22.583582537733903]],[[113.26904296875,22.438956253296936],[113.258056640625,22.451648819126206]],[[113.27728271484375,22.512556954051448],[113.2745361328125,22.502407459497746]],[[113.31573486328125,22.57343826457239],[113.31573486328125,22.558220454844033]],[[113.40911865234375,22.591190252422905],[113.42010498046875,22.581046539461326]],[[113.477783203125,22.52270570348246],[113.4613037109375,22.52270570348246]],[[113.4228515625,22.30434376293222],[113.4173583984375,22.299261499741192]],[[113.4503173828125,22.309425841200195],[113.4722900390625,22.31704861179864]],[[113.214111328125,22.21029199450504],[113.2196044921875,22.217920166311018]],[[113.291015625,22.263680482353237],[113.31298828125,22.24588657987718]],[[113.3734130859375,22.266222283797774],[113.3734130859375,22.261138634744498]],[[113.4613037109375,22.18486176080259],[113.46405029296875,22.16960141063886]],[[113.455810546875,22.212834764522583],[113.45855712890625,22.22046279807357]],[[113.45306396484375,22.238259929564308],[113.44207763671875,22.24588657987718]],[[113.5107421875,22.261138634744498],[113.50250244140625,22.276389027850755]],[[113.62060546875,22.55314747840319],[113.5986328125,22.55314747840319]],[[113.88702392578125,22.65964075875479],[113.89251708984375,22.66470981017683]],[[113.84307861328125,22.614010874370294],[113.86505126953125,22.624152158090425]],[[113.8348388671875,22.611475436593366],[113.807373046875,22.611475436593366]],[[113.79638671875,22.753387867156704],[113.78265380859375,22.750855005867322]],[[113.88427734375,22.733123662313673],[113.88702392578125,22.697654078334978]],[[113.7799072265625,22.809098927506625],[113.7908935546875,22.798971336311112]],[[113.6480712890625,22.809098927506625],[113.62884521484375,22.804035225991186]],[[113.6920166015625,22.83694592094386],[113.697509765625,22.81922576591333]],[[113.60687255859375,22.892622807277988],[113.609619140625,22.877440464897134]],[[113.29925537109375,22.603868842895693],[113.323974609375,22.598797546832557]],[[113.29376220703125,22.85719470096963],[113.27728271484375,22.86731796007561]],[[113.29925537109375,22.842008398595794],[113.2965087890625,22.831883254915766]],[[113.35418701171875,22.864787216003137],[113.34320068359375,22.86731796007561]],[[113.433837890625,22.839477183318877],[113.455810546875,22.839477183318877]],[[113.48602294921875,22.864787216003137],[113.4722900390625,22.869848657005292]],[[113.2525634765625,22.94068901460203],[113.2415771484375,22.955864273707803]],[[113.280029296875,22.976095304428483],[113.291015625,22.965980167474115]],[[113.27728271484375,23.006436171834565],[113.27728271484375,23.01654827895625]],[[113.22235107421875,23.049407390110574],[113.21136474609375,23.049407390110574]],[[113.345947265625,23.115101554603044],[113.3514404296875,23.140359987886114]],[[113.2525634765625,23.158038060498214],[113.2415771484375,23.168138769018753]],[[113.2196044921875,23.236298608603306],[113.2086181640625,23.221154981846553]],[[113.3404541015625,23.173188837559053],[113.35693359375,23.155512764341466]],[[113.40087890625,23.155512764341466],[113.40087890625,23.132782957293628]],[[113.49151611328125,23.147936590271485],[113.48876953125,23.168138769018753]],[[113.477783203125,23.195911787809493],[113.4942626953125,23.190862576873627]],[[113.4832763671875,23.21610672456478],[113.46954345703125,23.223679038929404]],[[113.6865234375,23.193387206172915],[113.67828369140625,23.193387206172915]],[[113.7139892578125,23.155512764341466],[113.7030029296875,23.168138769018753]],[[113.84857177734375,22.965980167474115],[113.8677978515625,22.960922315176262]],[[113.78265380859375,23.21610672456478],[113.77716064453125,23.206009637648805]],[[113.94195556640625,22.973566591155148],[113.9556884765625,22.981152589020397]],[[114.0435791015625,22.965980167474115],[114.0380859375,22.948276856880895]],[[114.00787353515625,23.001379834065432],[114.03533935546875,22.998851594142906]],[[114.202880859375,23.051934682121157],[114.18914794921875,23.036770218630025]],[[114.1973876953125,23.160563309048314],[114.1864013671875,23.155512764341466]],[[114.576416015625,23.120153621695607],[114.57916259765625,23.115101554603044]],[[114.4775390625,22.973566591155148],[114.4830322265625,22.965980167474115]],[[114.334716796875,23.059516273509303],[114.3292236328125,23.049407390110574]],[[114.32647705078125,22.983681160330875],[114.3072509765625,22.971037830568946]],[[114.50225830078125,22.831883254915766],[114.4940185546875,22.84453956677055]],[[114.3731689453125,22.7559206814864],[114.3841552734375,22.753387867156704]],[[114.1973876953125,22.674847351188518],[114.22760009765625,22.68498414287211]],[[114.09027099609375,22.619081609716076],[114.10400390625,22.636827710810877]],[[114.08477783203125,22.669778674332306],[114.10125732421875,22.68751822367979]],[[114.169921875,22.690052257634022],[114.180908203125,22.674847351188518]],[[114.20562744140625,22.798971336311112],[114.180908203125,22.806567100271522]],[[114.12872314453125,22.781246241104412],[114.1314697265625,22.783778538608644]],[[113.939208984375,22.73059042549383],[113.9556884765625,22.715390019335942]],[[113.9227294921875,22.72299043351299],[113.92547607421875,22.715390019335942]],[[113.961181640625,22.692586244730677],[113.97216796875,22.68751822367979]],[[114.0325927734375,22.750855005867322],[114.01885986328125,22.7559206814864]],[[114.06005859375,22.679915840712695],[114.049072265625,22.674847351188518]],[[114.13421630859375,22.575974402876483],[114.15618896484375,22.56836584796153]],[[114.1259765625,22.34753553043207],[114.1204833984375,22.35769635535354]],[[114.12872314453125,22.319589442833916],[114.13970947265625,22.33229290409173]],[[113.9447021484375,22.31450773451182],[113.961181640625,22.309425841200195]],[[113.983154296875,22.30688482518366],[113.961181640625,22.296720298809944]],[[115.26580810546875,22.82682040054405],[115.2850341796875,22.82682040054405]],[[114.686279296875,22.86731796007561],[114.67803955078125,22.864787216003137]],[[115.09552001953125,22.953335182044682],[115.11749267578125,22.953335182044682]],[[115.1202392578125,23.543845136505837],[115.1202392578125,23.528736617422013]],[[114.521484375,23.526218362216596],[114.54071044921875,23.53629109387657]],[[114.06829833984375,23.619361679019548],[114.049072265625,23.616845161169948]],[[114.1754150390625,24.013852991071445],[114.16717529296875,24.026396666017334]],[[113.94195556640625,24.266997288418167],[113.92547607421875,24.26198940079631]],[[114.50775146484375,24.332081860073615],[114.4940185546875,24.332081860073615]],[[116.05682373046875,24.251973033707202],[116.05682373046875,24.234442493099976]],[[116.07330322265625,23.79791067448197],[116.08428955078125,23.805449612314632]],[[116.55670166015625,23.531254824436445],[116.5484619140625,23.548880923858746]],[[116.67205810546875,23.264057460884302],[116.663818359375,23.243869777671577]],[[116.18865966796875,23.460726824764436],[116.20513916015625,23.465765790247943]],[[116.1419677734375,23.375035009742803],[116.158447265625,23.375035009742803]],[[115.68878173828125,23.480881532357074],[115.68603515625,23.49599554229019]],[[115.95245361328125,23.445608774415305],[115.95245361328125,23.44056903977156]],[[115.8013916015625,23.848161991218277],[115.784912109375,23.850674046089154]],[[115.57891845703125,23.60929531766476],[115.57342529296875,23.619361679019548]],[[115.63934326171875,23.253964001346873],[115.631103515625,23.24134610238613]],[[115.97991943359375,22.963451264973543],[115.96343994140625,22.973566591155148]],[[116.72149658203125,23.59922818323939],[116.729736328125,23.59922818323939]],[[117.21588134765625,24.134221690669207],[117.22686767578125,24.119181784645278]],[[117.861328125,24.339589469425164],[117.85308837890625,24.379622535115118]],[[118.06182861328125,24.79920167537385],[118.06732177734375,24.814160581042984]],[[117.8009033203125,24.669482313373848],[117.784423828125,24.671978191593254]],[[117.586669921875,24.617057340809524],[117.586669921875,24.624547969621872]],[[116.95770263671875,25.09803582382183],[116.95220947265625,25.10052305746521]],[[117.2186279296875,24.866502526926908],[117.23236083984375,24.864010555361574]],[[117.11151123046875,24.95119964792312],[117.10601806640625,24.966140159912968]],[[117.32025146484375,24.774266155771343],[117.333984375,24.764290545070054]],[[116.86431884765625,24.664490407124262],[116.86431884765625,24.64951349015864]],[[116.6143798828125,25.37132752330035],[116.619873046875,25.363882272740256]],[[116.68853759765625,25.532528468534437],[116.6748046875,25.535006795752295]],[[116.1529541015625,26.29095256475584],[116.14471435546875,26.29095256475584]],[[115.9661865234375,25.88393659458397],[115.96343994140625,25.901232645855217]],[[115.97442626953125,25.92099645737912],[115.9881591796875,25.940756956019044]],[[115.49102783203125,25.8345053473399],[115.49652099609375,25.829561086053516]],[[115.79864501953125,26.738251940231194],[115.79864501953125,26.748063090366855]],[[115.54046630859375,26.551679508261216],[115.543212890625,26.53693713526569]],[[116.34246826171875,26.804460766546157],[116.34246826171875,26.792202785452886]],[[117.2186279296875,26.941659545381512],[117.21038818359375,26.951453083498265]],[[117.27081298828125,26.975933204816087],[117.27630615234375,26.95879767857089]],[[116.9219970703125,26.1850182500783],[116.92474365234375,26.177623883345746]],[[117.33673095703125,25.948166288539724],[117.32025146484375,25.95063596244654]],[[117.55645751953125,26.160368536718508],[117.5537109375,26.16283374256993]],[[117.48504638671875,26.229374593417774],[117.476806640625,26.2145910237943]],[[117.762451171875,26.919620973927493],[117.7459716796875,26.904926201064484]],[[118.135986328125,26.600807059351837],[118.12225341796875,26.593439270241788]],[[118.1634521484375,26.438606267887295],[118.1524658203125,26.441065564038425]],[[119.168701171875,26.12585018568035],[119.15496826171875,26.12585018568035]],[[119.23187255859375,25.975329851614575],[119.24285888671875,25.98520595593358]],[[119.410400390625,25.94569656283052],[119.4049072265625,25.95310558454753]],[[119.39117431640625,25.893820362797484],[119.37469482421875,25.891349498323137]],[[119.45709228515625,25.86169509134365],[119.4708251953125,25.8592235547614]],[[119.50103759765625,25.8592235547614],[119.47357177734375,25.8592235547614]],[[119.256591796875,26.120918159599725],[119.27032470703125,26.115985925333533]],[[119.586181640625,26.676913083105447],[119.59716796875,26.674458841825214]],[[119.59716796875,26.586071006794256],[119.60540771484375,26.56887654795065]],[[119.57794189453125,25.94569656283052],[119.56146240234375,25.95310558454753]],[[119.67132568359375,25.63905025115193],[119.6630859375,25.646478462796154]],[[119.34722900390625,25.564742726875778],[119.34173583984375,25.54491959247673]],[[119.27032470703125,25.567220388070027],[119.278564453125,25.582085278700717]],[[119.09454345703125,25.411027775872228],[119.102783203125,25.42839252919684]],[[118.74847412109375,25.70093788144426],[118.751220703125,25.723209559418265]],[[118.2623291015625,25.264568475331586],[118.25958251953125,25.27947073408184]],[[118.212890625,25.296854389343864],[118.23211669921875,25.286921177164416]],[[118.16070556640625,25.3216838587021],[118.1744384765625,25.309269760067778]],[[118.125,25.065697185535882],[118.114013671875,25.053256973596106]],[[118.6688232421875,24.988547527022064],[118.68255615234375,25.005972656239194]],[[118.531494140625,24.824132181788883],[118.509521484375,24.814160581042984]],[[118.40240478515625,24.644520785197557],[118.41064453125,24.652009767778694]],[[120.33599853515625,22.59372606392931],[120.3277587890625,22.578510494507483]],[[120.33599853515625,22.64443248121715],[120.33599853515625,22.62161690727673]],[[120.3167724609375,22.679915840712695],[120.33050537109375,22.662175307872076]],[[120.33050537109375,22.712856454141274],[120.33599853515625,22.743256140281986]],[[120.24810791015625,22.988738160960736],[120.2508544921875,22.965980167474115]],[[120.33050537109375,23.062043375744096],[120.322265625,23.056989123824536]],[[120.4595947265625,23.674712836608776],[120.45135498046875,23.662135084369496]],[[120.57220458984375,23.659619388708066],[120.5859375,23.674712836608776]],[[120.4705810546875,23.772777722631233],[120.4815673828125,23.79288447286916]],[[120.38543701171875,23.276673210348193],[120.377197265625,23.25901082664879]],[[120.5694580078125,24.1166749617513],[120.5804443359375,24.1166749617513]],[[120.662841796875,24.20187936928663],[120.65185546875,24.20187936928663]],[[120.6134033203125,24.08408179731795],[120.59417724609375,24.096618611278785]],[[120.6793212890625,24.04144746013874],[120.673828125,24.056496490768524]],[[120.60516357421875,24.307053283225912],[120.618896484375,24.314562375064085]],[[120.78369140625,24.484648999654027],[120.7891845703125,24.469650575801793]],[[121.6680908203125,25.078136134310142],[121.6351318359375,25.068185076358617]],[[121.827392578125,24.617057340809524],[121.8109130859375,24.624547969621872]],[[120.98419189453125,24.751819904924858],[120.99517822265625,24.756808311192714]],[[121.0089111328125,24.804188177830667],[121.00341796875,24.776759933219168]],[[121.201171875,24.824132181788883],[121.19842529296875,24.844072974931862]],[[121.26983642578125,24.90138485280086],[121.2615966796875,24.886436490787716]],[[121.26983642578125,25.015928763367853],[121.278076171875,25.01343981225635]],[[121.409912109375,25.05574511701532],[121.44561767578125,25.080623772444838]],[[121.48406982421875,24.998505046275227],[121.47857666015625,24.988547527022064]],[[121.585693359375,29.063372175852237],[121.57745361328125,29.06097140738389]],[[120.970458984375,28.871134287431147],[120.9539794921875,28.87594458322063]],[[121.24237060546875,28.741172204593553],[121.22039794921875,28.73876397137029]],[[121.52252197265625,28.72431340647347],[121.51702880859375,28.71226974306188]],[[121.0968017578125,28.23180985121182],[121.1077880859375,28.241488817301672]],[[120.29754638671875,27.24242062344483],[120.31951904296875,27.24974615683658]],[[120.46783447265625,27.274161117374675],[120.47607421875,27.28392560022975]],[[120.74249267578125,27.761329874505236],[120.72601318359375,27.744315477639688]],[[120.849609375,27.86821657951407],[120.83038330078125,27.858503954841254]],[[120.5804443359375,28.06228599981216],[120.552978515625,28.08409694916473]],[[118.36395263671875,27.07380043091176],[118.35296630859375,27.05423380878584]],[[118.93798828125,27.768620944918666],[118.94622802734375,27.780771643348217]],[[119.86083984375,29.23608040616226],[119.8773193359375,29.245666788514384]],[[120.0311279296875,29.3965337391284],[120.0311279296875,29.413282951826233]],[[120.2178955078125,29.315141193187273],[120.1904296875,29.32232550375285]],[[120.21514892578125,29.295980558715698],[120.201416015625,29.30077105450428]],[[119.94873046875,29.30077105450428],[119.959716796875,29.31035137176302]],[[120.0091552734375,29.228890030194222],[120.00640869140625,29.233683670282787]],[[120.26458740234375,29.036960648558264],[120.2508544921875,29.039361975917828]],[[120.3936767578125,29.360633279887992],[120.38543701171875,29.35105768570503]],[[120.29754638671875,29.637933183204566],[120.28656005859375,29.637933183204566]],[[120.245361328125,29.785833211631726],[120.24810791015625,29.76914573606669]],[[120.29205322265625,29.8382614512946],[120.28656005859375,29.8382614512946]],[[120.5694580078125,29.926374178635754],[120.53375244140625,29.919232804842153]],[[120.28106689453125,30.09048422000535],[120.29205322265625,30.095236981932985]],[[120.552978515625,30.1380015549519],[120.56396484375,30.130875412002325]],[[120.78369140625,30.059585699708208],[120.77545166015625,30.069093964438878]],[[120.78369140625,30.159376896356193],[120.772705078125,30.149877316442073]],[[120.70404052734375,30.17362455035854],[120.69305419921875,30.171250084367486]],[[120.6298828125,30.228221472725963],[120.64361572265625,30.216355152668555]],[[120.78643798828125,30.4297295750316],[120.78369140625,30.44393799829119]],[[120.85784912109375,30.741835717889785],[120.87158203125,30.746556862773616]],[[120.7342529296875,30.654452824400735],[120.77545166015625,30.663903437451623]],[[120.498046875,30.50785027187169],[120.50628662109375,30.510216587229976]],[[120.4595947265625,30.72058770289763],[120.45135498046875,30.718226523201352]],[[120.30303955078125,30.585908257485585],[120.28106689453125,30.576450026618105]],[[120.311279296875,30.38235321766959],[120.29205322265625,30.379983796443767]],[[120.245361328125,30.358656420788776],[120.2618408203125,30.363396239603716]],[[120.38818359375,30.394199462058324],[120.40740966796875,30.396568538569383]],[[120.51177978515625,30.4297295750316],[120.5145263671875,30.413150465068853]],[[120.47882080078125,30.251949817104972],[120.4595947265625,30.254322336443437]],[[120.51727294921875,30.15700208716163],[120.5255126953125,30.145127183376133]],[[120.36895751953125,30.221101852485987],[120.34698486328125,30.213981716870663]],[[120.36895751953125,30.213981716870663],[120.3936767578125,30.221101852485987]],[[120.04486083984375,30.235340577517945],[120.03936767578125,30.251949817104972]],[[120.05035400390625,30.33258331240559],[120.05035400390625,30.339694848974247]],[[120.179443359375,30.564625940651013],[120.19317626953125,30.562260950499436]],[[120.0311279296875,30.578814670835015],[120.03387451171875,30.578814670835015]],[[119.68231201171875,30.711142637210045],[119.68505859375,30.725309888823375]],[[119.86358642578125,30.25669479848034],[119.86907958984375,30.251949817104972]],[[120.10528564453125,30.12612436422458],[120.09979248046875,30.135626231134594]],[[119.937744140625,29.957314210401563],[119.90753173828125,29.95969381418452]],[[120.22064208984375,29.833496383743224],[120.21240234375,29.8549373975967],[120.2178955078125,29.83587894592995]],[[120.223388671875,29.819199817513834],[120.2069091796875,29.807284450222497]],[[119.5916748046875,29.695210649161083],[119.57794189453125,29.683280533733637]],[[118.223876953125,29.704753721672645],[118.23486328125,29.69759650228319]],[[118.1744384765625,30.069093964438878],[118.20465087890625,30.083354648756156]],[[118.25408935546875,30.1641263431611],[118.26507568359375,30.178373310707883]],[[118.45733642578125,30.323100460201644],[118.4820556640625,30.33732439417902]],[[118.36395263671875,30.628458874753647],[118.35296630859375,30.619004797647804]],[[119.036865234375,30.64500128737231],[119.036865234375,30.63791202834112]],[[119.03411865234375,30.588272671026985],[119.04510498046875,30.59063702689292]],[[119.3499755859375,30.18074760506076],[119.38568115234375,30.178373310707883]],[[118.88031005859375,30.95170241640905],[118.86932373046875,30.956413244067264]],[[119.168701171875,30.946991356457204],[119.19891357421875,30.93756853975414]],[[118.67431640625,30.99409150031616],[118.65234375,30.989382531740574]],[[118.23486328125,30.946991356457204],[118.23486328125,30.9611238394114]],[[118.2403564453125,31.06469812035374],[118.24310302734375,31.06469812035374]],[[118.45184326171875,31.351291407790598],[118.4710693359375,31.35598241670874]],[[118.53973388671875,31.61830484385284],[118.53424072265625,31.625321213299188]],[[118.5205078125,31.496603776074124],[118.5205078125,31.482551133122485]],[[118.44085693359375,31.611287945395063],[118.42437744140625,31.611287945395063]],[[118.30078125,31.76320220989608],[118.311767578125,31.77254265465595]],[[118.5699462890625,32.0453328388585],[118.5809326171875,32.03602003973755]],[[118.80889892578125,31.868227816180678],[118.795166015625,31.875225275111617]],[[118.68255615234375,31.93351676190369],[118.67156982421875,31.928854801809592]],[[118.6688232421875,31.938178485591123],[118.68804931640625,31.952162238024968]],[[118.82537841796875,31.989441837922882],[118.84185791015625,32.005746901214636]],[[118.7896728515625,31.921861418447264],[118.7786865234375,31.97313387588173],[118.80340576171875,31.980123357368043]],[[118.93524169921875,32.06861069132688],[118.9434814453125,32.0639555946604]],[[119.036865234375,31.714149409807092],[119.0313720703125,31.70713974681462]],[[118.992919921875,31.702466343795507],[118.97369384765625,31.70713974681462]],[[119.38568115234375,31.480208820716925],[119.38568115234375,31.45443951485325]],[[119.42138671875,31.730503229284366],[119.42962646484375,31.723494802828597]],[[119.40765380859375,32.05231681645637],[119.39666748046875,32.061627957476404]],[[119.64111328125,32.01506277844936],[119.63836669921875,32.02670629333615]],[[119.68780517578125,31.667408317080884],[119.70977783203125,31.672083485607402]],[[119.871826171875,31.8798899525235],[119.8663330078125,31.889218598760962]],[[119.8773193359375,31.94283997285308],[119.88006591796875,31.928854801809592]],[[119.9212646484375,31.865895211796342],[119.9322509765625,31.870560361529584]],[[120.0201416015625,32.05231681645637],[120.00640869140625,32.043004727894]],[[120.11077880859375,31.749189774957088],[120.1300048828125,31.74685416292141]],[[119.893798828125,31.667408317080884],[119.90203857421875,31.653381399664]],[[119.959716796875,31.524702726970617],[119.96795654296875,31.536408129439607]],[[120.01739501953125,31.536408129439607],[120.00091552734375,31.538749033860967]],[[120.1190185546875,31.477866449675858],[120.1025390625,31.480208820716925]],[[119.937744140625,31.5012875211967],[119.94598388671875,31.512995857454683]],[[119.86358642578125,31.44975342450799],[119.88006591796875,31.456782472114313]],[[119.5751953125,31.374744111977932],[119.59716796875,31.37239910488053]],[[119.74273681640625,31.34425445566805],[119.7674560546875,31.332525032307842]],[[119.80865478515625,31.318447794449284],[119.794921875,31.327832853583544]],[[120.06683349609375,30.82678090477978],[120.0640869140625,30.810269662029896]],[[120.4595947265625,31.231591672050584],[120.47607421875,31.21984822620118]],[[120.45684814453125,30.930500817607793],[120.4595947265625,30.942280064232108]],[[120.90179443359375,30.779598396611533],[120.91278076171875,30.76779915088146]],[[120.673828125,31.203404950917403],[120.66009521484375,31.23394018610982]],[[120.6243896484375,31.351291407790598],[120.64910888671875,31.34660016487166]],[[120.83587646484375,31.255074185421932],[120.8441162109375,31.259769987394293]],[[120.85235595703125,31.27855085894653],[120.849609375,31.283245492650792]],[[120.87432861328125,31.351291407790598],[120.87432861328125,31.351291407790598]],[[120.9100341796875,31.34894581557998],[120.91552734375,31.363018491291186]],[[120.8880615234375,31.42866311735861],[120.8935546875,31.42866311735861]],[[120.7781982421875,31.37239910488053],[120.7562255859375,31.367708915120843]],[[120.8935546875,31.496603776074124],[120.90179443359375,31.487235582017448]],[[120.62713623046875,31.489577718501934],[120.6134033203125,31.480208820716925]],[[120.7562255859375,31.503629305773032],[120.74249267578125,31.498945677962936]],[[120.498046875,31.45443951485325],[120.50628662109375,31.447410291428724]],[[120.4595947265625,31.489577718501934],[120.4595947265625,31.5012875211967]],[[120.44586181640625,31.381778782110985],[120.46234130859375,31.388812925453337]],[[120.399169921875,31.45443951485325],[120.399169921875,31.45443951485325]],[[120.289306640625,31.665070644571784],[120.27557373046875,31.65571936628581]],[[120.3167724609375,31.814562984184235],[120.30303955078125,31.840232667909362]],[[120.24261474609375,32.00341778396367],[120.234375,32.00341778396367]],[[120.47882080078125,31.812229022640707],[120.487060546875,31.812229022640707]],[[120.72601318359375,32.054644690549324],[120.72052001953125,32.070938150804665]],[[120.84686279296875,31.702466343795507],[120.83587646484375,31.70947636001935]],[[120.91552734375,31.658057274089913],[120.91552734375,31.653381399664]],[[120.90728759765625,32.10118973232095],[120.904541015625,32.091882620021806]],[[120.95947265625,32.0732655510424],[120.9375,32.08722870829662]],[[121.22314453125,31.924192605327704],[121.22039794921875,31.935847653299433]],[[120.9375,31.672083485607402],[120.92376708984375,31.662732913235317]],[[121.07208251953125,31.58087527398547],[121.0638427734375,31.587894464070402]],[[121.14898681640625,31.496603776074124],[121.1407470703125,31.494261815532724]],[[121.22039794921875,31.35832783341131],[121.23138427734375,31.34660016487166]],[[121.2725830078125,31.35832783341131],[121.256103515625,31.363018491291186]],[[121.1407470703125,31.52704392483794],[121.13250732421875,31.508312698943442]],[[121.66534423828125,31.872892847840674],[121.651611328125,31.88455439374627]],[[121.71478271484375,31.250378149855706],[121.7230224609375,31.238637039097668]],[[121.89056396484375,30.873940237887624],[121.90704345703125,30.85979487256077]],[[121.8878173828125,30.89986798527889],[121.871337890625,30.8904405255621]],[[121.77520751953125,30.942280064232108],[121.7779541015625,30.930500817607793]],[[121.6021728515625,30.885726447651578],[121.61590576171875,30.90693797089463]],[[121.35223388671875,30.88336932169227],[121.3385009765625,30.885726447651578]],[[121.300048828125,30.98702796028033],[121.2945556640625,30.99644589742637]],[[121.40167236328125,31.038815104128687],[121.38519287109375,31.048227924549778]],[[121.42913818359375,31.02704776985439],[121.4263916015625,31.04587480670449]],[[121.5087890625,30.911651004518248],[121.519775390625,30.918720119722195]],[[121.58843994140625,31.154057975490815],[121.5582275390625,31.14700630855657]],[[121.343994140625,31.292634058899523],[121.35498046875,31.294981054372286]],[[121.3604736328125,31.33487103395059],[121.35772705078125,31.32314044095743]],[[121.34124755859375,31.339562861785012],[121.33026123046875,31.35598241670874]],[[121.31103515625,31.16345938198471],[121.3330078125,31.170509824703444]],[[121.3714599609375,31.118794395989525],[121.387939453125,31.111740106979667]],[[121.3055419921875,31.06940336686411],[121.2890625,31.055286929010194]],[[121.13250732421875,31.130550379240574],[121.11602783203125,31.13525236469775]],[[121.278076171875,31.168159735435708],[121.29180908203125,31.14700630855657]],[[121.278076171875,31.189308439528162],[121.2615966796875,31.196356957735077]],[[121.256103515625,31.208103321325254],[121.24237060546875,31.231591672050584]],[[121.23687744140625,31.252726196836818],[121.2451171875,31.252726196836818]],[[121.13525390625,31.292634058899523],[121.1627197265625,31.266813252320716]],[[121.14349365234375,31.010571059441745],[121.146240234375,31.022340429043638]],[[121.16546630859375,30.972899311264143],[121.15447998046875,30.989382531740574]],[[121.025390625,30.607185902822607],[121.0198974609375,30.6024579409996]],[[120.98419189453125,30.6260954420505],[121.00616455078125,30.619004797647804]],[[121.201171875,30.289903248832374],[121.18743896484375,30.304132001763676]],[[121.17919921875,30.363396239603716],[121.17095947265625,30.35628642525117]],[[121.07208251953125,30.192618218499277],[121.07757568359375,30.19736606327224]],[[121.00067138671875,30.213981716870663],[121.00616455078125,30.20923467351001]],[[121.53900146484375,29.788216909678937],[121.5472412109375,29.77629785183136]],[[121.5911865234375,29.783449456820605],[121.57470703125,29.781065645248304]],[[121.6351318359375,29.814433840986084],[121.62689208984375,29.812050767525065]],[[121.63787841796875,29.966832283731065],[121.6351318359375,29.978728593469924]],[[121.4373779296875,29.93827532971899],[121.45111083984375,29.94541533710445]],[[121.4373779296875,29.919232804842153],[121.4263916015625,29.916852233070173]],[[121.651611328125,30.064339946244303],[121.63238525390625,30.069093964438878]],[[121.79443359375,29.878755346037977],[121.80816650390625,29.88589962169624]],[[121.72027587890625,29.895424526240546],[121.70379638671875,29.90256760730233]],[[121.95098876953125,29.759608787303804],[121.9427490234375,29.7715298314031]],[[121.9976806640625,30.199739899804584],[122.01690673828125,30.18312184219552]]]},"properties":{"kind":"highway","kind_detail":"motorway_link","source":"Protomaps / OpenStreetMap","source_zoom":5},"id":35184377036870},{"type":"Feature","geometry":{"type":"MultiLineString","coordinates":[[[124.05487060546875,47.37789454155521],[124.21417236328125,47.539455447423904],[124.332275390625,47.61356975397399],[124.4366455078125,47.74855798927942],[124.4915771484375,47.770714412449735],[124.50531005859375,47.88503897004145],[124.58221435546875,48.03401915864288],[124.749755859375,48.29050321714061],[124.881591796875,48.41097247934198],[124.90081787109375,48.47110032750183],[124.88433837890625,48.527519237450804],[124.9749755859375,48.60930594004603],[124.98321533203125,48.68189420361742],[125.02166748046875,48.73264383158835],[125.1947021484375,48.89361536148019],[125.2056884765625,49.03786794532644]],[[124.09881591796875,47.34440615866211],[124.27734375,47.364873807434094],[124.36798095703125,47.346267182053026],[124.453125,47.30158451133079],[124.74700927734375,47.2270293988673],[124.8760986328125,47.15610477504404],[124.9530029296875,46.85643476348696],[125.02716064453125,46.822616668804926],[125.14801025390625,46.71726868507395],[125.24139404296875,46.53808200546308],[125.4364013671875,46.388622338161696]],[[124.51080322265625,47.870301563865695],[124.60418701171875,47.86108855623178],[124.87060546875,47.90713721964113],[125.3045654296875,47.93658688221731],[125.53802490234375,47.92922603830041],[125.7000732421875,47.989921667414194],[125.8428955078125,48.08174889040686],[126.09283447265625,48.11660032911769],[126.41693115234375,48.29233063405985],[126.4691162109375,48.3617240221937],[126.47735595703125,48.41826449418747],[126.5625,48.50932644976632],[126.6009521484375,48.65831447771188],[126.6998291015625,48.7018376612734],[126.82342529296875,48.8737479930069],[126.96624755859375,48.96399062486415],[127.03216552734375,49.03786794532644]],[[125.20294189453125,49.03786794532644],[125.2056884765625,49.01805795691644]],[[126.199951171875,48.54388716039111],[126.23291015625,48.485666057669334],[126.397705078125,48.32886523970464],[126.595458984375,48.250283498490205],[126.71905517578125,48.22833212721494],[126.75750732421875,48.10009469797379],[126.76300048828125,47.91266030842766],[126.79595947265625,47.76148371616668],[126.92230224609375,47.5561403129434],[126.88385009765625,47.442949995179475],[126.9140625,47.3909120610478],[126.90582275390625,47.28668188876421],[126.9305419921875,47.23075964834689],[126.84539794921875,47.05328282273658],[126.8426513671875,46.77373073007939],[126.89208984375,46.66074749832069],[126.88934326171875,46.60794102560567],[126.93328857421875,46.555083022430495],[126.98822021484375,46.54752767224309],[127.034912109375,46.59473135600069],[127.056884765625,46.64000824351592],[127.0294189453125,46.690899491541956],[126.859130859375,46.67017180347381],[126.7218017578125,46.74362499884435],[126.617431640625,46.76996843356983],[126.10931396484375,46.734213508139874],[125.87860107421875,46.647550710828824],[125.8428955078125,46.59661864884464],[125.7275390625,46.532413816559455],[125.67535400390625,46.46434940046112],[125.53802490234375,46.43407119942978],[125.34576416015625,46.34692761055675],[125.06011962890625,46.33744709747694],[124.98870849609375,46.36967413462378]],[[126.73828125,48.1404324381881],[126.9744873046875,48.15509285476017],[127.24639892578125,48.022998321048874],[127.3919677734375,48.006462645731176],[127.51007080078125,47.93658688221731],[127.79571533203125,47.88503897004145],[127.8533935546875,47.85187391101593],[127.90008544921875,47.7504047182743],[127.98248291015625,47.735629051492964],[128.08135986328125,47.64873730307525],[128.2269287109375,47.608014819732716],[128.27362060546875,47.56540738772853],[128.43841552734375,47.56355410390805],[128.48785400390625,47.5913464767971]],[[126.79046630859375,48.1404324381881],[126.7437744140625,48.1404324381881]],[[128.748779296875,47.702368466573716],[128.6004638671875,47.67093619422417],[128.5015869140625,47.609866530037976],[128.51531982421875,47.5561403129434],[128.44390869140625,47.46709298382174],[128.42193603515625,47.36673410912715],[128.3807373046875,47.34068391504695],[128.37249755859375,47.275502165737066],[128.331298828125,47.24008412349468],[128.3258056640625,47.213971458247585],[128.35601806640625,47.18784592857634]],[[128.7158203125,47.70976154266637],[128.704833984375,47.702368466573716]],[[128.353271484375,47.25686404408873],[128.353271484375,47.15610477504404],[128.29833984375,47.14302937421007],[128.16375732421875,47.04579711504286],[127.72979736328125,46.92775862343444],[127.53753662109375,46.83764956093745],[127.44415283203125,46.845164430292755],[127.28759765625,46.81321897604195],[127.1392822265625,46.70973594407158],[127.04864501953125,46.67959446564021]],[[127.07061767578125,45.76752296214988],[127.06787109375,45.63900747494935],[127.100830078125,45.54098421805074],[127.04864501953125,45.48324350868222]],[[126.8096923828125,45.77710182434549],[127.27386474609375,45.77518618352104],[127.47161865234375,45.73302543594974],[127.5457763671875,45.75985868785574],[127.9632568359375,45.77710182434549],[128.17474365234375,45.819229273502685],[128.375244140625,45.78093290857322],[128.65814208984375,45.81540082150531],[128.78173828125,45.801999166661545],[128.97125244140625,45.865150166790585],[129.078369140625,45.87471224890476],[129.2926025390625,45.975969187141885],[129.34478759765625,46.09989991062733],[129.44366455078125,46.174124934404006],[129.43817138671875,46.234952796004166],[129.51507568359375,46.290019871729555],[129.63043212890625,46.31658418182218],[129.70733642578125,46.48137349213377],[129.89959716796875,46.56263732086836],[130.14678955078125,46.764324496011966],[130.80322265625,46.75867996709556],[130.96527099609375,46.77937368205562],[131.1273193359375,46.75679832604254],[131.26190185546875,46.79629898997746],[131.4678955078125,46.895862306059854],[131.66839599609375,46.94463722418169],[131.70684814453125,47.004606942435004],[131.88262939453125,47.13929295458033],[132.06390380859375,47.200910301521674],[132.16552734375,47.2922708643801],[132.47589111328125,47.31648293428333],[132.47589111328125,47.539455447423904]],[[126.75201416015625,45.63900747494935],[126.9525146484375,45.51597051718247],[127.03765869140625,45.494796389669716],[127.0953369140625,45.44664375276733],[127.12005615234375,45.38880628417226],[127.4798583984375,45.26715476332791],[127.5897216796875,45.261355316838575],[127.6116943359375,45.23041492959294],[127.7325439453125,45.25748869003618],[127.87261962890625,45.19558685020618],[127.99072265625,45.180100857526156],[128.0072021484375,45.08903556483105],[128.04290771484375,45.067701411201426],[128.03466796875,45.04247805089153],[128.1280517578125,45.01918507438177],[128.2159423828125,45.03277379605973],[128.375244140625,44.92202896709907],[128.45489501953125,44.9375850039109],[128.64990234375,44.906468717098846],[128.77899169921875,44.95508050924062],[128.9300537109375,44.92397370210941],[128.97125244140625,44.9375850039109],[129.0069580078125,44.8500274926005],[129.1552734375,44.76623687516232],[129.26513671875,44.65107027453459],[129.495849609375,44.572860886381505],[129.539794921875,44.588511189614394]],[[126.749267578125,45.63900747494935],[126.72454833984375,45.66204689217986]],[[126.617431640625,45.63900747494935],[126.30157470703125,45.245887229740134],[126.221923828125,45.19171574701542],[126.14501953125,45.17235628126676],[125.97198486328125,44.964797930331],[125.914306640625,44.84223815129917],[125.71929931640625,44.65107027453459],[125.6011962890625,44.418087943748475],[125.5242919921875,44.33170718680921],[125.4913330078125,44.237328318225366],[125.42816162109375,44.17235489295945],[125.35675048828125,44.03429525903965],[125.23590087890625,43.980957526084836],[125.1397705078125,43.891954726865436],[125.1397705078125,43.84245116699037],[125.1947021484375,43.782992628905816],[125.20294189453125,43.73935207915471]],[[127.0513916015625,45.485169153401216],[126.8316650390625,45.373372953845234]],[[126.4691162109375,45.68123916702058],[126.5240478515625,45.69850658738849],[126.2493896484375,45.63708709571873]],[[126.485595703125,45.685076832232966],[126.5020751953125,45.64092778836502],[126.75201416015625,45.63900747494935],[126.793212890625,45.658207647450155],[126.83441162109375,45.75410979114989],[126.74652099609375,45.84410779560204],[126.52130126953125,45.857499316676666],[126.47186279296875,45.801999166661545],[126.485595703125,45.685076832232966]],[[126.40869140625,45.82497145796606],[125.89508056640625,45.85558643964396],[125.68634033203125,45.82879925192134],[125.44464111328125,45.752193360631054],[125.36224365234375,45.67932023569537],[125.17547607421875,45.6082735094011],[125.0628662109375,45.60058738537026],[125.12054443359375,45.60250901510298]],[[126.49932861328125,45.849847413733556],[126.14227294921875,45.932050196856295],[125.81268310546875,46.10370875598025],[125.474853515625,46.23305294479829],[125.4473876953125,46.27103747280262],[125.43914794921875,46.388622338161696]],[[126.529541015625,45.86132487333674],[126.5350341796875,45.958787640356405],[126.925048828125,46.37346430137336],[126.97998046875,46.55886030311717]],[[125.24139404296875,46.53808200546308],[125.2276611328125,46.52296552030731]],[[125.24688720703125,46.50217348354073],[125.2825927734375,46.49839225859762]],[[125.12603759765625,46.745507099855956],[125.01617431640625,46.439749644198685],[124.98870849609375,46.269138871197214],[124.91729736328125,46.193140876238004],[124.9090576171875,46.1436857459816],[124.969482421875,45.90912212390728],[125.05462646484375,45.82879925192134],[125.07659912109375,45.64092778836502],[124.99420166015625,45.50634690108342],[124.95025634765625,45.31546044422575],[124.89532470703125,45.22848059584359],[124.88983154296875,45.15492713361846],[124.8321533203125,45.08515722028693],[124.73052978515625,45.094852587914744],[124.68658447265625,45.12392881616327],[124.5684814453125,45.26328853149687],[124.37347412109375,45.35407536661813],[124.200439453125,45.52174389699363],[124.13177490234375,45.52944081525669],[123.92303466796875,45.6178796835697],[123.585205078125,45.56790960986129]],[[123.57421875,46.61171462536893],[123.59893798828125,46.63812246237964]],[[123.57421875,46.61360132665973],[123.75274658203125,46.83013364044737],[123.8104248046875,47.04205386721611],[123.95050048828125,47.174778339299024],[124.07135009765625,47.2512713278804],[124.10430908203125,47.32765399560711],[124.07135009765625,47.364873807434094],[123.92578125,47.413220330169025],[123.77471923828125,47.41136166853917],[123.7005615234375,47.43551915319529],[123.6566162109375,47.480088463463204],[123.65936279296875,47.56911375866716],[123.57421875,47.698671535297166],[123.5906982421875,47.68757916850814]],[[124.573974609375,45.03277379605973],[124.2608642578125,44.99976701918129],[124.068603515625,44.92397370210941],[123.75274658203125,44.86170952963971],[123.57421875,44.869496237721876]],[[124.8046875,45.079339209738094],[124.85137939453125,45.05218065994231],[124.991455078125,44.859762688042736],[125.0738525390625,44.791581759093845],[125.12054443359375,44.70575417971901],[125.1727294921875,44.474951047823026],[125.1177978515625,44.43181858864193],[125.1177978515625,44.28453670601888],[125.1507568359375,44.22158376545795],[125.15899658203125,44.111253973571564],[125.17822265625,44.07574700247844],[125.26611328125,44.04614157509528],[125.30181884765625,43.980957526084836]],[[125.2166748046875,43.96712139585148],[125.08209228515625,44.05798552253714],[124.95025634765625,44.10928192335564],[124.76898193359375,44.14279782818059],[124.6893310546875,44.19205137735955],[124.42840576171875,44.26683800273895],[124.090576171875,44.329742506953494],[123.58245849609375,44.26683800273895]],[[125.3594970703125,44.0303459606682],[125.44189453125,43.97700467496409],[125.452880859375,43.89393401411192],[125.42816162109375,43.85235516793534],[125.3594970703125,43.79687158262141],[125.14251708984375,43.709578908238],[124.96673583984375,43.60028402353632],[124.5794677734375,43.287202684804384],[124.49981689453125,43.1831498172358],[124.2169189453125,42.91620643817353],[124.1400146484375,42.769194919140546],[124.0740966796875,42.7288567472319],[124.0081787109375,42.5975764161889],[123.99993896484375,42.492352591428215],[123.8873291015625,42.33012354634198]],[[125.42816162109375,43.85235516793534],[125.4913330078125,43.85631630786514],[125.57098388671875,43.814711216000035],[125.5792236328125,43.68177726516811],[125.62042236328125,43.608239449643236],[125.59844970703125,43.56646172588961],[125.606689453125,43.51469675271005],[125.628662109375,43.480826394825016],[125.82366943359375,43.41701888881104],[125.94451904296875,43.35114690203122],[125.9967041015625,43.27320591705845],[126.07635498046875,43.2412012142579],[126.15875244140625,43.13105676219152],[126.34552001953125,43.102988261740535],[126.45538330078125,43.02673743559376],[126.62567138671875,42.984558134256076],[126.70257568359375,42.94234987312984],[126.859130859375,42.96647242540857],[126.99371337890625,43.038783344984836],[127.056884765625,43.0468126377076],[127.2381591796875,42.97451117489916],[127.30133056640625,42.97451117489916],[127.36175537109375,43.006655665959244],[127.4468994140625,42.96446257387129],[127.46337890625,42.92827401776913],[127.6336669921875,42.85381962412134],[127.72979736328125,42.85381962412134],[127.75726318359375,42.81353658623226],[127.86712646484375,42.77725940328742],[127.8973388671875,42.742978093466434],[127.9962158203125,42.7288567472319],[128.0511474609375,42.672339207533525],[128.1390380859375,42.64608143458068],[128.199462890625,42.57330973706641],[128.49884033203125,42.55712670332119],[128.76251220703125,42.62587560259138],[128.80645751953125,42.666280705649285],[129.0673828125,42.672339207533525],[129.17449951171875,42.7490291145962],[129.2926025390625,42.77927536024191],[129.3255615234375,42.81353658623226],[129.3475341796875,42.90011265525328],[129.29534912109375,43.01067254527254]],[[126.419677734375,43.89987148115716],[126.43341064453125,43.83452678223682],[126.46636962890625,43.800836406012195],[126.59820556640625,43.763159961572654],[126.683349609375,43.838489106168026],[126.6998291015625,43.93350594453702]],[[126.4910888671875,43.788941146562166],[126.40869140625,43.679790940301245],[126.199951171875,43.53062917044241],[126.12030029296875,43.432977075795606],[126.04339599609375,43.281204464332745],[125.99395751953125,43.24720337735977],[125.9747314453125,43.20517581723732],[126.0076904296875,43.163119282469324],[126.01043701171875,43.038783344984836],[125.95001220703125,42.896088552971065],[125.76873779296875,42.74701217318068],[125.7275390625,42.64608143458068],[125.66162109375,42.58342200132361],[125.4638671875,42.4862765753214],[125.43365478515625,42.409262623071186],[125.40069580078125,42.401150383624326],[125.34027099609375,42.31793945446847],[125.19744873046875,42.26917949243506],[125.13427734375,42.18579390537849],[124.8651123046875,42.061528618122594],[124.749755859375,42.05337156043362],[124.2388916015625,41.932933275213],[123.870849609375,41.91045347666417],[123.57421875,41.85933357450054]],[[125.37322998046875,43.29519939210698],[125.31005859375,43.22519255488632],[125.26885986328125,43.076913126087106],[125.1727294921875,42.990585521851216],[125.16998291015625,42.960442673801424]],[[125.46112060546875,43.20917969039357],[125.518798828125,42.9946034519013],[125.5023193359375,42.95642251107333],[125.5682373046875,42.85784648372956],[125.5682373046875,42.68849232550869],[125.606689453125,42.650121813680215],[125.7440185546875,42.61577022637093],[125.7659912109375,42.58544425738492],[125.75775146484375,42.466018925787495],[125.7879638671875,42.37477836111421],[125.82916259765625,42.34027515373572],[125.82916259765625,42.161367532874806],[125.7769775390625,42.01052981889535],[125.83740234375,41.95131994679696],[125.8758544921875,41.840920397579936]],[[124.93377685546875,43.56845179881219],[124.82391357421875,43.64005063334696],[124.78271484375,43.72148995228582],[124.79095458984375,43.76911045236619],[124.7332763671875,43.86819814895608],[124.9530029296875,44.27077150858352],[125.0518798828125,44.34349388385857],[125.30181884765625,44.39454219215585],[125.46112060546875,44.45338880030178],[125.60943603515625,44.45534933372025],[125.650634765625,44.44750680513076],[125.95001220703125,44.22748846630171],[126.01043701171875,43.90382946360705],[125.98846435546875,43.765143524274066],[125.91156005859375,43.64203827340191],[125.78521728515625,43.58635949637696],[125.52154541015625,43.538593801442374],[125.2935791015625,43.41103348412605],[125.2166748046875,43.40903821777056],[125.00518798828125,43.47684039777894],[124.93377685546875,43.56845179881219]],[[125.1397705078125,43.86819814895608],[124.85687255859375,43.86621800655641],[124.37896728515625,43.818674855453196],[123.57421875,43.64601335623951]],[[125.10955810546875,43.86621800655641],[125.15899658203125,43.86819814895608]],[[123.57421875,43.72744458647463],[123.59344482421875,43.67780454967291],[123.662109375,43.63209941555775]],[[123.65936279296875,43.63408731864001],[123.80218505859375,43.5346116174328],[124.24713134765625,43.337164854911094],[124.3157958984375,43.28320393686985],[124.39544677734375,43.27320591705845],[124.48883056640625,43.201171681272456],[124.59320068359375,43.1831498172358],[124.84588623046875,43.01870551582465],[125.06011962890625,42.97652069810553],[125.1727294921875,42.990585521851216]],[[123.57421875,43.432977075795606],[123.629150390625,43.50274467820438],[123.63739013671875,43.60028402353632],[123.87359619140625,43.93746169031664],[123.9093017578125,44.083639282846434],[124.0191650390625,44.199928128583025],[124.09881591796875,44.3454581030183],[124.20867919921875,44.44358514592119],[124.25262451171875,44.54350521320819],[124.30206298828125,44.59242310717869],[124.33502197265625,44.6920880417278],[124.573974609375,45.03277379605973],[124.65362548828125,45.08127861241874],[124.79644775390625,45.25168825611763],[124.95574951171875,45.23621753586602],[125.11505126953125,45.16848359815643],[125.760498046875,45.06964120886863],[125.93902587890625,44.939529212272305],[126.1944580078125,44.898687012155165],[126.4801025390625,44.87922814163525],[126.9580078125,44.9298075121539],[127.1942138671875,44.99588261816547],[127.5457763671875,44.99976701918129],[127.6556396484375,45.03083274759959],[127.7545166015625,45.1181147554681],[127.85614013671875,45.15299023250611],[128.03741455078125,45.35407536661813],[128.38623046875,45.512121268205334],[128.682861328125,45.81157210628936]],[[124.002685546875,42.61577022637093],[124.024658203125,42.621833648916635]],[[124.36798095703125,43.052833917627936],[123.57421875,42.787338531719996]],[[125.06561279296875,42.97250158602597],[125.0408935546875,42.86791248391532],[124.98321533203125,42.79136972365012],[124.86785888671875,42.740960955168475],[124.7772216796875,42.71271412835557],[124.3377685546875,42.73087427928485],[124.23614501953125,42.67637788071963],[124.024658203125,42.623854658556496]],[[123.57421875,41.91658511622839],[123.67034912109375,42.147114459221],[123.78570556640625,42.23868534753649],[123.8653564453125,42.26714700815231],[123.90655517578125,42.36463232550284]],[[123.57421875,41.810219991902926],[123.59344482421875,41.795888098191426],[123.57421875,41.750824135532895]],[[124.0521240234375,41.914541301823334],[124.00543212890625,41.94110578381594],[123.9697265625,42.049292638686836],[123.89556884765625,42.12267315117256],[123.57421875,42.20207291264876]],[[124.05487060546875,41.914541301823334],[124.07135009765625,41.86342467181004],[124.05487060546875,41.726230448600035],[123.91754150390625,41.6831688352589],[123.8818359375,41.57847058443443],[123.89556884765625,41.465370177280676],[123.7994384765625,41.37680856570236]],[[124.42291259765625,41.973785344884874],[124.4970703125,41.840920397579936],[124.75250244140625,41.69957665997157],[124.90081787109375,41.68522004222072],[124.99420166015625,41.715980299409296],[125.11505126953125,41.70367796221137],[125.14801025390625,41.72213058512577],[125.2935791015625,41.69957665997157],[125.49407958984375,41.76516610331407],[125.52978515625,41.726230448600035],[125.57098388671875,41.726230448600035],[125.60943603515625,41.68932225997045],[125.72479248046875,41.64828831259533]],[[123.81317138671875,41.337638223081086],[123.892822265625,41.28399850538594],[124.03564453125,41.2509675141624],[124.15374755859375,41.2509675141624],[124.3048095703125,41.20965527880702],[124.51080322265625,41.234445752625504],[124.7662353515625,41.16624933909199],[124.87060546875,41.24270715552137],[125.03814697265625,41.27161384188986],[125.06011962890625,41.3232011022385],[125.1123046875,41.36444153054222]],[[123.7335205078125,41.18898937242474],[123.7994384765625,41.24064190269473],[123.81866455078125,41.35619553438906],[123.74176025390625,41.42625319507269],[123.69232177734375,41.52297326747376],[123.57421875,41.60312076451183]],[[123.57421875,41.18278832811288],[123.62640380859375,41.213787677032144],[123.71978759765625,41.20758898181023],[123.7335205078125,41.18898937242474],[123.71429443359375,41.153842357114485],[123.75274658203125,41.08556197870254],[123.74725341796875,40.979898069620134],[123.76922607421875,40.948788179193485],[123.89556884765625,40.89898185395097],[123.90380859375,40.84706035607121]],[[124.7442626953125,41.137296061122754],[124.76898193359375,41.160046141686905],[124.67559814453125,41.0317152937929],[124.6673583984375,40.979898069620134],[124.67010498046875,40.948788179193485],[124.7442626953125,40.87406461663042],[124.74151611328125,40.84706035607121]],[[125.321044921875,41.30257109430556],[125.2935791015625,41.3397004077442],[125.1727294921875,41.34588656996286],[125.01068115234375,41.40977583200956],[124.92828369140625,41.52708581365465],[124.92828369140625,41.62160222224563],[124.84588623046875,41.68727118379141]],[[126.18621826171875,41.17658669657101],[126.05987548828125,41.102121320364915],[126.0296630859375,41.01099329360267],[125.8978271484375,40.9550113304862],[125.67535400390625,41.04414536431318],[125.62591552734375,41.09177222097665],[125.6121826171875,41.141433026536276],[125.51605224609375,41.19725651800891],[125.299072265625,41.203456192051306]],[[126.23291015625,41.153842357114485],[126.18621826171875,41.17658669657101],[126.16424560546875,41.24270715552137],[126.002197265625,41.27780646738182],[125.86761474609375,41.490063488439915],[125.8538818359375,41.53531012183376],[125.892333984375,41.564086966064366],[125.89508056640625,41.61954898843081],[125.8758544921875,41.64828831259533],[125.79620361328125,41.668808555620586]],[[125.1727294921875,42.98857645832183],[125.255126953125,42.86992548700661],[125.34027099609375,42.79943131987838],[125.5517578125,42.722803757327284]],[[126.26861572265625,42.56117285531806],[126.20819091796875,42.42142901536394],[126.221923828125,42.273244264402734],[126.3153076171875,42.2183477267933],[126.31256103515625,42.181723498412396],[126.3592529296875,42.12267315117256],[126.34552001953125,42.077839590175046],[126.3812255859375,42.028894101084745],[126.47186279296875,41.99624282178581]],[[127.20794677734375,42.33418438593938],[127.33428955078125,42.30575300304636],[127.44140625,42.157295553651664],[127.5457763671875,42.134894984239224],[127.60345458984375,42.09414637092274]],[[126.81243896484375,42.26917949243506],[126.7437744140625,42.36666166373274],[126.5570068359375,42.41331834942247],[126.36199951171875,42.530820320251905],[126.27410888671875,42.55914981211589],[126.2548828125,42.6036416099966],[126.0955810546875,42.716750176811615],[125.9857177734375,42.84979250192646],[125.77972412109375,42.99259451971113],[125.70556640625,43.09496632541337],[125.6341552734375,43.113014204188914],[125.4034423828125,43.25720566836321],[125.32379150390625,43.3591351973578],[125.2935791015625,43.480826394825016],[125.32928466796875,43.784975533896755]],[[128.1390380859375,42.45994035221656],[128.2049560546875,42.57128708742758]],[[126.62567138671875,43.94932734878523],[126.63665771484375,44.15462243076732],[126.9964599609375,44.39454219215585],[126.9964599609375,44.44358514592119],[127.166748046875,44.557206370412956],[127.19146728515625,44.64520822374405],[127.2381591796875,44.67841867818859],[127.2601318359375,44.77208668197082],[127.21343994140625,44.86170952963971],[127.210693359375,44.972570682240644],[127.06512451171875,45.07546020688358],[127.0184326171875,45.209133637737324],[126.79595947265625,45.40809202281227],[126.75750732421875,45.510196544985575],[126.76025390625,45.56790960986129],[126.71630859375,45.63516665067311]],[[129.5013427734375,44.5709043022687],[129.561767578125,44.504341277653936],[129.7210693359375,44.559163415291806],[129.93255615234375,44.54546271884976],[129.9957275390625,44.50825885600571],[130.08087158203125,44.541547641743705],[130.20172119140625,44.54937753266367],[130.2813720703125,44.6061127451739],[130.330810546875,44.6061127451739],[130.4022216796875,44.64520822374405],[130.55328369140625,44.6569317328873],[130.59173583984375,44.59437896722392],[130.726318359375,44.49258696288604],[130.81695556640625,44.47691085722323],[130.858154296875,44.43770216346542],[130.92132568359375,44.43770216346542],[130.98175048828125,44.38080279357848],[131.033935546875,44.37687665878289]],[[129.7210693359375,44.559163415291806],[129.6881103515625,44.62370896890121],[129.737548828125,44.66865287227321],[129.72930908203125,44.72527163862196],[129.891357421875,44.83834308566654],[129.94354248046875,44.84418558537004],[130.078125,44.92397370210941],[130.0726318359375,44.96285457777543],[130.10284423828125,45.01530198999211],[130.155029296875,45.04635929200552],[130.24566650390625,45.15880073835211],[130.3253173828125,45.205263456162385],[130.42694091796875,45.18590859850545],[130.61370849609375,45.213003555993964],[130.65765380859375,45.25748869003618],[130.74554443359375,45.272953617361225],[130.77301025390625,45.32125436117147],[130.8526611328125,45.33670190996813],[130.88836669921875,45.396521369527875],[130.88836669921875,45.45049747764105],[130.946044921875,45.485169153401216],[130.8856201171875,45.59674392845412],[130.86639404296875,45.70617928533085],[130.7318115234375,45.80965764997407],[130.75653076171875,45.95496879511336],[130.65765380859375,46.08085173686786],[130.58349609375,46.13417004624327],[130.572509765625,46.20264638061019],[130.4132080078125,46.398093974142824],[130.42144775390625,46.49839225859762],[130.2923583984375,46.609827858351025],[130.2978515625,46.66074749832069],[130.26214599609375,46.71915170604123],[130.2978515625,46.77373073007939]],[[129.561767578125,43.006655665959244],[129.539794921875,43.080925407948854],[129.49859619140625,43.11902898139766],[129.54254150390625,43.16512263158296],[129.5233154296875,43.23319741022135],[129.6002197265625,43.23319741022135],[129.59197998046875,43.28320393686985],[129.67987060546875,43.32917366784392]],[[130.35552978515625,42.811521745097906],[130.2703857421875,42.85784648372956],[130.26214599609375,42.90816007196054],[130.20721435546875,42.91017176199847],[130.166015625,42.9946034519013],[130.0341796875,43.03476830455952],[129.3914794921875,42.98254887372033],[129.31182861328125,43.01468916189518],[129.1387939453125,43.03276068583202],[129.08111572265625,43.060861371343265],[129.08111572265625,43.0869433381132],[128.9630126953125,43.13105676219152],[128.9300537109375,43.19716728250128],[128.7762451171875,43.253204949088456],[128.72955322265625,43.31718491566704],[128.3807373046875,43.349149663893115],[128.265380859375,43.38908193911749],[128.14453125,43.5107129908437],[127.76275634765625,43.55053877556736],[127.6885986328125,43.657937026558216],[127.5128173828125,43.69170790307382],[127.40020751953125,43.75125720420175],[127.3095703125,43.84047016946789],[127.2930908203125,43.89393401411192],[127.13104248046875,43.96119063892024],[127.0458984375,43.9690981832517],[126.90582275390625,43.913723268523995],[126.650390625,43.95130472827631],[126.49383544921875,43.945372392442124],[126.40594482421875,43.891954726865436],[126.32080078125,43.891954726865436],[125.93353271484375,43.93943946452748],[125.760498046875,43.988862438849026],[125.452880859375,43.89393401411192]],[[132.31109619140625,45.37144349133922],[132.17926025390625,45.47168825810462],[131.94854736328125,45.49672163945863],[131.90185546875,45.52174389699363]],[[130.84716796875,45.33284041773058],[131.1383056640625,45.30000710263141],[131.25640869140625,45.32897866218559],[131.41845703125,45.33284041773058],[131.58599853515625,45.423515874347714],[131.69036865234375,45.43508099838451],[131.8798828125,45.502496993897154],[131.91558837890625,45.53906048213449],[131.934814453125,45.62556343821598],[132.0721435546875,45.69275137290873],[132.44293212890625,45.75027686430363],[132.64068603515625,45.734942524559926],[132.890625,45.7694388662039],[132.8851318359375,46.040829158935196],[132.75054931640625,46.29950860500901],[132.857666015625,46.37535928611456],[132.90985107421875,46.44353494530327],[132.945556640625,46.602280133002836],[133.02520751953125,46.70408569832253],[133.0718994140625,46.852678248531106],[133.04168701171875,46.89398546092548],[132.83843994140625,46.954011925793594],[132.747802734375,47.01771635397924],[132.659912109375,47.17851226443909],[132.42919921875,47.30717191207083],[132.462158203125,47.31089651780721]],[[129.60296630859375,46.295713308989406],[129.7210693359375,46.21215024064955],[129.79522705078125,46.20834889395229],[130.0726318359375,46.111325657297954],[130.198974609375,46.01794608850014],[130.21270751953125,45.98169518512228],[130.48187255859375,45.79433963046071],[130.7867431640625,45.756026155860184]],[[130.25115966796875,46.86394700508325],[130.24566650390625,47.15797242686648]],[[130.26214599609375,46.71915170604123],[130.19073486328125,46.801939576639995],[130.20721435546875,46.87521339672267],[130.2484130859375,46.89961579926725]],[[132.659912109375,47.17851226443909],[133.08837890625,47.346267182053026],[133.11859130859375,47.38347387210149],[133.1048583984375,47.45595144336994],[133.121337890625,47.494936505117124],[133.231201171875,47.545017659405715],[133.74755859375,47.57652571374621],[133.83544921875,47.65243777374971],[133.978271484375,47.676484442213194],[134.03045654296875,47.735629051492964],[134.09637451171875,47.90713721964113],[134.1650390625,47.94762618352868],[134.2144775390625,48.04870994288686],[134.39300537109375,48.177075627796114],[134.5166015625,48.231991343209614],[134.65667724609375,48.25576986959547]],[[124.81292724609375,40.84706035607121],[125.04638671875,41.01099329360267],[125.3045654296875,41.131090123750454],[125.31280517578125,41.28606238749825],[125.36773681640625,41.350010351627105],[125.3924560546875,41.4386084739572],[125.51605224609375,41.50857729743936],[125.61767578125,41.62570849375251],[125.68634033203125,41.61954898843081],[125.738525390625,41.66675682554944],[125.79620361328125,41.674963353511345],[125.79345703125,41.72828028223452],[125.8319091796875,41.746725841769376],[125.88958740234375,41.88387623204764],[125.92529296875,41.912497421968425],[126.13128662109375,42.014611228817955],[126.18072509765625,42.014611228817955],[126.2493896484375,42.06560675405717],[126.595458984375,42.10229818948116],[126.683349609375,42.20817645934741],[126.7767333984375,42.27527655208681],[127.0294189453125,42.263081842991284],[127.100830078125,42.313877566161864],[127.276611328125,42.36463232550284],[127.3260498046875,42.435620156499795],[127.49359130859375,42.43156587257917],[127.6666259765625,42.498428017321544],[127.72430419921875,42.58948857271426],[127.716064453125,42.64810165693524],[127.7545166015625,42.742978093466434],[127.93853759765625,42.811521745097906],[127.9742431640625,42.861873080748325],[128.06488037109375,42.91620643817353],[128.05389404296875,43.06487470411881],[128.089599609375,43.12303850442336],[128.05938720703125,43.19916951473752],[128.1060791015625,43.245202722033554],[128.1060791015625,43.319183205325885],[128.199462890625,43.47285413777968],[128.27911376953125,43.526646460473046],[128.56201171875,43.636075155965784],[128.594970703125,43.675818093283425],[128.7103271484375,43.70560803410356],[129.0289306640625,43.901850505273586],[129.210205078125,44.16053384372671],[129.39971923828125,44.25897020133368],[129.44366455078125,44.32777776128441],[129.45465087890625,44.42397290075388],[129.561767578125,44.504341277653936]]]},"properties":{"kind":"highway","kind_detail":"motorway","source":"Protomaps / OpenStreetMap","source_zoom":5},"id":35184397556530},{"type":"Feature","geometry":{"type":"MultiLineString","coordinates":[[[124.05487060546875,47.37789454155521],[124.06585693359375,47.36673410912715]],[[126.42242431640625,48.31973404047173],[126.4361572265625,48.31608110305331]],[[126.48834228515625,48.28867573482384],[126.4910888671875,48.297812492437174]],[[126.6668701171875,48.687334111863066],[126.661376953125,48.69096039092548]],[[127.0404052734375,46.677710064644344],[127.0404052734375,46.68524727431958]],[[126.8975830078125,46.624920154147674],[126.88934326171875,46.61737453206075]],[[126.8975830078125,46.67017180347381],[126.88385009765625,46.67394106549699]],[[126.968994140625,46.53808200546308],[126.96075439453125,46.545638670358585]],[[128.08135986328125,45.79433963046071],[128.08685302734375,45.801999166661545]],[[128.69110107421875,45.81540082150531],[128.682861328125,45.80965764997407]],[[127.91107177734375,45.1936513315257],[127.891845703125,45.1936513315257]],[[127.05963134765625,45.77518618352104],[127.08160400390625,45.771354704450374]],[[126.81793212890625,45.77710182434549],[126.80694580078125,45.78476372957354]],[[126.76025390625,45.63516665067311],[126.73553466796875,45.63900747494935]],[[126.62017822265625,45.64284803596584],[126.61468505859375,45.63324613981234]],[[126.837158203125,45.36951396300742],[126.82342529296875,45.38109014561266]],[[127.0404052734375,45.47939202177827],[127.056884765625,45.489020245373695]],[[126.55426025390625,45.57560020947801],[126.54052734375,45.55829487942623]],[[126.15325927734375,45.17622870105657],[126.13677978515625,45.16461065172541]],[[126.0955810546875,45.10260769705974],[126.11480712890625,45.11617660357487]],[[126.3262939453125,45.658207647450155],[126.32080078125,45.646688333723375]],[[126.53778076171875,45.64092778836502],[126.5240478515625,45.63900747494935]],[[126.485595703125,45.685076832232966],[126.48284912109375,45.69658824837376]],[[126.52130126953125,45.857499316676666],[126.5350341796875,45.857499316676666]],[[126.4910888671875,45.85367349680931],[126.48834228515625,45.84028105450088]],[[126.243896484375,45.83836758524586],[126.265869140625,45.82879925192134]],[[126.27960205078125,45.905299857247996],[126.2713623046875,45.90912212390728]],[[125.43365478515625,46.39619977845334],[125.44189453125,46.381043845806204]],[[125.00518798828125,46.362093012049854],[125.013427734375,46.36398839132818]],[[125.1287841796875,46.73233101286786],[125.1123046875,46.730448451884854]],[[125.0518798828125,45.59290020826981],[125.057373046875,45.60250901510298]],[[124.91180419921875,45.23815160629886],[124.88983154296875,45.23815160629886]],[[124.6783447265625,45.12780452747322],[124.68109130859375,45.1181147554681]],[[124.01641845703125,44.918139299585135],[124.03289794921875,44.925918371288674]],[[124.09332275390625,44.33170718680921],[124.08233642578125,44.329742506953494]],[[124.859619140625,44.111253973571564],[124.87060546875,44.12308489306966]],[[124.56024169921875,45.03277379605973],[124.58221435546875,45.03665569548622]],[[125.9417724609375,44.9375850039109],[125.9527587890625,44.92397370210941]],[[126.07086181640625,44.92202896709907],[126.068115234375,44.93564072971836]],[[125.96099853515625,44.19795903948531],[125.9637451171875,44.19008202504054]],[[125.96649169921875,44.10336537791153],[125.9417724609375,44.10533762552549]],[[125.60943603515625,44.445546008435485],[125.6011962890625,44.45534933372025]],[[125.672607421875,44.427895876334276],[125.6890869140625,44.42593442145312]],[[125.4034423828125,44.12505648268515],[125.41717529296875,44.12899946451421]],[[125.22216796875,43.9690981832517],[125.20843505859375,43.95921358836688]],[[125.2880859375,44.00071783428277],[125.2935791015625,43.988862438849026]],[[125.36224365234375,44.04021871314214],[125.34576416015625,44.02639639912232]],[[125.38421630859375,44.01849648651216],[125.3814697265625,44.01257086123084]],[[125.46112060546875,43.89591323557616],[125.44464111328125,43.88799595502641]],[[125.43365478515625,43.85433577078959],[125.45013427734375,43.85829677916186]],[[125.17822265625,43.80480096630839],[125.167236328125,43.81669306861423]],[[125.31829833984375,43.782992628905816],[125.32928466796875,43.79290649613753]],[[125.20843505859375,43.73935207915471],[125.1837158203125,43.72545977417781]],[[125.34027099609375,43.72148995228582],[125.3265380859375,43.70759350405294]],[[125.39794921875,43.8266013450538],[125.40618896484375,43.836507977090946]],[[126.01593017578125,43.93152797296858],[126.002197265625,43.92757183247525]],[[126.4251708984375,43.89393401411192],[126.4031982421875,43.891954726865436]],[[126.4910888671875,43.788941146562166],[126.4910888671875,43.788941146562166]],[[126.17523193359375,43.14107810634587],[126.156005859375,43.133061162406136]],[[125.6231689453125,43.56447158721812],[125.61492919921875,43.56447158721812]],[[125.5902099609375,43.54854811091286],[125.59844970703125,43.56447158721812]],[[125.30181884765625,43.415023819646535],[125.31280517578125,43.421008829947255]],[[125.3704833984375,43.29120116988415],[125.36773681640625,43.30519379765056]],[[125.46112060546875,43.20717778666665],[125.45013427734375,43.21718664827097]],[[124.47509765625,43.16512263158296],[124.47509765625,43.16712591500027]],[[124.51080322265625,43.19516498456403],[124.5025634765625,43.19716728250128]],[[124.47784423828125,43.213183300738876],[124.45587158203125,43.22319117678927]],[[124.92828369140625,43.57243174740972],[124.93927001953125,43.57442162308425]],[[125.1177978515625,43.86819814895608],[125.13702392578125,43.880077621969036]],[[123.63189697265625,43.59630591596547],[123.64013671875,43.60426186809619]],[[123.6126708984375,43.657937026558216],[123.629150390625,43.649988176045895]],[[123.662109375,43.63011144671921],[123.65386962890625,43.62812341212461]],[[124.34051513671875,43.27920492608277],[124.35150146484375,43.27720532212024]],[[124.02191162109375,42.6137489543149],[124.01641845703125,42.619812573672164]],[[124.9969482421875,42.81555136172696],[125.0079345703125,42.80346172417077]],[[124.06036376953125,41.91862886518305],[124.046630859375,41.92067254868684]],[[124.4256591796875,41.973785344884874],[124.4256591796875,41.96357478222518]],[[123.81317138671875,41.36031866306709],[123.79119873046875,41.380930388318006]],[[123.7335205078125,41.18485540813214],[123.7445068359375,41.19725651800891]],[[124.112548828125,41.24270715552137],[124.11529541015625,41.234445752625504]],[[124.29656982421875,41.213787677032144],[124.2938232421875,41.21998578493921]],[[125.00518798828125,41.718030460048084],[124.98870849609375,41.7139300733713]],[[124.78546142578125,41.69547509615208],[124.7991943359375,41.69342421615133]],[[125.80169677734375,41.97582726102573],[125.804443359375,41.97582726102573]],[[125.782470703125,41.67291181960209],[125.79620361328125,41.67701482203219]],[[125.771484375,41.67291181960209],[125.7769775390625,41.670860220304974]],[[126.0516357421875,41.04414536431318],[126.046142578125,41.029643387166374]],[[125.8648681640625,41.85319643776674],[125.88134765625,41.857287927691345]],[[126.47735595703125,41.97991089691237],[126.4691162109375,41.99828401778615]],[[125.70281982421875,42.623854658556496],[125.69732666015625,42.63597933867726]],[[125.45562744140625,42.76314586689492],[125.45562744140625,42.76314586689492]],[[125.23590087890625,42.91218338638018],[125.2276611328125,42.92626291864937]],[[125.18096923828125,42.98254887372033],[125.16998291015625,42.98254887372033]],[[125.947265625,42.89206418807336],[125.947265625,42.88200212690441]],[[126.27410888671875,42.56117285531806],[126.265869140625,42.56926437219383]],[[126.89483642578125,42.98857645832183],[126.88934326171875,42.98254887372033]],[[127.3974609375,42.23258474931333],[127.38372802734375,42.24478535602799]],[[128.10333251953125,42.660221613247984],[128.11981201171875,42.65416193033991]],[[129.24041748046875,42.77322729247908],[129.254150390625,42.77121113862589]],[[129.30908203125,43.01468916189518],[129.320068359375,43.0026385239579]],[[129.298095703125,43.006655665959244],[129.28436279296875,43.01067254527254]],[[128.5894775390625,43.669858329549754],[128.583984375,43.67780454967291]],[[126.6339111328125,43.95130472827631],[126.617431640625,43.9473499035071]],[[126.58721923828125,44.894795764697875],[126.57073974609375,44.894795764697875]],[[127.1722412109375,44.99976701918129],[127.18048095703125,44.993940318910575]],[[128.3367919921875,44.94730538740606],[128.35052490234375,44.9453614423694]],[[129.5672607421875,44.50825885600571],[129.57550048828125,44.504341277653936]],[[129.73480224609375,44.55524925971062],[129.71832275390625,44.566990936571415]],[[131.8963623046875,45.51404592560425],[131.89910888671875,45.519819502877084]],[[130.78125,45.75985868785574],[130.7977294921875,45.757942454762116]],[[130.5999755859375,45.77901739936286],[130.58624267578125,45.77518618352104]],[[129.58648681640625,46.301406154373325],[129.59747314453125,46.301406154373325]],[[130.3033447265625,46.75867996709556],[130.2923583984375,46.76808718675662]],[[132.1270751953125,47.27736561696565],[132.14080810546875,47.27363864888471]],[[132.44842529296875,47.29972191317995],[132.4566650390625,47.31089651780721]],[[132.65167236328125,47.18597932702906],[132.6654052734375,47.16730970131579]],[[133.08013916015625,47.34254506966022],[133.0828857421875,47.35184985856321]]]},"properties":{"kind":"highway","kind_detail":"motorway_link","source":"Protomaps / OpenStreetMap","source_zoom":5},"id":35184402371850},{"type":"Feature","geometry":{"type":"MultiLineString","coordinates":[[[124.19769287109375,40.02130468739708],[124.19769287109375,40.00868343656941]],[[124.365234375,40.3004760797495],[124.365234375,40.3004760797495]],[[125.6890869140625,39.34704251121735],[125.6890869140625,39.323674753551444]],[[126.0516357421875,41.04414536431318],[126.046142578125,41.029643387166374]],[[127.078857421875,37.83798775896511],[127.09259033203125,37.84015683604136]],[[127.12554931640625,37.790251927933284],[127.1337890625,37.80110369060961]],[[127.29034423828125,37.72945260537779],[127.28759765625,37.735969208590504]],[[127.7764892578125,37.75768707689704],[127.79571533203125,37.75768707689704]],[[127.95501708984375,37.76202988573212],[127.96051025390625,37.75768707689704]],[[128.69110107421875,38.02862223458797],[128.68560791015625,38.03511242061296]],[[128.85589599609375,37.740313292102655],[128.83941650390625,37.75334401310657]],[[128.8421630859375,37.84015683604136],[128.814697265625,37.83148014503287]],[[128.836669921875,37.76420119453823],[128.8201904296875,37.77071473849608]],[[128.594970703125,38.06322991452768],[128.5894775390625,38.07404145941956]],[[129.21295166015625,37.39198194353354],[129.20196533203125,37.396346133189226]],[[128.287353515625,37.02229110771148],[128.29010009765625,37.01132594307015]],[[128.16925048828125,37.083666782415534],[128.18572998046875,37.07271048132944]],[[128.11431884765625,36.71026542647846],[128.11431884765625,36.701457527917896]],[[127.33978271484375,36.71907231552909],[127.3480224609375,36.70365959719456]],[[127.474365234375,36.9345254985149],[127.46337890625,36.941111430107696]],[[127.320556640625,36.97403254941864],[127.30682373046875,36.97622678464096]],[[127.84515380859375,36.98280911070616],[127.83416748046875,36.96964388918141]],[[127.80120849609375,37.03763967977139],[127.80120849609375,37.03763967977139]],[[127.9083251953125,37.36797435878155],[127.8973388671875,37.37015718405753]],[[127.89459228515625,37.38107035775657],[127.88360595703125,37.38979975341982]],[[127.86163330078125,37.67512527892127],[127.8533935546875,37.67077737288315]],[[127.31781005859375,37.6359849542696],[127.30682373046875,37.644684587165884]],[[127.265625,37.44869658591038],[127.265625,37.446516047833484]],[[127.32879638671875,37.374522644077246],[127.3150634765625,37.38543518262722]],[[127.52655029296875,37.37670527881838],[127.52105712890625,37.37888785004526]],[[127.44140625,37.23470197166817],[127.4249267578125,37.24344837865411]],[[127.48809814453125,37.254379960133264],[127.5018310546875,37.2456348218214]],[[127.58148193359375,37.23470197166817],[127.59796142578125,37.23251521134918]],[[127.25189208984375,37.247821201554274],[127.25189208984375,37.25656608611523]],[[127.15301513671875,37.289350362163546],[127.19146728515625,37.26530995561875]],[[127.11456298828125,37.291535472927364],[127.10357666015625,37.28279464911044]],[[127.100830078125,37.21939331752985],[127.0843505859375,37.221580458386484]],[[126.98822021484375,37.18001393890171],[127.00469970703125,37.18220222107978]],[[126.96624755859375,37.19095471582605],[126.94976806640625,37.19970619616174]],[[126.98272705078125,37.33304051804568],[126.9964599609375,37.315567502511044]],[[126.9140625,37.31993613728423],[126.9195556640625,37.32430451813815]],[[127.1063232421875,37.39416407012379],[127.08984375,37.405073750176925]],[[127.16949462890625,37.51408316810111],[127.166748046875,37.53368798315968]],[[127.13653564453125,37.57723579111111],[127.1502685546875,37.57723579111111]],[[127.13653564453125,37.66860332433055],[127.1337890625,37.677299136404244]],[[127.1282958984375,37.6359849542696],[127.11456298828125,37.607704112428394]],[[126.7657470703125,37.5249753680482],[126.75201416015625,37.53368798315968]],[[126.85638427734375,37.61423141542417],[126.85089111328125,37.63163475580646]],[[126.8646240234375,37.66860332433055],[126.85089111328125,37.659906493259385]],[[126.71905517578125,37.43343148473673],[126.7108154296875,37.42252593456307]],[[126.7327880859375,37.43343148473673],[126.73828125,37.437793259976544]],[[126.7437744140625,37.39416407012379],[126.76025390625,37.383252801951016]],[[126.903076171875,37.42252593456307],[126.89208984375,37.41816326969145]],[[126.86737060546875,37.38979975341982],[126.85638427734375,37.398528132728615]],[[126.91131591796875,37.32212035945177],[126.8975830078125,37.304644804751106]],[[126.80694580078125,37.35050947036204],[126.79046630859375,37.34395908944491]],[[126.76300048828125,37.330856613297144],[126.75201416015625,37.33304051804568]],[[126.70257568359375,36.89939091854292],[126.7108154296875,36.89499795802219]],[[126.7822265625,36.9367208722872],[126.79046630859375,36.9367208722872]],[[126.89208984375,36.94989178681327],[126.88385009765625,36.941111430107696]],[[126.8865966796875,37.048601046408976],[126.8975830078125,37.05298514989097]],[[126.8316650390625,37.12309635498927],[126.81793212890625,37.11871630496013]],[[126.89208984375,37.11871630496013],[126.881103515625,37.127476151584446]],[[126.97174072265625,37.031062100118945],[126.9854736328125,37.02886944696475]],[[127.12005615234375,37.099002943876215],[127.122802734375,37.11214575475152]],[[127.13104248046875,37.035447216523636],[127.13653564453125,37.04640889969956]],[[126.990966796875,37.00913272027145],[126.9854736328125,37.020098201368114]],[[127.22991943359375,36.76749215619674],[127.21893310546875,36.75649032950518]],[[127.1722412109375,36.78509179597694],[127.188720703125,36.76749215619674]],[[127.144775390625,36.725676819770655],[127.1392822265625,36.71687068791303]],[[126.78497314453125,36.677230602346214],[126.77398681640625,36.67943336551777]],[[126.62567138671875,36.855449936136495],[126.6229248046875,36.846658706232816]],[[126.49383544921875,37.49011473195047],[126.48284912109375,37.48793540168987]],[[126.55975341796875,36.24427318493909],[126.5679931640625,36.246488282126535]],[[126.49383544921875,35.032245381295965],[126.48284912109375,35.036743220175296]],[[129.22943115234375,35.288226682029574],[129.210205078125,35.281500657891186]],[[129.25689697265625,35.41143805243546],[129.2706298828125,35.418153265695125]],[[129.0399169921875,35.33977430038645],[129.0509033203125,35.32633026307484]],[[129.10308837890625,35.28374272801905],[129.08660888671875,35.294952147406576]],[[129.144287109375,35.28374272801905],[129.1607666015625,35.28598473606576]],[[128.98223876953125,35.21869749632886],[128.96575927734375,35.220941304031825]],[[128.97125244140625,35.2702893760944],[128.990478515625,35.2702893760944]],[[128.814697265625,35.40248356426936],[128.82568359375,35.39800594715108]],[[128.69110107421875,35.27701633139884],[128.70208740234375,35.288226682029574]],[[128.726806640625,35.27925852568387],[128.704833984375,35.27925852568387]],[[128.75701904296875,35.256833789618256],[128.75701904296875,35.2702893760944]],[[128.77349853515625,35.220941304031825],[128.76251220703125,35.23440284749623]],[[128.86962890625,35.17380831799959],[128.89984130859375,35.169318036011305]],[[128.52081298828125,35.250105158539355],[128.5125732421875,35.25459097465023]],[[128.507080078125,35.456195568343745],[128.51806640625,35.46514408578588]],[[128.3148193359375,35.28374272801905],[128.32855224609375,35.28374272801905]],[[128.11431884765625,35.15809124619014],[128.13079833984375,35.16482750605027]],[[128.1005859375,35.1468629067563],[128.1005859375,35.142371137139904]],[[126.8701171875,35.191766965947394],[126.85089111328125,35.19401151791166]],[[126.88934326171875,35.25459097465023],[126.88934326171875,35.2635618621521]],[[127.298583984375,35.40248356426936],[127.3150634765625,35.406960932702006]],[[127.5457763671875,34.985003130171066],[127.529296875,34.989503567579305]],[[127.64739990234375,34.964748100493125],[127.6611328125,34.97150033361733]],[[127.7655029296875,35.54116627999815],[127.7655029296875,35.53222622770336]],[[127.43316650390625,35.7688006602384],[127.43865966796875,35.77325759103725]],[[127.6007080078125,35.73536571865023],[127.6116943359375,35.724217616914146]],[[126.8426513671875,35.85343961959181],[126.8426513671875,35.828948146199636]],[[127.0843505859375,35.93798832265392],[127.09808349609375,35.951329861522666]],[[127.03216552734375,35.806676609227054],[127.02392578125,35.799993929885275]],[[127.12554931640625,35.764343479667176],[127.1173095703125,35.7576572405156]],[[127.05413818359375,36.22876574685928],[127.06512451171875,36.21768712225057]],[[126.7657470703125,36.0624217151089],[126.77947998046875,36.05576061900675]],[[126.826171875,36.27970720524017],[126.82891845703125,36.27970720524017]],[[126.56524658203125,36.33282808737917],[126.5789794921875,36.33061543982086]],[[126.5625,36.58906837139911],[126.5625,36.600094165941144]],[[126.8701171875,36.59347887826918],[126.859130859375,36.58906837139911]],[[127.078857421875,36.43012234551577],[127.09259033203125,36.4212824436495]],[[127.606201171875,36.48976535146369],[127.60894775390625,36.47872381162463]],[[127.4578857421875,36.27527883184338],[127.43865966796875,36.27749304994347]],[[127.57049560546875,36.31069878418269],[127.55401611328125,36.31955125946119]],[[128.17474365234375,36.586863023441836],[128.15277099609375,36.58465761247169]],[[128.616943359375,36.43896124085944],[128.63067626953125,36.43233216371692]],[[128.54827880859375,36.16670524263735],[128.56475830078125,36.16005298551353]],[[128.36151123046875,36.10459556076901],[128.3587646484375,36.12012758978146]],[[128.177490234375,36.13565654678543],[128.18023681640625,36.14674677781437]],[[128.2708740234375,36.15783544102625],[128.26812744140625,36.153400163891945]],[[128.2763671875,36.24205802497114],[128.2598876953125,36.24205802497114]],[[128.19122314453125,35.695225250873094],[128.16925048828125,35.71529801212529]],[[128.4796142578125,35.746512259918504],[128.47686767578125,35.76657210117352]],[[128.375244140625,35.759886049336615],[128.37249755859375,35.76211479572099]],[[128.551025390625,35.9579997862207],[128.551025390625,35.975783498472]],[[128.6663818359375,35.91797179131282],[128.6553955078125,35.915747419499695]],[[128.68560791015625,35.89127520165914],[128.70208740234375,35.89572525865904]],[[128.83392333984375,35.97356075349623],[128.82843017578125,35.96022296929668]],[[128.8970947265625,36.02466804934359],[128.88336181640625,36.03355289340038]],[[129.111328125,35.51434313431818],[129.1058349609375,35.52104976129942]],[[129.2486572265625,35.5523399441562],[129.23492431640625,35.565746285762756]],[[129.28436279296875,35.47409160773029],[129.2926025390625,35.48080159582862]],[[129.26513671875,35.49869215916574],[129.254150390625,35.507635947037855]],[[129.30908203125,35.730906665200536],[129.31732177734375,35.746512259918504]],[[128.88336181640625,36.436751611390264],[128.89434814453125,36.44558975177917]],[[128.67462158203125,36.41465185677697],[128.69110107421875,36.41907231092499]],[[129.4244384765625,35.7843988251953],[129.44366455078125,35.77771427205079]],[[130.47637939453125,33.72433966174761],[130.4901123046875,33.715201644740844]],[[130.49560546875,33.52536850360117],[130.48736572265625,33.53452667616054]],[[130.51483154296875,33.39705230475205],[130.53680419921875,33.40622404437545]],[[129.7869873046875,33.14904983719869],[129.7705078125,33.14904983719869]],[[131.54205322265625,33.38787959704523],[131.53106689453125,33.37870592138782]],[[130.98175048828125,33.92057152867508],[130.97076416015625,33.92285064485908]],[[131.08612060546875,34.095884929552085],[131.0833740234375,34.08451193447476]],[[131.4019775390625,34.134541681937364],[131.407470703125,34.12317388304314]],[[131.84417724609375,34.03900467904445],[131.85791015625,34.04355650412744]],[[134.98626708984375,34.53823752729575],[134.98626708984375,34.54728700119803]],[[134.75555419921875,34.800272350556824],[134.74456787109375,34.8047829195724]],[[134.22271728515625,35.28598473606576],[134.22821044921875,35.27701633139884]],[[134.066162109375,34.76192255039477],[134.05242919921875,34.7664352168417]],[[133.1597900390625,34.52466147177172],[133.165283203125,34.511083202999714]],[[133.23944091796875,34.46354183877715],[133.24493408203125,34.45674800347808]],[[135.0714111328125,34.651285198954156],[135.06866455078125,34.649025753526985]],[[131.36627197265625,31.85189834587929],[131.3580322265625,31.858897044454523]]]},"properties":{"kind":"highway","kind_detail":"motorway_link","source":"Protomaps / OpenStreetMap","source_zoom":5},"id":35184382135590},{"type":"Feature","geometry":{"type":"MultiLineString","coordinates":[[[123.7445068359375,41.112468789180895],[123.74725341796875,40.979898069620134],[123.76922607421875,40.948788179193485],[123.90380859375,40.88860081193033],[123.91204833984375,40.770141825905085],[123.98895263671875,40.67022279530735],[123.96148681640625,40.53676418550202],[124.024658203125,40.386304853509046],[124.1619873046875,40.30885442563766],[124.2388916015625,40.20405042511331],[124.33502197265625,40.16208338164617]],[[124.749755859375,40.80549384389414],[124.7442626953125,40.87406461663042],[124.6673583984375,40.952937011897234],[124.67559814453125,41.0317152937929],[124.7332763671875,41.112468789180895]],[[124.3267822265625,40.03182061333686],[124.26910400390625,40.069664523297774]],[[124.1015625,39.96238554917605],[124.08782958984375,39.88866516883712],[124.13177490234375,39.82330369732938]],[[125.6561279296875,39.017049741804016],[125.60394287109375,38.96581566018901],[125.56549072265625,38.97222194853654],[125.46112060546875,38.89744587262311],[125.41168212890625,38.7583669356128],[125.42266845703125,38.78620445725866]],[[125.79620361328125,39.06824672852525],[125.8538818359375,39.06184913429155],[125.87860107421875,39.09809450124908],[125.97198486328125,39.12792964388498],[125.99395751953125,39.1662705500807],[126.0845947265625,39.14497262511222]],[[125.70281982421875,39.1833042481843],[125.68634033203125,39.376771996616355],[125.62042236328125,39.4913243003771],[125.6231689453125,39.6437675734185],[125.95001220703125,39.79165483525341],[126.15325927734375,40.012890779526145]],[[125.738525390625,39.106620116621144],[125.73028564453125,39.1662705500807],[125.70556640625,39.1811752615875]],[[125.26611328125,41.112468789180895],[125.04638671875,41.01099329360267],[124.8651123046875,40.86575678600681],[124.76898193359375,40.82628035667713],[124.71954345703125,40.76806170936612],[124.72503662109375,40.720201058841496],[124.617919921875,40.67438908251788],[124.376220703125,40.32560799973206],[124.332275390625,40.15158756460002],[124.18121337890625,40.00447583427405],[124.00543212890625,39.94343646197419],[123.57421875,39.93080082075275]],[[125.62042236328125,41.112468789180895],[125.67535400390625,41.04414536431318],[125.8978271484375,40.9550113304862],[126.0296630859375,41.01099329360267],[126.0791015625,41.112468789180895]],[[127.3919677734375,39.14923272582712],[127.35076904296875,39.07677595221321],[127.3150634765625,39.05971647403467],[127.15301513671875,39.0831721934762],[127.12005615234375,39.11940660636222],[127.09259033203125,39.11514470090148],[127.05963134765625,39.08956785484935],[127.02667236328125,39.00211029922514],[126.7767333984375,38.910270227594424],[126.7218017578125,38.858958910448536],[126.661376953125,38.743373001481245],[126.60919189453125,38.73051855149163],[126.52130126953125,38.76265033833414],[126.43341064453125,38.760508669111516],[126.25762939453125,38.85254239036422],[126.1724853515625,38.869651824083576],[126.08184814453125,38.83970761354513],[125.9417724609375,38.86537485161165],[125.804443359375,38.93591198756164],[125.70831298828125,38.946593318933736],[125.68084716796875,38.779781378049194],[125.7330322265625,38.55890491799818],[125.77423095703125,38.515937313413474],[125.85662841796875,38.49229419236133],[126.0791015625,38.46649284538944],[126.3372802734375,38.328729752789286],[126.46636962890625,38.162635840586404],[126.4691162109375,38.05674222065295],[126.5130615234375,38.030785693822935],[126.51031494140625,37.98750437106375],[126.529541015625,37.96585412874944],[126.6448974609375,37.96585412874944]],[[127.76275634765625,37.844494798834575],[127.78472900390625,37.835818618104156],[127.76824951171875,37.779398571318765],[127.79571533203125,37.76420119453823],[127.79296875,37.72510788462094],[127.9742431640625,37.59029517052193],[127.98797607421875,37.51844023887861],[127.891845703125,37.38761749978394]],[[128.8201904296875,37.77288579232439],[128.78173828125,37.740313292102655],[128.770751953125,37.66425503616459],[128.660888671875,37.68599392939966],[128.507080078125,37.642509774448754],[128.37799072265625,37.55981972178118],[128.14178466796875,37.4639585727641],[128.10882568359375,37.472678309670826],[128.09783935546875,37.437793259976544],[128.0126953125,37.437793259976544],[127.90283203125,37.36579146999664]],[[128.59771728515625,38.06322991452768],[128.51806640625,37.978845040497134],[128.41094970703125,37.97668004819228],[128.31756591796875,37.93769926732864],[128.20770263671875,37.80761398306056],[128.07037353515625,37.75768707689704],[127.75726318359375,37.76202988573212],[127.63916015625,37.740313292102655],[127.55126953125,37.71207219310847],[127.48260498046875,37.65120864327176],[127.28759765625,37.62945956107555],[127.1722412109375,37.57723579111111]],[[128.5235595703125,38.19933856598385],[128.58673095703125,38.169114135560875],[128.5894775390625,38.07404145941956],[128.6883544921875,38.030785693822935],[128.7872314453125,37.92036783594351],[128.86138916015625,37.70772645289048],[129.00970458984375,37.67295135774715],[129.0179443359375,37.63380988687156],[129.09210205078125,37.58811876638322],[129.09759521484375,37.47049847079873],[129.20196533203125,37.396346133189226]],[[127.35076904296875,36.71466899719829],[127.46063232421875,36.74328605437938]],[[127.47161865234375,36.94550173495345],[127.50732421875,36.7762924811868],[127.4249267578125,36.69485094156225],[127.42767333984375,36.37706783983681],[127.606201171875,36.29299081806339],[127.7984619140625,36.28192129773193],[127.88360595703125,36.21768712225057],[127.9962158203125,36.21103919432822],[128.045654296875,36.14231087352999],[128.14178466796875,36.124564748133295],[128.25439453125,36.16227046727883],[128.3587646484375,36.12012758978146],[128.3587646484375,36.07352228885536],[128.39996337890625,36.066862132578876],[128.43017578125,35.97800618085566],[128.4906005859375,35.90684930677121]],[[127.32330322265625,36.9806150652861],[127.15576171875,37.56635122499223],[127.11456298828125,37.58811876638322],[127.1392822265625,37.67512527892127],[127.1063232421875,37.709899354855125],[127.122802734375,37.783740105227224],[127.2216796875,37.883524980871314],[127.21893310546875,37.91170058826019]],[[127.7874755859375,37.03763967977139],[127.474365234375,36.941111430107696]],[[127.79022216796875,37.035447216523636],[127.869873046875,37.070519031125826],[128.17474365234375,37.079284451973024]],[[127.9302978515625,37.38543518262722],[127.89459228515625,37.38543518262722]],[[127.35076904296875,37.304644804751106],[127.29034423828125,37.26749576438186],[127.188720703125,37.26749576438186]],[[127.5897216796875,37.23251521134918],[127.58148193359375,37.31119861382922],[127.53204345703125,37.35487607348372],[127.44964599609375,37.5206186788693],[127.32879638671875,37.594647787873456],[127.32879638671875,37.694687703235914],[127.26287841796875,37.755515576870636],[127.0623779296875,37.85750715625203],[126.8756103515625,37.83148014503287]],[[127.42767333984375,37.23470197166817],[127.5897216796875,37.23251521134918],[127.65838623046875,37.254379960133264],[127.75726318359375,37.24126187205381],[127.90283203125,37.363608517704066]],[[127.012939453125,37.19314268101435],[126.9854736328125,37.024483950759645]],[[127.078857421875,37.2784238564537],[127.0623779296875,37.29590550406617]],[[127.05963134765625,37.29590550406617],[127.07061767578125,37.396346133189226],[126.8536376953125,37.43997405227057],[126.64764404296875,37.437793259976544],[126.6339111328125,37.409437177487874]],[[127.06512451171875,37.396346133189226],[127.11456298828125,37.40725549559873],[127.14752197265625,37.50972584293751],[127.19696044921875,37.531509924790825]],[[127.0843505859375,37.413800350662896],[127.1173095703125,37.42252593456307]],[[127.08984375,37.405073750176925],[127.1063232421875,37.23032838760386],[127.0843505859375,37.13842453422676],[127.188720703125,36.94769679250733],[127.16400146484375,36.80708566272706],[127.1832275390625,36.76749215619674]],[[127.24639892578125,37.472678309670826],[127.2711181640625,37.45087706042972]],[[127.08984375,37.46613860234406],[127.07611083984375,37.400710068740565]],[[127.04315185546875,37.46177847961749],[127.0843505859375,37.415981841946135]],[[126.7547607421875,37.57070524233116],[126.82342529296875,37.583765767186236],[126.859130859375,37.61640705577993],[126.8536376953125,37.67947293019486],[126.7987060546875,37.709899354855125],[126.76849365234375,37.844494798834575]],[[126.7547607421875,37.5728821555562],[126.573486328125,37.542399580540646]],[[126.83441162109375,37.5249753680482],[126.68060302734375,37.5206186788693]],[[126.8536376953125,37.583765767186236],[126.84814453125,37.60552821745789]],[[126.62017822265625,37.44215478101228],[126.63665771484375,37.46831856835604],[126.6009521484375,37.642509774448754],[126.62567138671875,37.67077737288315]],[[126.650390625,37.405073750176925],[126.551513671875,37.42034463389753],[126.48834228515625,37.48575600784825],[126.59820556640625,37.55111016010861]],[[126.73828125,37.43343148473673],[126.771240234375,37.361425501905174],[126.74652099609375,37.3024600747823],[126.76025390625,37.20626914065441],[126.8646240234375,37.06175259706909],[126.9854736328125,37.024483950759645],[127.15850830078125,37.035447216523636],[127.25189208984375,36.971838250931654],[127.34527587890625,36.98280911070616],[127.47161865234375,36.941111430107696],[127.48260498046875,37.031062100118945],[127.4468994140625,37.09462150015557],[127.44415283203125,37.20626914065441],[127.3260498046875,37.337408137077986],[127.298583984375,37.42688834526727],[127.254638671875,37.457418102629376],[127.21893310546875,37.52933180281508],[127.1832275390625,37.53804390907163],[127.10906982421875,37.67077737288315],[127.00469970703125,37.72293542866174],[126.81793212890625,37.65773212628271],[126.74652099609375,37.54893261064112],[126.7547607421875,37.4639585727641],[126.815185546875,37.437793259976544]],[[126.81793212890625,37.437793259976544],[126.86737060546875,37.36797435878155],[127.04864501953125,37.396346133189226]],[[126.85638427734375,37.411618795843026],[126.94976806640625,37.289350362163546],[126.97174072265625,37.18220222107978],[127.1063232421875,37.17782559332976],[127.18597412109375,37.26749576438186]],[[126.859130859375,37.413800350662896],[126.89483642578125,37.437793259976544]],[[126.86737060546875,37.36797435878155],[126.859130859375,37.34395908944491]],[[126.8701171875,37.36797435878155],[126.88934326171875,37.46177847961749]],[[126.771240234375,37.361425501905174],[126.89483642578125,37.32212035945177],[127.15576171875,37.289350362163546],[127.22991943359375,37.247821201554274],[127.42767333984375,37.2368886685595]],[[126.7437744140625,37.304644804751106],[126.71905517578125,37.31119861382922]],[[126.77947998046875,37.18657859524883],[126.9580078125,37.19751842118353]],[[126.9635009765625,36.96525497589677],[126.9195556640625,36.93233006150314]],[[126.97723388671875,36.8224776116662],[127.12005615234375,36.76309161490538],[127.210693359375,36.76529191711623],[127.34527587890625,36.71687068791303],[127.386474609375,36.617732160005914],[127.42218017578125,36.595684037179055]],[[126.62017822265625,36.84885660848691],[126.87286376953125,36.59127365634204],[126.9744873046875,36.56701205642341],[127.0458984375,36.48314061639212],[127.12005615234375,36.49197347059368]],[[126.38946533203125,34.99850370014629],[126.65863037109375,35.08170799084071],[126.7877197265625,35.160336728130346]],[[126.46087646484375,34.843112789175365],[126.4910888671875,34.86565143737161],[126.50482177734375,34.951241964789645],[126.4801025390625,35.13787911963418],[126.4910888671875,35.22318504970181],[126.54327392578125,35.2702893760944],[126.58721923828125,35.36441589327595],[126.65863037109375,35.42486791930558],[126.69708251953125,35.62381451392673],[126.8316650390625,35.79776624517103],[126.84539794921875,35.902399875143615],[126.837158203125,35.97133794592999],[126.7877197265625,36.049098959065645],[126.6448974609375,36.109033596783135],[126.55975341796875,36.239842802224274],[126.5899658203125,36.31955125946119],[126.5625,36.34389038251925],[126.55426025390625,36.40138898484862],[126.59271240234375,36.46547188679814],[126.551513671875,36.62434536776988],[126.56524658203125,36.78949107451841],[126.6229248046875,36.855449936136495],[126.8701171875,36.967449464169334],[126.88934326171875,37.05517710666082],[126.8701171875,37.215018845563236],[126.903076171875,37.289350362163546],[126.8756103515625,37.337408137077986]],[[129.21844482421875,35.281500657891186],[129.10308837890625,35.28598473606576],[129.0399169921875,35.33977430038645],[129.19097900390625,35.70860765328551],[129.18548583984375,35.808904044068626],[129.0948486328125,35.833401703805094],[128.9849853515625,35.933540642493114],[128.8641357421875,35.88459964717596],[128.75152587890625,35.87124685002797],[128.65814208984375,35.91352298513739]],[[129.034423828125,35.330811857318196],[128.92730712890625,35.22542873333704],[128.78997802734375,35.220941304031825],[128.72955322265625,35.27925852568387],[128.56201171875,35.29046856590878],[128.441162109375,35.27253175660236],[128.33953857421875,35.292710387701675],[128.27911376953125,35.26804693351555],[128.2708740234375,35.220941304031825],[128.221435546875,35.182788138002294],[128.111572265625,35.15809124619014],[128.056640625,35.08845057036537],[127.8863525390625,35.041240811494504],[127.80120849609375,34.989503567579305],[127.68310546875,34.991753693504876],[127.65838623046875,34.964748100493125],[127.61444091796875,34.96249723244915],[127.58697509765625,34.98725337980076],[127.298583984375,35.03449433167977],[127.24365234375,35.11092180970475],[127.2601318359375,35.15135442846946],[127.23541259765625,35.21420969483077],[127.166748046875,35.256833789618256],[126.9195556640625,35.250105158539355],[126.85638427734375,35.2702893760944],[126.793212890625,35.34201475584807],[126.6558837890625,35.41591492345623]],[[129.10308837890625,35.28598473606576],[129.09759521484375,35.250105158539355]],[[129.08660888671875,35.294952147406576],[128.98223876953125,35.2702893760944],[128.902587890625,35.30616001455081],[128.7213134765625,35.281500657891186]],[[128.98223876953125,35.19401151791166],[128.968505859375,35.31064272673245],[128.91082763671875,35.35993616287675],[128.858642578125,35.362176059146805],[128.77349853515625,35.449483527031475],[128.792724609375,35.54787066533268],[128.74603271484375,35.65283282745165],[128.7322998046875,35.804449111914906],[128.6883544921875,35.84008157153468],[128.69110107421875,35.88237433729239]],[[128.91357421875,35.22542873333704],[129.00421142578125,35.21420969483077]],[[128.79547119140625,35.21869749632886],[128.82568359375,35.17605336599959],[128.97125244140625,35.15135442846946]],[[128.7652587890625,35.09519259251624],[128.7872314453125,35.198500435801705],[128.77349853515625,35.22767235493586]],[[128.638916015625,35.274774075037755],[128.56201171875,35.23440284749623],[128.48236083984375,35.27253175660236]],[[126.74652099609375,35.1850329379983],[126.7987060546875,35.25459097465023]],[[126.9580078125,35.22767235493586],[126.98272705078125,35.292710387701675],[127.09259033203125,35.362176059146805],[127.27386474609375,35.38457160381763],[127.4359130859375,35.44277092585766],[127.4908447265625,35.48751102385377],[127.5897216796875,35.483038134069574],[127.65289306640625,35.53893136033349],[127.8314208984375,35.55010533588552],[127.9632568359375,35.70860765328551],[128.24066162109375,35.69968630125203],[128.43017578125,35.7688006602384],[128.529052734375,35.837855011450785],[128.53179931640625,35.92909271208457]],[[127.03216552734375,35.24786215739992],[126.9525146484375,35.22318504970181],[126.92779541015625,35.182788138002294],[126.82891845703125,35.21196570103912],[126.78497314453125,35.28598473606576],[126.81793212890625,35.35097595642159],[126.79046630859375,35.48080159582862],[126.80419921875,35.52552053465406],[127.02392578125,35.795538497992624],[127.056884765625,35.909073928771534],[127.11456298828125,35.98689628443792],[127.11181640625,36.10237644873645],[127.15301513671875,36.14674677781437],[127.2161865234375,36.15783544102625],[127.26287841796875,36.1955251660701],[127.27935791015625,36.25756282630297],[127.31231689453125,36.27527883184338],[127.30682373046875,36.317338234886236],[127.33978271484375,36.3903348621365],[127.41668701171875,36.403599620732535]],[[127.54852294921875,34.94448806230625],[127.55401611328125,34.96699890670368],[127.46337890625,35.106428057364255],[127.44140625,35.22991591449646],[127.30682373046875,35.40472227957224],[127.3260498046875,35.45843279102631],[127.30682373046875,35.534461334184456],[127.3370361328125,35.612650818756705],[127.24365234375,35.713067954913896],[127.19970703125,35.799993929885275]],[[127.5457763671875,34.91521472314689],[127.44415283203125,34.88142481679756],[127.38372802734375,34.822822727237025],[127.0733642578125,34.813803317113155],[126.968994140625,34.73709847578162],[126.837158203125,34.68065238482747],[126.6339111328125,34.70775131553934],[126.529541015625,34.75740963726007]],[[127.606201171875,35.72867704485169],[127.57049560546875,35.71975793933433],[127.4908447265625,35.77325759103725],[127.36724853515625,35.764343479667176],[127.2381591796875,35.808904044068626]],[[127.17498779296875,35.8801489648836],[127.19696044921875,35.799993929885275],[127.10906982421875,35.7576572405156],[126.96075439453125,35.84008157153468],[126.6943359375,35.85343961959181]],[[127.0953369140625,35.93576451385529],[127.25189208984375,35.86011779983255],[127.2491455078125,35.81113141643797],[127.19696044921875,35.799993929885275]],[[127.100830078125,36.0824016199585],[127.0513916015625,36.17335693522159],[127.0513916015625,36.22211876039103],[127.08709716796875,36.47872381162463],[127.11181640625,36.51184370986246],[127.12005615234375,36.70806354647624],[127.1722412109375,36.76309161490538]],[[126.78497314453125,36.04243673532787],[126.77398681640625,36.05798104702501]],[[126.8426513671875,36.25313319699069],[126.7657470703125,36.48314061639212],[126.7657470703125,36.54936246839779],[126.78497314453125,36.58245213849011],[126.7822265625,36.692648619939916],[126.8096923828125,36.74548692469868],[126.88934326171875,36.78729146682001],[126.92230224609375,36.86643755175845],[126.91680908203125,36.93891618281859],[126.8756103515625,36.96525497589677]],[[126.83441162109375,36.28192129773193],[126.7767333984375,36.21990297270261],[126.771240234375,36.05798104702501]],[[127.0623779296875,36.48314061639212],[127.0623779296875,36.458845074788826],[126.83441162109375,36.28413532741723]],[[127.100830078125,36.49859745028132],[127.2381591796875,36.48314061639212],[127.298583984375,36.405810193726765],[127.3370361328125,36.3903348621365]],[[127.4359130859375,36.56260003738545],[127.628173828125,36.47430675509523],[128.00445556640625,36.44117080741499],[128.1280517578125,36.3704334798997],[128.3367919921875,36.37485644939407],[128.60321044921875,36.43454191900892],[128.80645751953125,36.412441535356436],[129.14154052734375,36.49418152677427],[129.30908203125,36.3903348621365],[129.3695068359375,36.38591277287651]],[[127.31781005859375,36.29299081806339],[127.44415283203125,36.27749304994347],[127.48260498046875,36.34167804918316]],[[127.452392578125,36.28413532741723],[127.47711181640625,36.26199220445663],[127.51007080078125,36.11125252076157],[127.58697509765625,36.00245155554647],[127.66387939453125,35.9579997862207],[127.6446533203125,35.808904044068626],[127.59521484375,35.74205383068036],[127.70782470703125,35.63497665067729],[127.76824951171875,35.610417892730524],[127.75726318359375,35.55457449014311],[127.85064697265625,35.46514408578588],[127.8753662109375,35.40024478679507],[127.91107177734375,35.38457160381763],[127.99346923828125,35.21869749632886],[128.1500244140625,35.099686964274724],[128.33953857421875,35.016500995886005],[128.4027099609375,34.95799531086793],[128.4136962890625,34.874665167612605],[128.43841552734375,34.867904962568716]],[[128.4356689453125,35.67737855391475],[128.33953857421875,35.806676609227054],[128.31207275390625,35.88682489453265],[128.243408203125,35.92464453144099],[128.23516845703125,35.97800618085566],[128.2708740234375,36.03133177633187],[128.2598876953125,36.089060460282],[128.27911376953125,36.14231087352999],[128.25714111328125,36.27085020723902],[128.221435546875,36.31291199724548],[128.24066162109375,36.39475669987385],[128.14727783203125,36.542742833547834],[128.16375732421875,36.600094165941144],[128.14178466796875,36.6551995018735],[128.0731201171875,36.74548692469868],[127.9852294921875,36.76309161490538],[127.957763671875,36.840064620377674],[127.847900390625,36.94330661415313],[127.8424072265625,37.020098201368114],[127.7325439453125,37.04640889969956],[127.71331787109375,37.10776507118514],[127.65838623046875,37.129665954840846],[127.5897216796875,37.23470197166817]],[[128.5235595703125,35.46514408578588],[128.74053955078125,35.52104976129942],[128.79547119140625,35.51434313431818]],[[128.463134765625,35.79108281624994],[128.48236083984375,35.737595151747826],[128.4356689453125,35.70414710206052],[128.4356689453125,35.67737855391475],[128.47686767578125,35.536696378395035],[128.507080078125,35.516578738902936],[128.48236083984375,35.39800594715108],[128.51531982421875,35.25907654252575]],[[128.485107421875,35.83117495624653],[128.4576416015625,35.8801489648836],[128.551025390625,35.95577654056531],[128.551025390625,36.00245155554647],[128.51531982421875,36.04687828046171],[128.5345458984375,36.05576061900675],[128.5565185546875,36.23762751669997],[128.5894775390625,36.304058768042964],[128.572998046875,36.37264499608118],[128.6224365234375,36.43233216371692],[128.60595703125,36.50301312197294],[128.64715576171875,36.56480607840351],[128.5565185546875,36.617732160005914],[128.53729248046875,36.65299604498243],[128.5784912109375,36.74988847598358],[128.5345458984375,36.85105444755651],[128.46038818359375,36.89499795802219],[128.3367919921875,36.92354768108929],[128.29010009765625,36.96964388918141],[128.287353515625,37.01790523173091],[128.155517578125,37.09243068328347],[128.1280517578125,37.19751842118353],[127.93304443359375,37.31993613728423],[127.891845703125,37.38761749978394],[127.64739990234375,37.400710068740565],[127.32879638671875,37.374522644077246]],[[128.4906005859375,35.909073928771534],[128.52630615234375,35.893500261425714],[128.6663818359375,35.91352298513739],[128.7158203125,35.9535532323321],[128.81195068359375,35.95577654056531],[128.89434814453125,36.02466804934359],[128.6663818359375,36.09127994838079],[128.5400390625,36.17779108329074],[128.507080078125,36.23098128347793],[128.3258056640625,36.30848550829367],[128.2763671875,36.37485644939407]],[[128.89434814453125,36.02244668175847],[129.0179443359375,35.9579997862207],[129.0069580078125,35.922420347285055]],[[128.89434814453125,36.02466804934359],[128.96026611328125,36.05354012833976],[129.0838623046875,36.04243673532787],[129.17449951171875,36.086840909511],[129.31732177734375,36.04243673532787]],[[128.70208740234375,35.88905007936094],[128.66912841796875,35.92464453144099],[128.59222412109375,35.93576451385529]],[[128.79547119140625,35.512107467477975],[128.88336181640625,35.49198366469642],[129.04266357421875,35.53222622770336],[129.254150390625,35.50092819950359]],[[129.25140380859375,35.556808973844596],[129.21844482421875,35.57468260098091],[129.15252685546875,35.54787066533268],[129.13330078125,35.565746285762756]],[[129.385986328125,36.109033596783135],[129.36126708984375,36.16892253622743],[129.37225341796875,36.266421331439375],[129.35302734375,36.36822190085111]],[[129.38873291015625,35.94688293218141],[129.42718505859375,35.7866268846701],[129.287109375,35.71529801212529],[129.28436279296875,35.58808520476323],[129.2431640625,35.543401137387335],[129.2816162109375,35.44277092585766],[129.20196533203125,35.252348097623354],[129.2047119140625,35.191766965947394],[129.17724609375,35.180543276002666]],[[132.12158203125,34.908457853981375],[132.21221923828125,35.00075357864239]],[[131.81121826171875,34.66032236481891],[131.824951171875,34.68742794931485]],[[131.2591552734375,34.36384353883068],[131.39923095703125,34.3887792543902]],[[130.7427978515625,33.863573814253485],[130.80596923828125,33.87041555094183],[130.81146240234375,33.893217379440884]],[[130.31707763671875,33.568861182555565],[130.2593994140625,33.575726446243564],[130.18798828125,33.532237223959086]],[[130.42144775390625,33.63520252129719],[130.48187255859375,33.6283419913718]],[[130.4901123046875,33.532237223959086],[130.40771484375,33.607757123330956]],[[130.462646484375,33.56428403679499],[130.4022216796875,33.53910539867444],[130.31707763671875,33.568861182555565],[130.40771484375,33.607757123330956],[130.43243408203125,33.65806700735442],[130.41595458984375,33.66263917576218]],[[130.198974609375,33.17893926058103],[130.2154541015625,33.224903086263964],[130.25390625,33.23179557851465]],[[129.9957275390625,33.14675022877648],[129.8529052734375,33.169743600216165],[129.7320556640625,33.15134938534251],[129.64691162109375,33.224903086263964]],[[129.913330078125,33.29839499061643],[129.935302734375,33.39705230475205],[130.045166015625,33.42685691828501],[130.045166015625,33.47269019266666]],[[130.0286865234375,33.3442960191357],[130.1165771484375,33.293803558346596]],[[129.649658203125,33.33052824902808],[129.74578857421875,33.35576749833416],[129.80621337890625,33.32134852669881]],[[129.7320556640625,32.99714648628775],[129.77874755859375,33.10304621868762]],[[129.869384765625,32.71566625570317],[129.90234375,32.722598604044066]],[[129.87213134765625,32.74108223150125],[129.90234375,32.729530413484696]],[[129.891357421875,32.76880048488168],[129.891357421875,32.805744732906874],[129.96826171875,32.81728666309672]],[[129.847412109375,32.819594869239765],[129.8858642578125,32.79651010951669]],[[129.83642578125,32.819594869239765],[129.825439453125,32.838058359277056]],[[130.01220703125,32.838058359277056],[130.06988525390625,32.82882709408909]],[[129.9078369140625,32.73184089686568],[130.01220703125,32.838058359277056],[129.92706298828125,33.045507814909996],[129.99847412109375,33.15134938534251],[130.05889892578125,33.18813395605041],[130.0506591796875,33.22720064403191],[130.0836181640625,33.26395335923739],[130.49835205078125,33.39475921857799],[130.682373046875,33.403931200234695],[130.76751708984375,33.364943593285545],[130.8251953125,33.367237465838315],[130.86090087890625,33.32593850874474],[130.94329833984375,33.34200154191562],[131.044921875,33.29609930468821],[131.16302490234375,33.29150775159364],[131.19873046875,33.22949814144951],[131.32781982421875,33.254766629316535],[131.4569091796875,33.367237465838315],[131.42120361328125,33.431441335575286],[131.2371826171875,33.529947711130646]],[[130.30609130859375,32.50281289041497],[130.39398193359375,32.49586350791503],[130.418701171875,32.51902602782752]],[[130.2264404296875,32.02903481873585],[130.24017333984375,32.06861069132688],[130.32806396484375,32.10351636222566]],[[130.42694091796875,32.21512485021502],[130.484619140625,32.247651564662675],[130.5120849609375,32.30338454936734],[130.50933837890625,32.36140331527544],[130.59722900390625,32.46110854261062]],[[130.440673828125,32.60698915452777],[130.46539306640625,32.6093028087336]],[[130.11932373046875,32.833442846649504],[130.16876220703125,32.819594869239765]],[[130.35552978515625,32.72028788113862],[130.374755859375,32.75494243654724],[130.341796875,32.805744732906874]],[[130.4241943359375,33.01326987686983],[130.4241943359375,33.17434155100207],[130.33905029296875,33.213414392242655]],[[130.70159912109375,32.86574639547476],[130.66864013671875,32.798818855292]],[[131.0009765625,32.92109653816924],[130.8966064453125,32.88881315761995]],[[131.4019775390625,32.983324091837474],[131.48162841796875,33.03169299978312],[131.583251953125,33.038600678138195],[131.62994384765625,33.073130945006625]],[[131.3250732421875,32.704111144407406],[131.363525390625,32.676372772089834]],[[130.792236328125,32.75494243654724],[130.8197021484375,32.73184089686568],[130.86090087890625,32.7526325521317],[130.94879150390625,32.729530413484696],[130.989990234375,32.69024303549226]],[[131.6217041015625,32.57690621187389],[131.6656494140625,32.52134195160539],[131.5997314453125,32.43561304116277],[131.61895751953125,32.36372329228304],[131.484375,32.20815332547326],[131.5008544921875,32.16166284018013],[131.396484375,32.054644690549324],[131.3525390625,31.952162238024968],[131.3580322265625,31.80289258670676]],[[131.49810791015625,32.59541998703928],[131.55029296875,32.56764789050999],[131.64642333984375,32.58384932565663]],[[131.55029296875,33.37870592138782],[131.5557861328125,33.392466071900756]],[[131.4459228515625,33.35347332342168],[131.49261474609375,33.254766629316535],[131.572265625,33.224903086263964],[131.58599853515625,33.19732768648872],[131.70684814453125,33.192730941906916],[131.73431396484375,33.12145055836598],[131.83319091796875,33.09384260312052],[131.8634033203125,33.02939031998959],[131.86065673828125,32.90034428749644],[131.9073486328125,32.82882709408909],[131.8634033203125,32.7872745269555],[131.85516357421875,32.74108223150125],[131.77276611328125,32.68099643258195],[131.715087890625,32.67174887226338],[131.62445068359375,32.57690621187389]],[[131.451416015625,33.37870592138782],[131.5338134765625,33.37870592138782],[131.59698486328125,33.42685691828501],[131.71783447265625,33.44977658311845]],[[131.25091552734375,33.58030298537655],[131.231689453125,33.5207890535885],[131.1767578125,33.488726115350275]],[[131.1822509765625,33.447484889088855],[131.15478515625,33.422272258866045],[131.099853515625,33.42685691828501]],[[131.29486083984375,33.53910539867444],[131.319580078125,33.50017852824229]],[[131.2371826171875,33.532237223959086],[131.15478515625,33.56428403679499],[130.9625244140625,33.70149279558437],[130.946044921875,33.73347670599253],[130.968017578125,33.79512630103207],[130.89111328125,33.81338432911281]],[[131.1932373046875,33.97525348507591],[131.231689453125,33.96158628979907]],[[130.83892822265625,33.90005673964575],[130.91033935546875,33.8362013852728]],[[130.81146240234375,33.91145445426761],[130.8251953125,33.90233640448068]],[[130.97076416015625,33.9296876275766],[130.9295654296875,33.884097379274905],[130.76751708984375,33.84988869610126],[130.74554443359375,33.788278536259966]],[[131.14105224609375,34.30714385628805],[131.17401123046875,34.343436068482944]],[[131.45416259765625,34.079962308658736],[131.396484375,34.08451193447476],[131.3525390625,34.05493499798558]],[[131.396484375,34.12544756511612],[131.42669677734375,34.15045403191448]],[[131.45416259765625,34.13226824445654],[131.45416259765625,34.093610452768715],[131.51458740234375,34.050383783683415],[131.561279296875,34.073137411642094],[131.64093017578125,34.05493499798558],[131.77276611328125,34.091335914867344],[131.85516357421875,34.04355650412744],[131.9622802734375,34.02762404762424],[132.11334228515625,34.10498222546687],[132.11334228515625,34.134541681937364],[132.26165771484375,34.28218385709023],[132.30010986328125,34.35477416538757],[132.42645263671875,34.46807075516925],[132.5445556640625,34.44995361537076],[132.68463134765625,34.46807075516925],[132.9180908203125,34.420504880133834],[133.01422119140625,34.47259942583135],[133.231201171875,34.459012676670085],[133.34381103515625,34.513346401475786],[133.41522216796875,34.513346401475786],[133.46466064453125,34.54049998801135],[133.5443115234375,34.53144977621484],[133.66241455078125,34.56764471968292],[133.74481201171875,34.62190760563037],[133.79974365234375,34.62868797377061],[133.8189697265625,34.67839374011646],[134.066162109375,34.768691457552706],[134.18975830078125,34.79801697349404],[134.373779296875,34.773203753940734],[134.5330810546875,34.85212898939811],[134.61822509765625,34.867904962568716]],[[131.32232666015625,34.17318076114496],[131.3525390625,34.21180215769026],[131.3525390625,34.268566186749894]],[[132.77801513671875,33.80197351806589],[132.71759033203125,33.81794822741499]],[[132.56103515625,34.252676117101515],[132.49786376953125,34.31168124115257],[132.5006103515625,34.402377424241365],[132.54180908203125,34.44768869649744]],[[132.97027587890625,34.05493499798558],[132.97576904296875,34.11180455556898],[133.06640625,34.15045403191448],[133.08013916015625,34.204987902440564],[133.04718017578125,34.22088697429015],[133.0499267578125,34.25494631082515],[133.143310546875,34.29126107845569],[133.22021484375,34.42730166315869]],[[133.04718017578125,33.99119576995599],[133.08837890625,33.884097379274905]],[[133.12957763671875,33.142150831105354],[133.14605712890625,33.18123802491263]],[[133.15704345703125,33.23179557851465],[133.1982421875,33.323643547941046],[133.3355712890625,33.461234144932305],[133.4454345703125,33.51620936110906],[133.472900390625,33.568861182555565],[133.604736328125,33.596318961132695],[133.670654296875,33.63977590432367],[133.6871337890625,33.69920777465873],[133.648681640625,33.758598560812004],[133.66241455078125,33.82479361826489],[133.61846923828125,33.99802726234877]],[[132.87689208984375,33.696922692957685],[132.82196044921875,33.706062655101206],[132.8192138671875,33.72433966174761]],[[132.40447998046875,33.4818539405436],[132.46490478515625,33.470399104258505]],[[132.51434326171875,33.112248870481594],[132.54730224609375,33.158247668082396],[132.5445556640625,33.213414392242655],[132.59124755859375,33.277731642555224],[132.5225830078125,33.367237465838315],[132.55279541015625,33.454359789517014],[132.53631591796875,33.48643545099988],[132.5775146484375,33.50933936780059],[132.5775146484375,33.53452667616054],[132.65716552734375,33.5459730276919],[132.69287109375,33.73119253613477],[132.77801513671875,33.79512630103207],[132.923583984375,33.790561185373804],[133.00323486328125,33.85445064580388],[133.08837890625,33.884097379274905],[133.19000244140625,33.884097379274905],[133.209228515625,33.906895551288656],[133.58551025390625,33.98208625901938],[133.5992431640625,34.02990029603906],[133.73382568359375,34.168635904722734],[133.7310791015625,34.22315802537976],[133.84368896484375,34.28218385709023],[133.95355224609375,34.27083595165],[134.022216796875,34.31168124115257],[134.19525146484375,34.309412579370544],[134.28314208984375,34.275375297643876],[134.31060791015625,34.23905366851639],[134.384765625,34.22997081127308],[134.461669921875,34.152726980118175],[134.59625244140625,34.17999758688083],[134.7528076171875,34.31394984163214],[134.84893798828125,34.345703810529386],[134.879150390625,34.45448326886293],[134.87091064453125,34.511083202999714],[134.9725341796875,34.53597500508991],[135.0494384765625,34.649025753526985]],[[132.747802734375,32.948758637154214],[132.9400634765625,32.978716146003336]],[[133.780517578125,33.5207890535885],[133.7200927734375,33.55512901742287],[133.626708984375,33.559706648411975],[133.58551025390625,33.53910539867444],[133.56353759765625,33.58487928182987]],[[134.05792236328125,33.45894275368764],[134.02496337890625,33.431441335575286]],[[133.5992431640625,34.000304304410236],[134.1925048828125,34.07768740409027],[134.4232177734375,34.14363482031264],[134.5880126953125,34.10043369975709],[134.560546875,34.16636338473789]],[[134.58526611328125,34.04810808490984],[134.59625244140625,34.10043369975709]],[[134.53582763671875,33.744896643156224],[134.593505859375,33.79740876757249]],[[134.5989990234375,33.95247360616284],[134.6099853515625,33.93424531117313]],[[134.49188232421875,34.83184114982865],[134.4561767578125,34.939985151560435],[134.51385498046875,35.01425155045956]],[[134.6044921875,34.847621012767874],[134.62646484375,34.879171662167664],[134.68414306640625,34.87691844577209],[134.73358154296875,34.85212898939811],[134.84344482421875,34.85212898939811],[134.93408203125,34.80929324176266],[135.0054931640625,34.8205679672827],[135.06317138671875,34.79801697349404],[135.17578125,34.82733206198159]],[[134.93408203125,34.80929324176266],[134.857177734375,34.76417891445513]],[[134.94781494140625,34.822822727237025],[134.93682861328125,34.80929324176266]],[[134.76654052734375,34.94899072578227],[134.97802734375,34.93097858831628],[135.098876953125,34.88593094075317],[135.17578125,34.883677909659994]],[[134.7637939453125,34.946739424953876],[134.53582763671875,35.00075357864239],[134.461669921875,35.04798673426734],[134.34356689453125,35.0075028429529],[134.2144775390625,35.016500995886005],[134.01123046875,35.07946034047981],[133.81072998046875,35.0547320999507],[133.6431884765625,34.964748100493125],[133.57177734375,35.036743220175296],[133.46466064453125,34.99400375757577],[133.41796875,35.01875037943829],[133.330078125,34.960246302573466],[133.32733154296875,34.92872679298385],[133.27789306640625,34.88593094075317],[133.20098876953125,34.89494244739733],[133.17352294921875,34.872411827691025],[133.11859130859375,34.874665167612605],[133.06915283203125,34.82507742547058],[133.00872802734375,34.84536693184101],[132.725830078125,34.75289647745204],[132.67913818359375,34.71678232049371],[132.56927490234375,34.69194468425019],[132.4566650390625,34.574429518652735],[132.27813720703125,34.57895241036948],[132.05291748046875,34.40917568058836],[132.0281982421875,34.41144164327244],[132.00897216796875,34.37517887533528],[131.92108154296875,34.345703810529386],[131.8743896484375,34.359308974793564],[131.85516357421875,34.34116826510751],[131.868896484375,34.295799321434274],[131.8524169921875,34.25040586212499],[131.81671142578125,34.24813554589751],[131.77276611328125,34.19590137180653],[131.6766357421875,34.20725938207231],[131.605224609375,34.17772537282447],[131.5557861328125,34.20725938207231],[131.52008056640625,34.15045403191448],[131.41845703125,34.12317388304314],[131.28387451171875,34.18226973974575],[131.24267578125,34.17090836352574],[131.209716796875,34.118626335469514],[131.11083984375,34.11635246997275],[131.08062744140625,34.091335914867344]],[[134.84344482421875,35.31288398967159],[134.78302001953125,35.23664622093196],[134.79400634765625,35.180543276002666],[134.7418212890625,34.80703811152161]],[[134.3353271484375,35.205233347514536],[134.329833984375,35.10418108827649],[134.3902587890625,35.02549815883259]],[[134.1375732421875,35.03449433167977],[134.11834716796875,34.98725337980076]],[[133.68438720703125,34.98050244536519],[133.65966796875,34.83184114982865],[133.692626953125,34.800272350556824],[133.68988037109375,34.75515308818932],[133.758544921875,34.694202959295495],[133.81622314453125,34.67839374011646]],[[133.7969970703125,34.62190760563037],[133.80523681640625,34.51560953848204],[133.780517578125,34.47259942583135],[133.8079833984375,34.44768869649744],[133.8519287109375,34.28445325435288]],[[134.05242919921875,34.7664352168417],[134.0716552734375,34.847621012767874],[134.05792236328125,34.88142481679756]],[[133.64593505859375,34.542762387234845],[133.61846923828125,34.52466147177172]],[[133.505859375,34.474863669009],[133.52508544921875,34.481656029905835]],[[133.19000244140625,34.465806327688526],[133.143310546875,34.54954921593402],[133.08013916015625,34.5947805932873],[133.0609130859375,34.67839374011646],[132.945556640625,34.75289647745204],[132.90985107421875,34.80252766591687],[132.91534423828125,34.847621012767874],[132.86590576171875,34.964748100493125],[132.90435791015625,35.06822115985925],[132.82745361328125,35.169318036011305],[132.890625,35.2702893760944],[132.8851318359375,35.38457160381763]],[[133.12408447265625,34.38424604015218],[133.25592041015625,34.46127728843706]],[[132.90435791015625,34.44089357139117],[132.945556640625,34.46127728843706],[132.945556640625,34.49976628863743]],[[132.8082275390625,34.43183254485125],[132.7862548828125,34.3887792543902],[132.64892578125,34.338900400404995],[132.60772705078125,34.23905366851639]],[[132.54730224609375,34.370644924786575],[132.60223388671875,34.41823916300348],[132.681884765625,34.44089357139117]],[[132.49786376953125,34.357041600760724],[132.4127197265625,34.37517887533528]],[[132.4127197265625,34.43409789359468],[132.440185546875,34.402377424241365]],[[132.32208251953125,34.35477416538757],[132.34954833984375,34.38197934098774],[132.43743896484375,34.3887792543902]],[[132.29736328125,34.338900400404995],[132.3138427734375,34.345703810529386]],[[132.4566650390625,34.574429518652735],[132.38800048828125,34.47712785074853],[132.40447998046875,34.45221847282653]],[[132.5225830078125,34.662581502314964],[132.49786376953125,34.75740963726007],[132.39349365234375,34.83860431863499],[132.110595703125,34.91071020549454],[131.93756103515625,34.768691457552706],[131.8853759765625,34.75289647745204],[131.86614990234375,34.712266941280404]],[[132.70660400390625,34.633207911379586],[132.69012451171875,34.655803905058974]],[[132.330322265625,35.07046911981966],[132.45941162109375,35.200744801724014],[132.93731689453125,35.40919952365698],[133.0938720703125,35.449483527031475],[133.14605712890625,35.418153265695125],[133.21746826171875,35.427106012801374],[133.3135986328125,35.40248356426936],[133.4124755859375,35.427106012801374],[133.51959228515625,35.50987173838399],[133.64044189453125,35.50987173838399],[133.681640625,35.48527461007852],[133.72283935546875,35.50092819950359]],[[133.0938720703125,35.449483527031475],[133.08563232421875,35.48974737539362]],[[133.29437255859375,35.160336728130346],[133.330078125,35.182788138002294]],[[133.4014892578125,35.42262976362149],[133.450927734375,35.36889537510474],[133.44818115234375,35.32633026307484],[133.49212646484375,35.288226682029574],[133.63494873046875,35.2702893760944],[133.66790771484375,35.20972164522138],[133.75030517578125,35.1625821480843],[133.80523681640625,35.05248370662467]],[[133.8079833984375,35.483038134069574],[133.780517578125,35.39352808136067]],[[133.87115478515625,35.496456056584165],[133.97003173828125,35.51881428123059],[134.19525146484375,35.49198366469642],[134.20623779296875,35.380092992092145],[134.18426513671875,35.31064272673245],[134.3243408203125,35.21869749632886]],[[134.25567626953125,35.53893136033349],[134.39300537109375,35.610417892730524]],[[134.47265625,35.612650818756705],[134.54681396484375,35.64167318460059],[134.68414306640625,35.62381451392673]],[[135.17578125,35.47409160773029],[135.17578125,35.49869215916574]],[[135.17578125,35.523285179107816],[135.120849609375,35.572448615622804]],[[135.17578125,35.21869749632886],[135.11810302734375,35.16482750605027],[135.16204833984375,35.133386854253075],[135.17578125,35.07046911981966]],[[135.11810302734375,35.16482750605027],[135.04669189453125,35.160336728130346],[135.03570556640625,35.220941304031825],[134.97528076171875,35.29046856590878],[134.8516845703125,35.31064272673245],[134.76104736328125,35.357696204467516],[134.7418212890625,35.40919952365698],[134.80499267578125,35.51881428123059]],[[135.15106201171875,34.89494244739733],[135.1593017578125,34.93773360346579],[135.1318359375,34.960246302573466],[135.17578125,35.01875037943829]],[[135.17578125,34.76192255039477],[135.07415771484375,34.694202959295495]],[[135.076904296875,34.80703811152161],[135.0933837890625,34.71452466170392],[135.07415771484375,34.69646117272349]],[[135.0164794921875,34.67839374011646],[135.0714111328125,34.7009774147201],[135.05218505859375,34.649025753526985]],[[135.0274658203125,34.68291096793206],[135.06591796875,34.66935854524543]],[[135.15106201171875,34.658063165732955],[135.10711669921875,34.67839374011646],[135.10162353515625,34.70549341022547]],[[135.17303466796875,34.66935854524543],[135.13458251953125,34.64676624651911],[135.0494384765625,34.649025753526985],[134.901123046875,34.71678232049371],[134.8297119140625,34.78448341546134],[134.71435546875,34.79801697349404],[134.58251953125,34.847621012767874]],[[135.17578125,34.32529192442733],[135.15106201171875,34.29353023058857],[135.17578125,34.25948651450622]],[[131.42120361328125,31.872892847840674],[131.3580322265625,31.84956532831343]],[[131.209716796875,31.80289258670676],[131.22344970703125,31.823898240526958],[131.297607421875,31.81923073032661],[131.3580322265625,31.84723225173113]],[[131.08062744140625,31.80289258670676],[131.01470947265625,31.93351676190369],[130.8746337890625,32.02670629333615],[130.80322265625,32.031363284937555]],[[130.7098388671875,31.80289258670676],[130.68511962890625,31.865895211796342],[130.75653076171875,32.01273389791075],[130.7977294921875,32.02903481873585],[130.80322265625,32.13840869677249],[130.74554443359375,32.298741441902436],[130.75927734375,32.324275588876546],[130.726318359375,32.345161809561944],[130.6988525390625,32.43561304116277],[130.65216064453125,32.45879106783458],[130.64666748046875,32.512077898411434],[130.71533203125,32.58153501413733],[130.71258544921875,32.66712473312033],[130.7867431640625,32.74339241542704],[130.79498291015625,32.80805323886753],[130.70159912109375,32.93031819907053],[130.58349609375,33.00405687168934],[130.50933837890625,33.142150831105354],[130.55877685546875,33.31675830290706],[130.53680419921875,33.34659043589842],[130.53131103515625,33.461234144932305],[130.49560546875,33.51391942394942],[130.484619140625,33.706062655101206],[130.53131103515625,33.749464192325775],[130.6329345703125,33.744896643156224],[130.7757568359375,33.79969117325108],[130.87188720703125,33.80197351806589],[130.92681884765625,33.83848275599513],[130.9954833984375,33.9296876275766],[130.94879150390625,33.96614226559744],[130.9625244140625,34.03445260967645],[131.04766845703125,34.093610452768715],[131.08062744140625,34.091335914867344],[131.11083984375,34.02990029603906],[131.28662109375,33.99119576995599],[131.319580078125,33.995750159251244],[131.39373779296875,34.12544756511612]],[[130.6219482421875,31.889218598760962],[130.5780029296875,31.919530172476954],[130.48736572265625,31.921861418447264]],[[130.28411865234375,31.80289258670676],[130.25390625,31.84723225173113]]]},"properties":{"kind":"highway","kind_detail":"motorway","source":"Protomaps / OpenStreetMap","source_zoom":5},"id":35184382135610},{"type":"Feature","geometry":{"type":"MultiLineString","coordinates":[[[127.672119140625,26.221983043453278],[127.65289306640625,26.212126912880876]],[[127.72705078125,26.27371402440643],[127.70782470703125,26.27125116671496]],[[127.67486572265625,26.175158990178133],[127.738037109375,26.18748293472086],[127.74078369140625,26.239229262573588],[127.78472900390625,26.27863958300398],[127.78472900390625,26.335268473041793],[127.8204345703125,26.377106813670053],[127.81494140625,26.431228064506442],[127.98248291015625,26.495156792444035],[127.95501708984375,26.541851470138752]],[[127.99896240234375,26.608174374033112],[127.9742431640625,26.556593211456345]],[[130.2264404296875,32.02903481873585],[130.24017333984375,32.06861069132688],[130.32257080078125,32.10118973232095]],[[130.53680419921875,31.58087527398547],[130.38299560546875,31.61830484385284],[130.33355712890625,31.658057274089913],[130.28961181640625,31.70713974681462],[130.3033447265625,31.76320220989608],[130.25390625,31.84723225173113]],[[130.44342041015625,31.442723849469118],[130.41046142578125,31.41460027631321],[130.418701171875,31.363018491291186]],[[130.6219482421875,31.889218598760962],[130.5780029296875,31.919530172476954],[130.48736572265625,31.921861418447264]],[[130.80322265625,32.031363284937555],[130.8746337890625,32.02670629333615],[131.01470947265625,31.93351676190369],[131.09710693359375,31.78421688448738],[131.19873046875,31.786551553613975],[131.22344970703125,31.823898240526958],[131.297607421875,31.81923073032661],[131.3580322265625,31.84723225173113]],[[130.7977294921875,32.10118973232095],[130.7977294921875,32.02903481873585],[130.75653076171875,32.01273389791075],[130.68511962890625,31.865895211796342],[130.71807861328125,31.77954736938733],[130.67138671875,31.74685416292141]],[[131.1053466796875,31.77954736938733],[131.02294921875,31.728167146023935],[131.055908203125,31.665070644571784],[131.04217529296875,31.536408129439607],[131.08612060546875,31.505971031689413],[131.08062744140625,31.477866449675858],[130.989990234375,31.442723849469118],[130.89111328125,31.447410291428724],[130.88836669921875,31.398190963675987]],[[131.42120361328125,31.872892847840674],[131.3580322265625,31.84956532831343]],[[131.44317626953125,32.10118973232095],[131.39923095703125,32.05930026106165],[131.3525390625,31.952162238024968],[131.38824462890625,31.62298248226682]],[[130.902099609375,31.44975342450799],[130.968017578125,31.604270517991196],[130.93231201171875,31.63935236489621],[130.93780517578125,31.697792705312864],[130.82244873046875,31.74685416292141],[130.79498291015625,31.74218276211799],[130.7867431640625,31.70713974681462],[130.65216064453125,31.751525328078912],[130.5615234375,31.723494802828597],[130.5670166015625,31.674420981619946],[130.5010986328125,31.569175449070897]]]},"properties":{"kind":"highway","kind_detail":"motorway","source":"Protomaps / OpenStreetMap","source_zoom":5},"id":35184395454030}]}
